store_id,month,year,is_holiday,temperature,fuel_price,cpi,unemployment,fed_funds,ics,weekly_sales
1,2,2010,0,42.31,2.572,211.0963582,8.106,0.13,73.6,1643690.9
10,2,2010,0,54.34,2.962,126.4420645,9.765,0.13,73.6,2193048.75
37,2,2010,0,45.97,2.572,209.8529663,8.554,0.13,73.6,536006.73
17,2,2010,0,23.11,2.666,126.4420645,6.548,0.13,73.6,789036.02
30,2,2010,0,39.05,2.572,210.7526053,8.324,0.13,73.6,465108.52
25,2,2010,0,21.1,2.784,204.2471935,8.187,0.13,73.6,677231.63
22,2,2010,0,24.36,2.788,135.3524608,8.283,0.13,73.6,1033017.37
23,2,2010,0,15.25,2.788,131.5279032,5.892,0.13,73.6,1364721.58
24,2,2010,0,22.43,2.954,131.5279032,8.326,0.13,73.6,1388725.63
19,2,2010,0,20.96,2.954,131.5279032,8.35,0.13,73.6,1507637.17
21,2,2010,0,39.05,2.572,210.7526053,8.324,0.13,73.6,798593.88
26,2,2010,0,9.55,2.788,131.5279032,8.488,0.13,73.6,1034119.21
39,2,2010,0,44.3,2.572,209.8529663,8.554,0.13,73.6,1230596.8
8,2,2010,0,34.14,2.572,214.4714512,6.299,0.13,73.6,1004137.09
32,2,2010,0,34.43,2.58,189.3816974,9.014,0.13,73.6,1087616.19
15,2,2010,0,19.83,2.954,131.5279032,8.35,0.13,73.6,652122.44
34,2,2010,0,35.44,2.598,126.4420645,9.521,0.13,73.6,956228.96
13,2,2010,0,31.53,2.666,126.4420645,8.316,0.13,73.6,1967220.53
38,2,2010,0,49.47,2.962,126.4420645,13.975,0.13,73.6,358496.14
9,2,2010,0,38.01,2.572,214.6554591,6.415,0.13,73.6,549505.55
2,2,2010,0,40.19,2.572,210.7526053,8.324,0.13,73.6,2136989.46
45,2,2010,0,27.31,2.784,181.8711898,8.992,0.13,73.6,890689.51
20,2,2010,0,25.92,2.784,204.2471935,8.187,0.13,73.6,2401395.47
27,2,2010,0,27.19,2.954,135.3524608,8.237,0.13,73.6,1874289.79
41,2,2010,0,30.27,2.58,189.3816974,7.541,0.13,73.6,1086533.18
4,2,2010,0,43.76,2.598,126.4420645,8.623,0.13,73.6,2135143.87
31,2,2010,0,39.05,2.572,210.7526053,8.324,0.13,73.6,1469252.05
16,2,2010,0,19.79,2.58,189.3816974,7.039,0.13,73.6,477409.3
11,2,2010,0,46.04,2.572,214.4248812,7.368,0.13,73.6,1528008.64
36,2,2010,0,45.97,2.545,209.8529663,8.554,0.13,73.6,467546.74
42,2,2010,0,54.34,2.962,126.4420645,9.765,0.13,73.6,543384.01
5,2,2010,0,39.7,2.572,211.6539716,6.566,0.13,73.6,317173.1
43,2,2010,0,47.31,2.572,203.0642742,9.521,0.13,73.6,647029.28
35,2,2010,0,27.19,2.784,135.3524608,9.262,0.13,73.6,1230613.5
28,2,2010,0,49.47,2.962,126.4420645,13.975,0.13,73.6,1672352.29
6,2,2010,0,40.43,2.572,212.6223518,7.259,0.13,73.6,1652635.1
33,2,2010,0,58.4,2.962,126.4420645,10.115,0.13,73.6,274593.43
44,2,2010,0,31.53,2.666,126.4420645,8.119,0.13,73.6,281090.95
18,2,2010,0,21.33,2.788,131.5279032,9.202,0.13,73.6,1205307.5
3,2,2010,0,45.71,2.572,214.4248812,7.368,0.13,73.6,461622.22
12,2,2010,0,49.47,2.962,126.4420645,13.975,0.13,73.6,1100046.37
29,2,2010,0,24.36,2.788,131.5279032,10.064,0.13,73.6,538634.46
40,2,2010,0,14.48,2.788,131.5279032,5.892,0.13,73.6,1001943.8
7,2,2010,0,10.53,2.58,189.3816974,9.014,0.13,73.6,496725.44
14,2,2010,0,27.31,2.784,181.8711898,8.992,0.13,73.6,2623469.95
8,2,2010,1,33.34,2.548,214.6214189,6.299,0.13,73.6,994801.4
15,2,2010,1,22.0,2.94,131.5866129,8.35,0.13,73.6,682447.1
43,2,2010,1,47.99,2.548,203.2010968,9.521,0.13,73.6,682918.99
5,2,2010,1,39.81,2.548,211.8004698,6.566,0.13,73.6,311825.7
39,2,2010,1,44.58,2.548,209.9970208,8.554,0.13,73.6,1266229.07
26,2,2010,1,18.14,2.771,131.5866129,8.488,0.13,73.6,1015684.09
34,2,2010,1,36.13,2.573,126.4962581,9.521,0.13,73.6,994610.99
33,2,2010,1,55.47,2.828,126.4962581,10.115,0.13,73.6,294882.83
7,2,2010,1,25.9,2.572,189.4642725,9.014,0.13,73.6,524104.92
13,2,2010,1,33.16,2.671,126.4962581,8.316,0.13,73.6,2030933.46
40,2,2010,1,20.84,2.771,131.5866129,5.892,0.13,73.6,955338.29
12,2,2010,1,47.87,2.946,126.4962581,13.975,0.13,73.6,1117863.33
19,2,2010,1,23.22,2.94,131.5866129,8.35,0.13,73.6,1536549.95
38,2,2010,1,47.87,2.946,126.4962581,13.975,0.13,73.6,342214.9
1,2,2010,1,38.51,2.548,211.2421698,8.106,0.13,73.6,1641957.44
9,2,2010,1,37.08,2.548,214.8056534,6.415,0.13,73.6,552677.48
2,2,2010,1,38.49,2.548,210.8979935,8.324,0.13,73.6,2137809.5
45,2,2010,1,27.73,2.773,181.982317,8.992,0.13,73.6,656988.64
20,2,2010,1,22.12,2.773,204.3857472,8.187,0.13,73.6,2109107.9
27,2,2010,1,29.81,2.94,135.4113076,8.237,0.13,73.6,1745362.72
4,2,2010,1,28.84,2.573,126.4962581,8.623,0.13,73.6,2188307.39
29,2,2010,1,28.14,2.771,131.5866129,10.064,0.13,73.6,529672.95
31,2,2010,1,37.77,2.548,210.8979935,8.324,0.13,73.6,1543947.23
18,2,2010,1,26.41,2.771,131.5866129,9.202,0.13,73.6,1187880.7
16,2,2010,1,20.87,2.572,189.4642725,7.039,0.13,73.6,472044.28
11,2,2010,1,48.01,2.548,214.5747916,7.368,0.13,73.6,1574684.08
36,2,2010,1,46.11,2.539,209.9970208,8.554,0.13,73.6,469563.7
42,2,2010,1,49.96,2.828,126.4962581,9.765,0.13,73.6,575709.96
14,2,2010,1,27.73,2.773,181.982317,8.992,0.13,73.6,1704218.84
21,2,2010,1,37.77,2.548,210.8979935,8.324,0.13,73.6,809321.44
32,2,2010,1,28.09,2.572,189.4642725,9.014,0.13,73.6,1123566.12
37,2,2010,1,46.11,2.548,209.9970208,8.554,0.13,73.6,529852.7
41,2,2010,1,23.04,2.572,189.4642725,7.541,0.13,73.6,1075656.34
25,2,2010,1,19.64,2.773,204.3857472,8.187,0.13,73.6,583364.02
17,2,2010,1,18.36,2.671,126.4962581,6.548,0.13,73.6,841951.91
22,2,2010,1,28.14,2.771,135.4113076,8.283,0.13,73.6,1022571.25
28,2,2010,1,47.87,2.946,126.4962581,13.975,0.13,73.6,1558968.49
6,2,2010,1,40.57,2.548,212.7700425,7.259,0.13,73.6,1606283.86
3,2,2010,1,47.93,2.548,214.5747916,7.368,0.13,73.6,420728.96
23,2,2010,1,18.75,2.771,131.5866129,5.892,0.13,73.6,1380892.08
10,2,2010,1,49.96,2.828,126.4962581,9.765,0.13,73.6,2176028.52
30,2,2010,1,37.77,2.548,210.8979935,8.324,0.13,73.6,497374.57
24,2,2010,1,25.94,2.94,131.5866129,8.326,0.13,73.6,1414107.1
44,2,2010,1,33.16,2.671,126.4962581,8.119,0.13,73.6,286857.13
35,2,2010,1,29.81,2.773,135.4113076,9.262,0.13,73.6,1168815.31
45,2,2010,0,31.27,2.745,182.0347816,8.992,0.13,73.6,841264.04
29,2,2010,0,31.96,2.747,131.637,10.064,0.13,73.6,542399.07
41,2,2010,0,24.13,2.55,189.5340998,7.541,0.13,73.6,1052034.74
27,2,2010,0,32.44,2.909,135.4657781,8.237,0.13,73.6,1945070.33
42,2,2010,0,58.22,2.915,126.5262857,9.765,0.13,73.6,508794.87
21,2,2010,0,39.75,2.514,210.9451605,8.324,0.13,73.6,867283.25
36,2,2010,0,45.66,2.472,210.0451024,8.554,0.13,73.6,470281.03
17,2,2010,0,25.06,2.654,126.5262857,6.548,0.13,73.6,800714.0
18,2,2010,0,30.91,2.747,131.637,9.202,0.13,73.6,1150663.42
10,2,2010,0,58.22,2.915,126.5262857,9.765,0.13,73.6,2113432.58
16,2,2010,0,21.13,2.55,189.5340998,7.039,0.13,73.6,469868.7
44,2,2010,0,35.7,2.654,126.5262857,8.119,0.13,73.6,267956.3
37,2,2010,0,45.66,2.514,210.0451024,8.554,0.13,73.6,510382.5
4,2,2010,0,36.45,2.54,126.5262857,8.623,0.13,73.6,2049860.26
31,2,2010,0,39.75,2.514,210.9451605,8.324,0.13,73.6,1473386.75
11,2,2010,0,48.3,2.514,214.6198868,7.368,0.13,73.6,1503298.7
12,2,2010,0,54.83,2.915,126.5262857,13.975,0.13,73.6,1095421.65
14,2,2010,0,31.27,2.745,182.0347816,8.992,0.13,73.6,2204556.7
38,2,2010,0,54.83,2.915,126.5262857,13.975,0.13,73.6,327237.92
25,2,2010,0,24.16,2.745,204.4321004,8.187,0.13,73.6,676260.67
43,2,2010,0,48.77,2.514,203.2479796,9.521,0.13,73.6,658997.55
7,2,2010,0,27.28,2.55,189.5340998,9.014,0.13,73.6,506760.54
24,2,2010,0,31.05,2.909,131.637,8.326,0.13,73.6,1385362.49
19,2,2010,0,28.57,2.909,131.637,8.35,0.13,73.6,1515976.11
26,2,2010,0,22.62,2.747,131.637,8.488,0.13,73.6,999348.55
35,2,2010,0,32.44,2.745,135.4657781,9.262,0.13,73.6,1270658.64
1,2,2010,0,39.93,2.514,211.2891429,8.106,0.13,73.6,1611968.17
39,2,2010,0,43.96,2.514,210.0451024,8.554,0.13,73.6,1230591.97
23,2,2010,0,26.7,2.747,131.637,5.892,0.13,73.6,1319588.04
3,2,2010,0,47.07,2.514,214.6198868,7.368,0.13,73.6,421642.19
9,2,2010,0,43.06,2.514,214.8506185,6.415,0.13,73.6,511327.9
8,2,2010,0,39.1,2.514,214.6664878,6.299,0.13,73.6,963960.37
30,2,2010,0,39.75,2.514,210.9451605,8.324,0.13,73.6,463513.26
32,2,2010,0,29.16,2.55,189.5340998,9.014,0.13,73.6,1082559.06
33,2,2010,0,62.16,2.915,126.5262857,10.115,0.13,73.6,296850.83
28,2,2010,0,54.83,2.915,126.5262857,13.975,0.13,73.6,1491300.42
15,2,2010,0,27.54,2.909,131.637,8.35,0.13,73.6,660838.75
5,2,2010,0,41.14,2.514,211.8471283,6.566,0.13,73.6,303447.57
22,2,2010,0,31.96,2.747,135.4657781,8.283,0.13,73.6,988467.61
2,2,2010,0,39.69,2.514,210.9451605,8.324,0.13,73.6,2124451.54
34,2,2010,0,38.36,2.54,126.5262857,9.521,0.13,73.6,983963.07
6,2,2010,0,43.58,2.514,212.8161546,7.259,0.13,73.6,1567138.07
13,2,2010,0,35.7,2.654,126.5262857,8.316,0.13,73.6,1970274.64
40,2,2010,0,27.84,2.747,131.637,5.892,0.13,73.6,916289.2
20,2,2010,0,25.43,2.745,204.4321004,8.187,0.13,73.6,2161549.76
44,2,2010,0,29.98,2.667,126.5522857,8.119,0.13,73.6,273079.07
3,2,2010,0,52.05,2.561,214.6475127,7.368,0.13,73.6,407204.86
9,2,2010,0,43.83,2.561,214.8780453,6.415,0.13,73.6,473773.27
36,2,2010,0,50.87,2.52,210.0771885,8.554,0.13,73.6,447519.44
14,2,2010,0,34.89,2.754,182.0774691,8.992,0.13,73.6,2095591.63
10,2,2010,0,52.77,2.825,126.5522857,9.765,0.13,73.6,2006774.96
11,2,2010,0,52.79,2.561,214.6475127,7.368,0.13,73.6,1336404.65
37,2,2010,0,50.87,2.561,210.0771885,8.554,0.13,73.6,513615.82
25,2,2010,0,29.16,2.754,204.4630869,8.187,0.13,73.6,628516.57
43,2,2010,0,48.77,2.561,203.2798724,9.521,0.13,73.6,618702.79
15,2,2010,0,29.87,2.91,131.686,8.35,0.13,73.6,564883.2
22,2,2010,0,35.98,2.753,135.5195191,8.283,0.13,73.6,899761.48
21,2,2010,0,45.31,2.561,210.9759573,8.324,0.13,73.6,749597.24
32,2,2010,0,26.64,2.586,189.6018023,9.014,0.13,73.6,1053247.1
26,2,2010,0,27.32,2.753,131.686,8.488,0.13,73.6,855385.01
33,2,2010,0,56.5,2.825,126.5522857,10.115,0.13,73.6,284052.77
4,2,2010,0,41.36,2.59,126.5522857,8.623,0.13,73.6,1925728.84
38,2,2010,0,50.23,2.825,126.5522857,13.975,0.13,73.6,334222.73
31,2,2010,0,45.31,2.561,210.9759573,8.324,0.13,73.6,1344354.41
40,2,2010,0,33.32,2.753,131.686,5.892,0.13,73.6,863917.41
13,2,2010,0,29.98,2.667,126.5522857,8.316,0.13,73.6,1817850.32
34,2,2010,0,37.28,2.59,126.5522857,9.521,0.13,73.6,905756.13
5,2,2010,0,46.7,2.561,211.8771468,6.566,0.13,73.6,270281.63
8,2,2010,0,37.91,2.561,214.6940735,6.299,0.13,73.6,847592.11
39,2,2010,0,49.79,2.561,210.0771885,8.554,0.13,73.6,1168582.02
6,2,2010,0,47.1,2.561,212.845337,7.259,0.13,73.6,1432953.21
19,2,2010,0,30.33,2.91,131.686,8.35,0.13,73.6,1373270.06
24,2,2010,0,33.98,2.91,131.686,8.326,0.13,73.6,1158722.74
23,2,2010,0,32.68,2.753,131.686,5.892,0.13,73.6,1198709.65
28,2,2010,0,50.23,2.825,126.5522857,13.975,0.13,73.6,1542173.33
12,2,2010,0,50.23,2.825,126.5522857,13.975,0.13,73.6,1048617.17
35,2,2010,0,36.0,2.754,135.5195191,9.262,0.13,73.6,1020651.74
30,2,2010,0,45.31,2.561,210.9759573,8.324,0.13,73.6,472330.71
17,2,2010,0,15.64,2.667,126.5522857,6.548,0.13,73.6,749549.55
7,2,2010,0,24.91,2.586,189.6018023,9.014,0.13,73.6,496083.24
42,2,2010,0,52.77,2.825,126.5522857,9.765,0.13,73.6,491510.58
16,2,2010,0,18.12,2.586,189.6018023,7.039,0.13,73.6,443242.17
41,2,2010,0,21.84,2.586,189.6018023,7.541,0.13,73.6,991941.73
20,2,2010,0,32.32,2.754,204.4630869,8.187,0.13,73.6,1898193.95
1,2,2010,0,46.63,2.561,211.3196429,8.106,0.13,73.6,1409727.59
27,2,2010,0,36.0,2.91,135.5195191,8.237,0.13,73.6,1390934.27
18,2,2010,0,35.42,2.753,131.686,9.202,0.13,73.6,1068157.45
29,2,2010,0,35.98,2.753,131.686,10.064,0.13,73.6,488417.61
45,2,2010,0,34.89,2.754,182.0774691,8.992,0.13,73.6,741891.65
2,2,2010,0,46.1,2.561,210.9759573,8.324,0.13,73.6,1865097.27
14,3,2010,0,37.13,2.777,182.1201566,8.992,0.16,73.6,2237544.75
24,3,2010,0,36.73,2.919,131.735,8.326,0.16,73.6,1412387.37
1,3,2010,0,46.5,2.625,211.3501429,8.106,0.16,73.6,1554806.68
9,3,2010,0,48.43,2.625,214.9054721,6.415,0.16,73.6,507297.88
22,3,2010,0,36.82,2.766,135.5732602,8.283,0.16,73.6,1009201.24
23,3,2010,0,33.15,2.766,131.735,5.892,0.16,73.6,1311175.93
28,3,2010,0,53.77,2.987,126.5782857,13.975,0.16,73.6,1608435.45
2,3,2010,0,47.17,2.625,211.0067542,8.324,0.16,73.6,1991013.13
31,3,2010,0,48.61,2.625,211.0067542,8.324,0.16,73.6,1384870.51
38,3,2010,0,53.77,2.987,126.5782857,13.975,0.16,73.6,372239.89
20,3,2010,0,31.75,2.777,204.4940734,8.187,0.16,73.6,2119213.72
25,3,2010,0,29.45,2.777,204.4940734,8.187,0.16,73.6,665750.06
21,3,2010,0,48.61,2.625,211.0067542,8.324,0.16,73.6,747444.32
35,3,2010,0,38.07,2.777,135.5732602,9.262,0.16,73.6,1162610.27
3,3,2010,0,53.04,2.625,214.6751386,7.368,0.16,73.6,415202.04
37,3,2010,0,51.33,2.625,210.1092746,8.554,0.16,73.6,519255.68
17,3,2010,0,31.58,2.681,126.5782857,6.548,0.16,73.6,783300.05
7,3,2010,0,35.86,2.62,189.6695049,9.014,0.16,73.6,491419.55
10,3,2010,0,55.92,2.877,126.5782857,9.765,0.16,73.6,1987090.09
30,3,2010,0,48.61,2.625,211.0067542,8.324,0.16,73.6,472591.07
12,3,2010,0,53.77,2.987,126.5782857,13.975,0.16,73.6,1077018.27
4,3,2010,0,43.49,2.654,126.5782857,8.623,0.16,73.6,1971057.44
39,3,2010,0,50.93,2.625,210.1092746,8.554,0.16,73.6,1266254.21
16,3,2010,0,27.92,2.62,189.6695049,7.039,0.16,73.6,444181.85
18,3,2010,0,37.17,2.766,131.735,9.202,0.16,73.6,1179738.5
42,3,2010,0,55.92,2.877,126.5782857,9.765,0.16,73.6,554972.42
11,3,2010,0,53.96,2.625,214.6751386,7.368,0.16,73.6,1426622.65
36,3,2010,0,51.33,2.574,210.1092746,8.554,0.16,73.6,480203.43
13,3,2010,0,40.65,2.681,126.5782857,8.316,0.16,73.6,1939980.43
43,3,2010,0,52.89,2.625,203.3117653,9.521,0.16,73.6,658600.05
29,3,2010,0,36.82,2.766,131.735,10.064,0.16,73.6,535087.91
44,3,2010,0,40.65,2.681,126.5782857,8.119,0.16,73.6,284617.27
15,3,2010,0,31.79,2.919,131.735,8.35,0.16,73.6,605325.43
40,3,2010,0,34.78,2.766,131.735,5.892,0.16,73.6,990152.28
27,3,2010,0,38.07,2.919,135.5732602,8.237,0.16,73.6,1313729.72
5,3,2010,0,48.89,2.625,211.9071653,6.566,0.16,73.6,288855.71
41,3,2010,0,32.49,2.62,189.6695049,7.541,0.16,73.6,1063557.49
8,3,2010,0,45.64,2.625,214.7216592,6.299,0.16,73.6,881503.95
45,3,2010,0,37.13,2.777,182.1201566,8.992,0.16,73.6,777951.22
32,3,2010,0,37.72,2.62,189.6695049,9.014,0.16,73.6,1066566.74
33,3,2010,0,59.17,2.877,126.5782857,10.115,0.16,73.6,291484.89
6,3,2010,0,49.63,2.625,212.8745193,7.259,0.16,73.6,1601348.82
26,3,2010,0,28.6,2.766,131.735,8.488,0.16,73.6,1005669.58
34,3,2010,0,42.65,2.654,126.5782857,9.521,0.16,73.6,918295.79
19,3,2010,0,32.92,2.919,131.735,8.35,0.16,73.6,1495844.57
40,3,2010,0,35.1,2.805,131.784,5.892,0.16,73.6,899352.4
6,3,2010,0,58.82,2.667,212.9037017,7.259,0.16,73.6,1558621.36
3,3,2010,0,63.08,2.667,214.7027646,7.368,0.16,73.6,384200.69
10,3,2010,0,52.33,3.034,126.6042857,9.765,0.16,73.6,1941346.13
18,3,2010,0,42.39,2.805,131.784,9.202,0.16,73.6,1138800.32
38,3,2010,0,50.11,2.925,126.6042857,13.975,0.16,73.6,342023.92
7,3,2010,0,27.25,2.684,189.7372075,9.014,0.16,73.6,480452.1
20,3,2010,0,43.82,2.818,204.5250598,8.187,0.16,73.6,2010974.84
9,3,2010,0,55.76,2.667,214.932899,6.415,0.16,73.6,494145.8
4,3,2010,0,49.63,2.704,126.6042857,8.623,0.16,73.6,1894324.09
27,3,2010,0,45.98,2.938,135.6270013,8.237,0.16,73.6,1925113.12
31,3,2010,0,57.1,2.667,211.037551,8.324,0.16,73.6,1366193.35
16,3,2010,0,28.64,2.684,189.7372075,7.039,0.16,73.6,445393.74
42,3,2010,0,52.33,3.034,126.6042857,9.765,0.16,73.6,588363.62
43,3,2010,0,53.67,2.667,203.3436582,9.521,0.16,73.6,645386.94
15,3,2010,0,41.39,2.938,131.784,8.35,0.16,73.6,604173.59
41,3,2010,0,33.4,2.684,189.7372075,7.541,0.16,73.6,1023997.71
5,3,2010,0,58.5,2.667,211.9371839,6.566,0.16,73.6,297293.59
32,3,2010,0,39.88,2.684,189.7372075,9.014,0.16,73.6,1093319.37
26,3,2010,0,31.1,2.805,131.784,8.488,0.16,73.6,963382.09
39,3,2010,0,61.88,2.667,210.1413607,8.554,0.16,73.6,1244391.83
19,3,2010,0,39.06,2.938,131.784,8.35,0.16,73.6,1467889.2
28,3,2010,0,50.11,2.925,126.6042857,13.975,0.16,73.6,1326877.11
30,3,2010,0,57.1,2.667,211.037551,8.324,0.16,73.6,468189.93
21,3,2010,0,57.1,2.667,211.037551,8.324,0.16,73.6,712312.89
37,3,2010,0,61.96,2.667,210.1413607,8.554,0.16,73.6,513015.35
17,3,2010,0,29.71,2.733,126.6042857,6.548,0.16,73.6,763961.82
8,3,2010,0,49.76,2.667,214.7492449,6.299,0.16,73.6,860336.16
44,3,2010,0,37.62,2.733,126.6042857,8.119,0.16,73.6,272190.83
29,3,2010,0,43.43,2.805,131.784,10.064,0.16,73.6,519042.49
23,3,2010,0,36.07,2.805,131.784,5.892,0.16,73.6,1408082.96
22,3,2010,0,43.43,2.805,135.6270013,8.283,0.16,73.6,967187.37
25,3,2010,0,40.05,2.818,204.5250598,8.187,0.16,73.6,660619.99
33,3,2010,0,55.61,3.034,126.6042857,10.115,0.16,73.6,312161.0
14,3,2010,0,45.8,2.818,182.1628441,8.992,0.16,73.6,2156035.06
12,3,2010,0,50.11,2.925,126.6042857,13.975,0.16,73.6,985594.23
13,3,2010,0,37.62,2.733,126.6042857,8.316,0.16,73.6,1840686.94
35,3,2010,0,45.98,2.818,135.6270013,9.262,0.16,73.6,1150344.39
34,3,2010,0,42.26,2.704,126.6042857,9.521,0.16,73.6,921247.88
45,3,2010,0,45.8,2.818,182.1628441,8.992,0.16,73.6,765687.42
2,3,2010,0,57.56,2.667,211.037551,8.324,0.16,73.6,1990483.78
24,3,2010,0,42.31,2.938,131.784,8.326,0.16,73.6,1309340.16
11,3,2010,0,64.1,2.667,214.7027646,7.368,0.16,73.6,1331883.16
1,3,2010,0,57.79,2.667,211.3806429,8.106,0.16,73.6,1439541.59
36,3,2010,0,61.96,2.619,210.1413607,8.554,0.16,73.6,441434.2
32,3,2010,0,42.43,2.692,189.734262,9.014,0.16,73.6,1059781.78
22,3,2010,0,46.03,2.834,135.6682247,8.283,0.16,73.6,966145.09
8,3,2010,0,47.26,2.72,214.5764954,6.299,0.16,73.6,839911.0
6,3,2010,0,56.55,2.72,212.7351935,7.259,0.16,73.6,1693058.91
31,3,2010,0,54.68,2.72,210.8733316,8.324,0.16,73.6,1332261.01
7,3,2010,0,29.04,2.692,189.734262,9.014,0.16,73.6,574450.23
17,3,2010,0,33.96,2.782,126.6066452,6.548,0.16,73.6,752034.52
16,3,2010,0,33.45,2.692,189.734262,7.039,0.16,73.6,504307.35
25,3,2010,0,45.0,2.844,204.3782258,8.187,0.16,73.6,659795.84
21,3,2010,0,54.68,2.72,210.8733316,8.324,0.16,73.6,727070.0
12,3,2010,0,59.57,3.054,126.6066452,13.975,0.16,73.6,972088.34
36,3,2010,0,59.56,2.701,209.9803208,8.554,0.16,73.6,428851.99
13,3,2010,0,42.49,2.782,126.6066452,8.316,0.16,73.6,1879794.89
10,3,2010,0,61.46,3.054,126.6066452,9.765,0.16,73.6,1946875.06
30,3,2010,0,54.68,2.72,210.8733316,8.324,0.16,73.6,445736.36
37,3,2010,0,59.56,2.72,209.9803208,8.554,0.16,73.6,460020.74
35,3,2010,0,49.04,2.844,135.6682247,9.262,0.16,73.6,1117536.09
4,3,2010,0,55.19,2.743,126.6066452,8.623,0.16,73.6,1897429.36
42,3,2010,0,61.46,3.054,126.6066452,9.765,0.16,73.6,519914.1
41,3,2010,0,36.7,2.692,189.734262,7.541,0.16,73.6,1006597.69
11,3,2010,0,61.51,2.72,214.5301219,7.368,0.16,73.6,1364207.0
43,3,2010,0,56.0,2.72,203.195159,9.521,0.16,73.6,668098.49
3,3,2010,0,60.42,2.72,214.5301219,7.368,0.16,73.6,375328.59
9,3,2010,0,53.15,2.72,214.7597274,6.415,0.16,73.6,485744.61
29,3,2010,0,46.03,2.834,131.8242903,10.064,0.16,73.6,496851.6
45,3,2010,0,48.79,2.844,182.0779857,8.992,0.16,73.6,773819.49
39,3,2010,0,58.62,2.72,209.9803208,8.554,0.16,73.6,1301590.13
18,3,2010,0,45.42,2.834,131.8242903,9.202,0.16,73.6,1087507.47
34,3,2010,0,45.86,2.743,126.6066452,9.521,0.16,73.6,892070.82
24,3,2010,0,46.09,2.96,131.8242903,8.326,0.16,73.6,1222511.29
38,3,2010,0,59.57,3.054,126.6066452,13.975,0.16,73.6,333025.47
20,3,2010,0,47.32,2.844,204.3782258,8.187,0.16,73.6,1951848.43
5,3,2010,0,55.46,2.72,211.770897,6.566,0.16,73.6,281706.41
19,3,2010,0,43.74,2.96,131.8242903,8.35,0.16,73.6,1332940.35
15,3,2010,0,44.69,2.96,131.8242903,8.35,0.16,73.6,593710.67
2,3,2010,0,54.52,2.72,210.8733316,8.324,0.16,73.6,1946070.88
44,3,2010,0,42.49,2.782,126.6066452,8.119,0.16,73.6,269624.2
27,3,2010,0,49.04,2.96,135.6682247,8.237,0.16,73.6,1700627.97
23,3,2010,0,43.01,2.834,131.8242903,5.892,0.16,73.6,1229008.32
14,3,2010,0,48.79,2.844,182.0779857,8.992,0.16,73.6,2066219.3
33,3,2010,0,64.6,3.054,126.6066452,10.115,0.16,73.6,282235.73
28,3,2010,0,59.57,3.054,126.6066452,13.975,0.16,73.6,1279819.43
40,3,2010,0,40.54,2.834,131.8242903,5.892,0.16,73.6,894865.3
1,3,2010,0,54.58,2.72,211.215635,8.106,0.16,73.6,1472515.79
26,3,2010,0,35.34,2.834,131.8242903,8.488,0.16,73.6,903366.55
17,3,2010,0,35.59,2.819,126.6050645,6.548,0.16,73.6,793097.64
39,3,2010,0,54.83,2.732,209.7870932,8.554,0.16,73.6,1235094.66
30,3,2010,0,51.66,2.732,210.6766095,8.324,0.16,73.6,442457.35
19,3,2010,0,39.07,2.963,131.863129,8.35,0.16,73.6,1427023.45
28,3,2010,0,60.06,3.083,126.6050645,13.975,0.16,73.6,1245268.77
15,3,2010,0,39.53,2.963,131.863129,8.35,0.16,73.6,592111.49
24,3,2010,0,48.87,2.963,131.863129,8.326,0.16,73.6,1258311.56
13,3,2010,0,41.48,2.819,126.6050645,8.316,0.16,73.6,1882095.98
5,3,2010,0,52.47,2.732,211.5718925,6.566,0.16,73.6,273282.97
26,3,2010,0,35.26,2.831,131.863129,8.488,0.16,73.6,893613.0
21,3,2010,0,51.66,2.732,210.6766095,8.324,0.16,73.6,686497.53
23,3,2010,0,38.59,2.831,131.863129,5.892,0.16,73.6,1310701.8
34,3,2010,0,42.91,2.752,126.6050645,9.521,0.16,73.6,880742.35
22,3,2010,0,48.56,2.831,135.7073618,8.283,0.16,73.6,1012075.12
42,3,2010,0,60.05,2.98,126.6050645,9.765,0.16,73.6,478021.68
8,3,2010,0,46.51,2.732,214.3703567,6.299,0.16,73.6,772539.12
41,3,2010,0,32.3,2.717,189.7195417,7.541,0.16,73.6,1015196.46
3,3,2010,0,57.06,2.732,214.3241011,7.368,0.16,73.6,359949.27
31,3,2010,0,51.66,2.732,210.6766095,8.324,0.16,73.6,1229635.7
9,3,2010,0,51.8,2.732,214.5531227,6.415,0.16,73.6,484946.56
27,3,2010,0,52.34,2.963,135.7073618,8.237,0.16,73.6,1836714.84
33,3,2010,0,64.09,2.98,126.6050645,10.115,0.16,73.6,262893.76
14,3,2010,0,54.36,2.854,181.9718697,8.992,0.16,73.6,2050396.27
44,3,2010,0,41.48,2.819,126.6050645,8.119,0.16,73.6,276279.49
6,3,2010,0,53.74,2.732,212.533737,7.259,0.16,73.6,1472033.38
40,3,2010,0,39.51,2.831,131.863129,5.892,0.16,73.6,873354.58
45,3,2010,0,54.36,2.854,181.9718697,8.992,0.16,73.6,782563.38
29,3,2010,0,48.56,2.831,131.863129,10.064,0.16,73.6,552985.34
2,3,2010,0,51.26,2.732,210.6766095,8.324,0.16,73.6,1750197.81
18,3,2010,0,47.55,2.831,131.863129,9.202,0.16,73.6,1092704.09
20,3,2010,0,50.49,2.854,204.201755,8.187,0.16,73.6,1894742.95
1,3,2010,0,51.45,2.732,211.0180424,8.106,0.16,73.6,1404429.92
38,3,2010,0,60.06,3.083,126.6050645,13.975,0.16,73.6,335858.11
16,3,2010,0,29.88,2.717,189.7195417,7.039,0.16,73.6,483177.2
32,3,2010,0,36.59,2.717,189.7195417,9.014,0.16,73.6,1076021.58
43,3,2010,0,54.53,2.732,203.0165945,9.521,0.16,73.6,623097.93
7,3,2010,0,23.33,2.717,189.7195417,9.014,0.16,73.6,514731.6
10,3,2010,0,60.05,2.98,126.6050645,9.765,0.16,73.6,1893532.46
35,3,2010,0,52.34,2.854,135.7073618,9.262,0.16,73.6,1078900.44
36,3,2010,0,55.76,2.711,209.7870932,8.554,0.16,73.6,404438.51
4,3,2010,0,39.91,2.752,126.6050645,8.623,0.16,73.6,1762539.3
37,3,2010,0,55.76,2.732,209.7870932,8.554,0.16,73.6,515777.97
12,3,2010,0,60.06,3.083,126.6050645,13.975,0.16,73.6,981615.81
11,3,2010,0,58.09,2.732,214.3241011,7.368,0.16,73.6,1245624.27
25,3,2010,0,45.84,2.854,204.201755,8.187,0.16,73.6,696687.6
16,4,2010,0,36.19,2.725,189.7048215,6.842,0.2,72.2,490503.69
39,4,2010,0,63.31,2.719,209.5938656,8.464,0.2,72.2,1463942.62
20,4,2010,0,51.0,2.85,204.0252842,7.856,0.2,72.2,2405395.22
36,4,2010,0,63.43,2.708,209.5938656,8.464,0.2,72.2,435972.82
42,4,2010,0,63.66,3.086,126.6034839,9.524,0.2,72.2,505907.41
38,4,2010,0,59.84,3.086,126.6034839,14.099,0.2,72.2,368929.55
2,4,2010,0,63.27,2.719,210.4798874,8.2,0.2,72.2,2066187.72
45,4,2010,0,47.74,2.85,181.8657537,8.899,0.2,72.2,877235.96
11,4,2010,0,66.16,2.719,214.1180803,7.343,0.2,72.2,1446210.26
13,4,2010,0,42.15,2.842,126.6034839,8.107,0.2,72.2,2142482.14
34,4,2010,0,50.07,2.74,126.6034839,9.593,0.2,72.2,979428.66
27,4,2010,0,46.9,2.957,135.7464988,8.058,0.2,72.2,2053952.97
43,4,2010,0,62.19,2.719,202.83803,9.593,0.2,72.2,650102.8
9,4,2010,0,65.21,2.719,214.3465181,6.384,0.2,72.2,545206.32
31,4,2010,0,64.12,2.719,210.4798874,8.2,0.2,72.2,1357600.68
4,4,2010,0,48.77,2.74,126.6034839,7.896,0.2,72.2,1979247.12
5,4,2010,0,63.18,2.719,211.372888,6.465,0.2,72.2,331406.0
8,4,2010,0,60.18,2.719,214.164218,6.29,0.2,72.2,914500.91
15,4,2010,0,45.27,2.957,131.9019677,8.185,0.2,72.2,718470.71
37,4,2010,0,63.43,2.719,209.5938656,8.464,0.2,72.2,540189.7
7,4,2010,0,38.26,2.725,189.7048215,8.963,0.2,72.2,561145.14
41,4,2010,0,41.31,2.725,189.7048215,7.363,0.2,72.2,1168826.39
35,4,2010,0,46.9,2.85,135.7464988,9.051,0.2,72.2,1189556.47
10,4,2010,0,63.66,3.086,126.6034839,9.524,0.2,72.2,2138651.97
17,4,2010,0,36.94,2.842,126.6034839,6.635,0.2,72.2,848521.17
12,4,2010,0,59.84,3.086,126.6034839,14.099,0.2,72.2,1011822.3
30,4,2010,0,64.12,2.719,210.4798874,8.2,0.2,72.2,457884.06
6,4,2010,0,64.94,2.719,212.3322805,7.092,0.2,72.2,1770333.9
3,4,2010,0,65.56,2.719,214.1180803,7.343,0.2,72.2,423294.4
28,4,2010,0,59.84,3.086,126.6034839,14.099,0.2,72.2,1441559.4
25,4,2010,0,47.2,2.85,204.0252842,7.856,0.2,72.2,822486.37
22,4,2010,0,44.96,2.826,135.7464988,8.348,0.2,72.2,1177340.99
23,4,2010,0,40.5,2.826,131.9019677,5.435,0.2,72.2,1556627.62
33,4,2010,0,66.79,3.086,126.6034839,9.849,0.2,72.2,274634.52
26,4,2010,0,36.53,2.826,131.9019677,8.512,0.2,72.2,1029849.2
21,4,2010,0,64.12,2.719,210.4798874,8.2,0.2,72.2,753664.12
32,4,2010,0,48.28,2.725,189.7048215,8.963,0.2,72.2,1131732.94
14,4,2010,0,47.74,2.85,181.8657537,8.899,0.2,72.2,2495630.51
19,4,2010,0,45.26,2.957,131.9019677,8.185,0.2,72.2,1642970.27
18,4,2010,0,45.63,2.826,131.9019677,9.269,0.2,72.2,1254107.84
29,4,2010,0,44.96,2.826,131.9019677,10.16,0.2,72.2,599629.25
40,4,2010,0,41.39,2.826,131.9019677,5.435,0.2,72.2,1041202.13
1,4,2010,0,62.27,2.719,210.8204499,7.808,0.2,72.2,1594968.28
24,4,2010,0,45.22,2.957,131.9019677,8.211,0.2,72.2,1478321.26
44,4,2010,0,42.15,2.842,126.6034839,7.972,0.2,72.2,286197.5
11,4,2010,0,69.57,2.77,213.9120595,7.343,0.2,72.2,1470308.32
16,4,2010,0,34.21,2.75,189.6901012,6.842,0.2,72.2,424083.99
35,4,2010,0,62.62,2.869,135.7856359,9.051,0.2,72.2,1198014.97
25,4,2010,0,61.36,2.869,203.8488134,7.856,0.2,72.2,712647.97
18,4,2010,0,59.91,2.849,131.9408065,9.269,0.2,72.2,1174447.55
4,4,2010,0,54.16,2.773,126.6019032,7.896,0.2,72.2,1818452.72
1,4,2010,0,65.86,2.77,210.6228574,7.808,0.2,72.2,1545418.53
10,4,2010,0,65.29,3.004,126.6019032,9.524,0.2,72.2,2041069.37
45,4,2010,0,65.45,2.869,181.7596377,8.899,0.2,72.2,833782.7
12,4,2010,0,59.25,3.09,126.6019032,14.099,0.2,72.2,1041238.87
38,4,2010,0,59.25,3.09,126.6019032,14.099,0.2,72.2,341630.46
3,4,2010,0,68.0,2.77,213.9120595,7.343,0.2,72.2,415870.28
40,4,2010,0,54.31,2.849,131.9408065,5.435,0.2,72.2,919839.19
6,4,2010,0,66.15,2.77,212.1308239,7.092,0.2,72.2,1667181.82
31,4,2010,0,65.74,2.77,210.2831653,8.2,0.2,72.2,1395710.09
44,4,2010,0,38.97,2.877,126.6019032,7.972,0.2,72.2,257361.3
2,4,2010,0,65.41,2.77,210.2831653,8.2,0.2,72.2,1954689.21
27,4,2010,0,62.62,2.992,135.7856359,8.058,0.2,72.2,1955814.13
33,4,2010,0,68.43,3.004,126.6019032,9.849,0.2,72.2,325201.05
29,4,2010,0,57.06,2.849,131.9408065,10.16,0.2,72.2,569937.23
14,4,2010,0,65.45,2.869,181.7596377,8.899,0.2,72.2,2258781.28
19,4,2010,0,55.66,2.992,131.9408065,8.185,0.2,72.2,1489613.32
41,4,2010,0,37.3,2.75,189.6901012,7.363,0.2,72.2,1082158.21
15,4,2010,0,57.77,2.992,131.9408065,8.185,0.2,72.2,634605.77
5,4,2010,0,65.19,2.77,211.1738835,6.465,0.2,72.2,328020.49
26,4,2010,0,50.13,2.849,131.9408065,8.512,0.2,72.2,1022293.81
34,4,2010,0,51.26,2.773,126.6019032,9.593,0.2,72.2,950684.2
23,4,2010,0,56.82,2.849,131.9408065,5.435,0.2,72.2,1264434.7
22,4,2010,0,57.06,2.849,135.7856359,8.348,0.2,72.2,1033171.07
37,4,2010,0,68.54,2.77,209.400638,8.464,0.2,72.2,513327.55
21,4,2010,0,65.74,2.77,210.2831653,8.2,0.2,72.2,751181.4
28,4,2010,0,59.25,3.09,126.6019032,14.099,0.2,72.2,1382359.21
13,4,2010,0,38.97,2.877,126.6019032,8.107,0.2,72.2,1898321.33
20,4,2010,0,65.1,2.869,203.8488134,7.856,0.2,72.2,2007796.26
32,4,2010,0,44.88,2.75,189.6901012,8.963,0.2,72.2,1095889.22
9,4,2010,0,64.95,2.77,214.1399135,6.384,0.2,72.2,529384.31
24,4,2010,0,62.06,2.992,131.9408065,8.211,0.2,72.2,1379579.63
39,4,2010,0,68.15,2.77,209.400638,8.464,0.2,72.2,1327035.27
17,4,2010,0,34.05,2.877,126.6019032,6.635,0.2,72.2,770228.02
36,4,2010,0,68.54,2.743,209.400638,8.464,0.2,72.2,453016.91
7,4,2010,0,33.79,2.75,189.6901012,8.963,0.2,72.2,484263.25
8,4,2010,0,59.25,2.77,213.9580793,6.29,0.2,72.2,916033.92
30,4,2010,0,65.74,2.77,210.2831653,8.2,0.2,72.2,454800.96
42,4,2010,0,65.29,3.004,126.6019032,9.524,0.2,72.2,582552.26
43,4,2010,0,64.37,2.77,202.6594654,9.593,0.2,72.2,693058.34
19,4,2010,0,49.67,3.01,131.9809,8.185,0.2,72.2,1460354.67
1,4,2010,0,66.32,2.808,210.4887,7.808,0.2,72.2,1466058.28
5,4,2010,0,65.3,2.808,211.0388528,6.465,0.2,72.2,306858.69
39,4,2010,0,66.33,2.808,209.2691428,8.464,0.2,72.2,1242874.98
34,4,2010,0,59.18,2.81,126.5621,9.593,0.2,72.2,923344.54
18,4,2010,0,50.26,2.885,131.9809,9.269,0.2,72.2,1135577.62
40,4,2010,0,43.3,2.885,131.9809,5.435,0.2,72.2,882636.96
24,4,2010,0,51.08,3.01,131.9809,8.211,0.2,72.2,1268266.72
30,4,2010,0,67.87,2.808,210.1495463,8.2,0.2,72.2,471054.16
29,4,2010,0,51.14,2.885,131.9809,10.16,0.2,72.2,509100.84
27,4,2010,0,54.95,3.01,135.82725,8.058,0.2,72.2,1857500.96
31,4,2010,0,67.87,2.808,210.1495463,8.2,0.2,72.2,1367448.28
6,4,2010,0,65.68,2.808,211.9942765,7.092,0.2,72.2,1519846.36
13,4,2010,0,50.39,2.915,126.5621,8.107,0.2,72.2,1819660.44
28,4,2010,0,64.95,3.109,126.5621,14.099,0.2,72.2,1268240.66
12,4,2010,0,64.95,3.109,126.5621,14.099,0.2,72.2,957997.52
23,4,2010,0,44.25,2.885,131.9809,5.435,0.2,72.2,1288823.72
42,4,2010,0,69.74,3.109,126.5621,9.524,0.2,72.2,549528.16
17,4,2010,0,45.22,2.915,126.5621,6.635,0.2,72.2,757738.76
8,4,2010,0,62.66,2.808,213.8186357,6.29,0.2,72.2,882917.12
16,4,2010,0,45.69,2.765,189.6628845,6.842,0.2,72.2,436312.41
7,4,2010,0,41.89,2.765,189.6628845,8.963,0.2,72.2,406228.19
35,4,2010,0,54.95,2.899,135.82725,9.051,0.2,72.2,1084487.55
41,4,2010,0,46.79,2.765,189.6628845,7.363,0.2,72.2,1043388.79
45,4,2010,0,54.28,2.899,181.6924769,8.899,0.2,72.2,782221.96
20,4,2010,0,55.43,2.899,203.7307486,7.856,0.2,72.2,1985784.59
14,4,2010,0,54.28,2.899,181.6924769,8.899,0.2,72.2,2121788.61
3,4,2010,0,66.98,2.808,213.7726889,7.343,0.2,72.2,354993.26
43,4,2010,0,69.46,2.808,202.5351571,9.593,0.2,72.2,675282.2
2,4,2010,0,68.07,2.808,210.1495463,8.2,0.2,72.2,1874957.94
38,4,2010,0,64.95,3.109,126.5621,14.099,0.2,72.2,337723.49
37,4,2010,0,66.74,2.808,209.2691428,8.464,0.2,72.2,524544.83
25,4,2010,0,52.16,2.899,203.7307486,7.856,0.2,72.2,715311.6
15,4,2010,0,49.63,3.01,131.9809,8.185,0.2,72.2,641208.65
36,4,2010,0,66.74,2.769,209.2691428,8.464,0.2,72.2,483699.56
44,4,2010,0,50.39,2.915,126.5621,7.972,0.2,72.2,280048.74
9,4,2010,0,66.09,2.808,214.0001817,6.384,0.2,72.2,485764.32
21,4,2010,0,67.87,2.808,210.1495463,8.2,0.2,72.2,716026.51
33,4,2010,0,72.44,3.109,126.5621,9.849,0.2,72.2,307779.64
11,4,2010,0,67.81,2.808,213.7726889,7.343,0.2,72.2,1323243.35
26,4,2010,0,36.6,2.885,131.9809,8.512,0.2,72.2,905548.38
4,4,2010,0,56.23,2.81,126.5621,7.896,0.2,72.2,1851519.69
32,4,2010,0,53.49,2.765,189.6628845,8.963,0.2,72.2,1082763.27
10,4,2010,0,69.74,3.109,126.5621,9.524,0.2,72.2,1826241.44
22,4,2010,0,51.14,2.885,135.82725,8.348,0.2,72.2,1000968.67
25,4,2010,0,46.12,2.902,203.6905586,7.856,0.2,72.2,694531.72
16,4,2010,0,44.9,2.776,189.6190057,6.842,0.2,72.2,370230.94
11,4,2010,0,68.37,2.795,213.7221852,7.343,0.2,72.2,1283766.55
4,4,2010,0,56.87,2.805,126.4713333,7.896,0.2,72.2,1802677.9
41,4,2010,0,45.29,2.776,189.6190057,7.363,0.2,72.2,1067340.74
35,4,2010,0,53.91,2.902,135.8721667,9.051,0.2,72.2,1110827.48
8,4,2010,0,56.1,2.795,213.768119,6.29,0.2,72.2,850440.26
10,4,2010,0,66.42,3.05,126.4713333,9.524,0.2,72.2,1829521.83
43,4,2010,0,62.71,2.795,202.4831905,9.593,0.2,72.2,638957.35
32,4,2010,0,50.06,2.776,189.6190057,8.963,0.2,72.2,1072474.8
42,4,2010,0,66.42,3.05,126.4713333,9.524,0.2,72.2,492364.77
39,4,2010,0,67.64,2.795,209.2199574,8.464,0.2,72.2,1280231.85
30,4,2010,0,64.21,2.795,210.1000648,8.2,0.2,72.2,462454.39
19,4,2010,0,46.87,3.021,132.0226667,8.185,0.2,72.2,1456793.33
24,4,2010,0,51.07,3.021,132.0226667,8.211,0.2,72.2,1264117.01
26,4,2010,0,39.68,2.895,132.0226667,8.512,0.2,72.2,881930.87
34,4,2010,0,55.04,2.805,126.4713333,9.593,0.2,72.2,910240.68
22,4,2010,0,51.04,2.895,135.8721667,8.348,0.2,72.2,969594.47
7,4,2010,0,43.07,2.776,189.6190057,8.963,0.2,72.2,404751.25
21,4,2010,0,64.21,2.795,210.1000648,8.2,0.2,72.2,718780.59
36,4,2010,0,68.03,2.762,209.2199574,8.464,0.2,72.2,434116.8
15,4,2010,0,46.54,3.021,132.0226667,8.185,0.2,72.2,643097.6
28,4,2010,0,64.55,3.05,126.4713333,14.099,0.2,72.2,1244177.21
23,4,2010,0,46.4,2.895,132.0226667,5.435,0.2,72.2,1315023.08
17,4,2010,0,52.25,2.936,126.4713333,6.635,0.2,72.2,977790.83
3,4,2010,0,67.87,2.795,213.7221852,7.343,0.2,72.2,339976.65
9,4,2010,0,61.26,2.795,213.9496138,6.384,0.2,72.2,488683.57
5,4,2010,0,65.13,2.795,210.9891204,6.465,0.2,72.2,288839.73
13,4,2010,0,55.66,2.936,126.4713333,8.107,0.2,72.2,1909330.77
37,4,2010,0,68.03,2.795,209.2199574,8.464,0.2,72.2,527019.78
38,4,2010,0,64.55,3.05,126.4713333,14.099,0.2,72.2,335121.82
18,4,2010,0,50.3,2.895,132.0226667,9.269,0.2,72.2,1132433.55
45,4,2010,0,53.47,2.902,181.6772564,8.899,0.2,72.2,749779.1
20,4,2010,0,50.65,2.902,203.6905586,7.856,0.2,72.2,1878862.42
44,4,2010,0,55.66,2.936,126.4713333,7.972,0.2,72.2,278287.04
29,4,2010,0,51.04,2.895,132.0226667,10.16,0.2,72.2,505329.66
1,4,2010,0,64.84,2.795,210.4391228,7.808,0.2,72.2,1391256.12
27,4,2010,0,53.91,3.021,135.8721667,8.058,0.2,72.2,1850205.47
12,4,2010,0,64.55,3.05,126.4713333,14.099,0.2,72.2,993833.44
40,4,2010,0,45.85,2.895,132.0226667,5.435,0.2,72.2,844958.49
14,4,2010,0,53.47,2.902,181.6772564,8.899,0.2,72.2,2138144.91
31,4,2010,0,64.21,2.795,210.1000648,8.2,0.2,72.2,1280465.8
6,4,2010,0,64.11,2.795,211.9442745,7.092,0.2,72.2,1540435.99
33,4,2010,0,71.59,3.05,126.4713333,9.849,0.2,72.2,263263.02
2,4,2010,0,65.11,2.795,210.1000648,8.2,0.2,72.2,1821990.93
28,4,2010,0,67.38,3.105,126.3805667,14.099,0.2,72.2,1186971.02
15,4,2010,0,49.09,3.042,132.0644333,8.185,0.2,72.2,570791.11
23,4,2010,0,45.47,2.935,132.0644333,5.435,0.2,72.2,1259414.52
38,4,2010,0,67.38,3.105,126.3805667,14.099,0.2,72.2,337979.65
2,4,2010,0,66.98,2.78,210.0505833,8.2,0.2,72.2,1802450.29
10,4,2010,0,69.76,3.105,126.3805667,9.524,0.2,72.2,1790694.59
33,4,2010,0,73.29,3.105,126.3805667,9.849,0.2,72.2,275883.23
36,4,2010,0,70.9,2.725,209.170772,8.464,0.2,72.2,457899.64
3,4,2010,0,70.24,2.78,213.6716815,7.343,0.2,72.2,361248.39
1,4,2010,0,67.41,2.78,210.3895456,7.808,0.2,72.2,1425100.71
21,4,2010,0,66.93,2.78,210.0505833,8.2,0.2,72.2,680532.69
18,4,2010,0,51.12,2.935,132.0644333,9.269,0.2,72.2,1060446.16
34,4,2010,0,56.58,2.787,126.3805667,9.593,0.2,72.2,859922.19
22,4,2010,0,50.96,2.935,135.9170833,8.348,0.2,72.2,977683.06
20,4,2010,0,54.75,2.921,203.6503685,7.856,0.2,72.2,1919053.21
26,4,2010,0,40.56,2.935,132.0644333,8.512,0.2,72.2,904503.85
32,4,2010,0,47.51,2.766,189.575127,8.963,0.2,72.2,1066792.63
24,4,2010,0,51.48,3.042,132.0644333,8.211,0.2,72.2,1259877.19
14,4,2010,0,53.15,2.921,181.6620359,8.899,0.2,72.2,2082355.12
19,4,2010,0,49.89,3.042,132.0644333,8.185,0.2,72.2,1405065.57
31,4,2010,0,66.93,2.78,210.0505833,8.2,0.2,72.2,1243200.24
39,4,2010,0,70.03,2.78,209.170772,8.464,0.2,72.2,1263836.59
5,4,2010,0,67.53,2.78,210.939388,6.465,0.2,72.2,298697.84
9,4,2010,0,66.07,2.78,213.8990459,6.384,0.2,72.2,491723.42
17,4,2010,0,43.82,2.941,126.3805667,6.635,0.2,72.2,807798.73
29,4,2010,0,50.96,2.935,132.0644333,10.16,0.2,72.2,501013.47
13,4,2010,0,48.33,2.941,126.3805667,8.107,0.2,72.2,1785823.37
4,4,2010,0,53.04,2.787,126.3805667,7.896,0.2,72.2,1817273.28
6,4,2010,0,68.91,2.78,211.8942725,7.092,0.2,72.2,1498080.16
12,4,2010,0,67.38,3.105,126.3805667,14.099,0.2,72.2,954220.22
11,4,2010,0,71.13,2.78,213.6716815,7.343,0.2,72.2,1239766.89
16,4,2010,0,37.75,2.766,189.575127,6.842,0.2,72.2,383550.93
25,4,2010,0,50.97,2.921,203.6503685,7.856,0.2,72.2,706924.02
44,4,2010,0,48.33,2.941,126.3805667,7.972,0.2,72.2,272997.65
30,4,2010,0,66.93,2.78,210.0505833,8.2,0.2,72.2,456140.34
27,4,2010,0,53.55,3.042,135.9170833,8.058,0.2,72.2,1805885.04
45,4,2010,0,53.15,2.921,181.6620359,8.899,0.2,72.2,737265.57
8,4,2010,0,61.01,2.78,213.7176024,6.29,0.2,72.2,778672.64
40,4,2010,0,46.5,2.935,132.0644333,5.435,0.2,72.2,816838.31
43,4,2010,0,66.91,2.78,202.4312238,9.593,0.2,72.2,630740.11
41,4,2010,0,40.2,2.766,189.575127,7.363,0.2,72.2,1063960.11
37,4,2010,0,70.9,2.78,209.170772,8.464,0.2,72.2,517850.83
42,4,2010,0,69.76,3.105,126.3805667,9.524,0.2,72.2,477615.87
7,4,2010,0,38.99,2.766,189.575127,8.963,0.2,72.2,373655.61
35,4,2010,0,53.55,2.921,135.9170833,9.051,0.2,72.2,1096930.65
10,5,2010,0,71.06,3.127,126.2898,9.524,0.2,73.6,1921432.16
3,5,2010,0,73.47,2.835,213.6211778,7.343,0.2,73.6,399323.86
33,5,2010,0,75.4,3.127,126.2898,9.849,0.2,73.6,326870.13
17,5,2010,0,40.26,2.948,126.2898,6.635,0.2,73.6,843848.65
19,5,2010,0,62.54,3.095,132.1062,8.185,0.2,73.6,1566219.77
7,5,2010,0,40.07,2.771,189.5312483,8.963,0.2,73.6,395453.83
29,5,2010,0,63.81,2.981,132.1062,10.16,0.2,73.6,568497.35
6,5,2010,0,73.68,2.835,211.8442706,7.092,0.2,73.6,1619920.04
23,5,2010,0,61.04,2.981,132.1062,5.435,0.2,73.6,1365552.28
14,5,2010,0,70.75,2.966,181.6468154,8.899,0.2,73.6,2370116.52
26,5,2010,0,54.72,2.981,132.1062,8.512,0.2,73.6,1074479.73
25,5,2010,0,63.67,2.966,203.6101784,7.856,0.2,73.6,724468.97
22,5,2010,0,63.81,2.981,135.962,8.348,0.2,73.6,1052973.28
12,5,2010,0,70.15,3.127,126.2898,14.099,0.2,73.6,1043240.27
28,5,2010,0,70.15,3.127,126.2898,14.099,0.2,73.6,1532893.22
40,5,2010,0,60.05,2.981,132.1062,5.435,0.2,73.6,1009797.06
37,5,2010,0,75.56,2.835,209.1215867,8.464,0.2,73.6,543234.77
1,5,2010,0,72.55,2.835,210.3399684,7.808,0.2,73.6,1603955.12
21,5,2010,0,70.87,2.835,210.0011018,8.2,0.2,73.6,744969.42
41,5,2010,0,41.5,2.771,189.5312483,7.363,0.2,73.6,1175738.22
44,5,2010,0,44.42,2.948,126.2898,7.972,0.2,73.6,285379.86
18,5,2010,0,65.64,2.981,132.1062,9.269,0.2,73.6,1222255.47
35,5,2010,0,69.02,2.966,135.962,9.051,0.2,73.6,1182099.88
32,5,2010,0,48.94,2.771,189.5312483,8.963,0.2,73.6,1133657.58
30,5,2010,0,70.87,2.835,210.0011018,8.2,0.2,73.6,457883.94
31,5,2010,0,70.87,2.835,210.0011018,8.2,0.2,73.6,1381796.8
38,5,2010,0,70.15,3.127,126.2898,14.099,0.2,73.6,383657.44
5,5,2010,0,71.53,2.835,210.8896556,6.465,0.2,73.6,333522.6
16,5,2010,0,37.43,2.771,189.5312483,6.842,0.2,73.6,403217.22
36,5,2010,0,75.56,2.786,209.1215867,8.464,0.2,73.6,489372.02
34,5,2010,0,57.39,2.836,126.2898,9.593,0.2,73.6,953495.48
27,5,2010,0,69.02,3.095,135.962,8.058,0.2,73.6,1939458.84
13,5,2010,0,44.42,2.948,126.2898,8.107,0.2,73.6,2005478.46
24,5,2010,0,66.65,3.095,132.1062,8.211,0.2,73.6,1409705.03
15,5,2010,0,63.16,3.095,132.1062,8.185,0.2,73.6,661348.88
11,5,2010,0,75.57,2.835,213.6211778,7.343,0.2,73.6,1312329.78
8,5,2010,0,62.68,2.835,213.6670857,6.29,0.2,73.6,916820.96
45,5,2010,0,70.75,2.966,181.6468154,8.899,0.2,73.6,812190.76
20,5,2010,0,66.74,2.966,203.6101784,7.856,0.2,73.6,2137202.38
42,5,2010,0,71.06,3.127,126.2898,9.524,0.2,73.6,582846.22
4,5,2010,0,56.77,2.836,126.2898,7.896,0.2,73.6,2000626.14
9,5,2010,0,68.58,2.835,213.848478,6.384,0.2,73.6,526128.61
43,5,2010,0,67.16,2.835,202.3792571,9.593,0.2,73.6,691498.6
39,5,2010,0,74.86,2.835,209.1215867,8.464,0.2,73.6,1355704.21
2,5,2010,0,71.28,2.835,210.0011018,8.2,0.2,73.6,2042581.71
29,5,2010,0,50.99,2.983,132.152129,10.16,0.2,73.6,518940.88
2,5,2010,0,73.31,2.854,209.9984585,8.2,0.2,73.6,1880752.36
7,5,2010,0,41.41,2.788,189.4904116,8.963,0.2,73.6,372673.61
28,5,2010,0,68.44,3.145,126.2085484,14.099,0.2,73.6,1245898.73
16,5,2010,0,41.26,2.788,189.4904116,6.842,0.2,73.6,401770.9
40,5,2010,0,45.5,2.983,132.152129,5.435,0.2,73.6,907262.47
37,5,2010,0,77.53,2.854,209.118536,8.464,0.2,73.6,505196.08
18,5,2010,0,49.9,2.983,132.152129,9.269,0.2,73.6,1092616.49
21,5,2010,0,73.08,2.854,209.9984585,8.2,0.2,73.6,723559.88
27,5,2010,0,53.82,3.112,136.010394,8.058,0.2,73.6,1842465.78
11,5,2010,0,77.64,2.854,213.6196139,7.343,0.2,73.6,1266796.13
17,5,2010,0,47.28,2.962,126.2085484,6.635,0.2,73.6,813756.09
38,5,2010,0,68.44,3.145,126.2085484,14.099,0.2,73.6,346174.3
23,5,2010,0,45.33,2.983,132.152129,5.435,0.2,73.6,1303055.09
8,5,2010,0,61.35,2.854,213.6655355,6.29,0.2,73.6,873337.84
41,5,2010,0,40.23,2.788,189.4904116,7.363,0.2,73.6,1116439.02
44,5,2010,0,50.15,2.962,126.2085484,7.972,0.2,73.6,286515.92
35,5,2010,0,53.82,2.982,136.010394,9.051,0.2,73.6,1104277.57
9,5,2010,0,70.53,2.854,213.8469819,6.384,0.2,73.6,492792.8
43,5,2010,0,72.14,2.854,202.3705092,9.593,0.2,73.6,690851.59
32,5,2010,0,46.42,2.788,189.4904116,8.963,0.2,73.6,1079314.52
15,5,2010,0,47.13,3.112,132.152129,8.185,0.2,73.6,594385.2
5,5,2010,0,74.79,2.854,210.8872772,6.465,0.2,73.6,296673.77
6,5,2010,0,74.95,2.854,211.8421769,7.092,0.2,73.6,1524059.4
20,5,2010,0,55.91,2.982,203.6133915,7.856,0.2,73.6,2033211.62
4,5,2010,0,62.35,2.845,126.2085484,7.896,0.2,73.6,1875597.28
30,5,2010,0,73.08,2.854,209.9984585,8.2,0.2,73.6,461868.09
39,5,2010,0,77.49,2.854,209.118536,8.464,0.2,73.6,1226997.7
14,5,2010,0,54.26,2.982,181.6612792,8.899,0.2,73.6,2129771.13
45,5,2010,0,54.26,2.982,181.6612792,8.899,0.2,73.6,758182.2
12,5,2010,0,68.44,3.145,126.2085484,14.099,0.2,73.6,966054.97
19,5,2010,0,46.53,3.112,132.152129,8.185,0.2,73.6,1437319.45
3,5,2010,0,77.18,2.854,213.6196139,7.343,0.2,73.6,384357.94
25,5,2010,0,50.27,2.982,203.6133915,7.856,0.2,73.6,698073.95
36,5,2010,0,77.53,2.805,209.118536,8.464,0.2,73.6,476733.74
31,5,2010,0,73.08,2.854,209.9984585,8.2,0.2,73.6,1287288.59
42,5,2010,0,73.88,3.145,126.2085484,9.524,0.2,73.6,564345.55
24,5,2010,0,51.31,3.112,132.152129,8.211,0.2,73.6,1346783.35
1,5,2010,0,74.78,2.854,210.3374261,7.808,0.2,73.6,1494251.5
10,5,2010,0,73.88,3.145,126.2085484,9.524,0.2,73.6,1808056.41
34,5,2010,0,60.74,2.845,126.2085484,9.593,0.2,73.6,933924.44
26,5,2010,0,39.08,2.983,132.152129,8.512,0.2,73.6,972663.59
13,5,2010,0,50.15,2.962,126.2085484,8.107,0.2,73.6,1890273.44
33,5,2010,0,76.8,3.145,126.2085484,9.849,0.2,73.6,331173.51
22,5,2010,0,50.99,2.983,136.010394,8.348,0.2,73.6,973585.33
6,5,2010,0,74.8,2.826,212.1275324,7.092,0.2,73.6,1531938.44
25,5,2010,0,57.17,2.958,203.8770235,7.856,0.2,73.6,704113.22
37,5,2010,0,77.34,2.826,209.3922937,8.464,0.2,73.6,510494.7
42,5,2010,0,78.32,3.12,126.1843871,9.524,0.2,73.6,504403.16
2,5,2010,0,74.83,2.826,210.2768443,8.2,0.2,73.6,1896937.1
27,5,2010,0,63.31,3.096,136.0796521,8.058,0.2,73.6,1836595.58
41,5,2010,0,50.59,2.776,189.467827,7.363,0.2,73.6,1163234.33
11,5,2010,0,76.97,2.826,213.9116886,7.343,0.2,73.6,1271646.62
12,5,2010,0,76.2,3.12,126.1843871,14.099,0.2,73.6,958374.56
1,5,2010,0,76.44,2.826,210.6170934,7.808,0.2,73.6,1399662.07
8,5,2010,0,66.03,2.826,213.9577839,6.29,0.2,73.6,818333.21
13,5,2010,0,57.71,2.95,126.1843871,8.107,0.2,73.6,1853657.6
39,5,2010,0,76.67,2.826,209.3922937,8.464,0.2,73.6,1350673.98
16,5,2010,0,47.34,2.776,189.467827,6.842,0.2,73.6,435300.51
3,5,2010,0,75.81,2.826,213.9116886,7.343,0.2,73.6,343763.17
45,5,2010,0,62.62,2.958,181.8538486,8.899,0.2,73.6,747888.25
7,5,2010,0,46.6,2.776,189.467827,8.963,0.2,73.6,395195.65
20,5,2010,0,60.38,2.958,203.8770235,7.856,0.2,73.6,1893736.9
30,5,2010,0,74.24,2.826,210.2768443,8.2,0.2,73.6,455751.84
14,5,2010,0,62.62,2.958,181.8538486,8.899,0.2,73.6,2108187.1
33,5,2010,0,82.8,3.12,126.1843871,9.849,0.2,73.6,294264.2
19,5,2010,0,57.53,3.096,132.2230323,8.185,0.2,73.6,1377716.17
31,5,2010,0,74.24,2.826,210.2768443,8.2,0.2,73.6,1337405.6
36,5,2010,0,77.34,2.767,209.3922937,8.464,0.2,73.6,474917.98
22,5,2010,0,59.99,2.961,136.0796521,8.348,0.2,73.6,979977.89
26,5,2010,0,50.81,2.961,132.2230323,8.512,0.2,73.6,986765.01
24,5,2010,0,60.44,3.096,132.2230323,8.211,0.2,73.6,1283482.85
10,5,2010,0,78.32,3.12,126.1843871,9.524,0.2,73.6,1847613.58
34,5,2010,0,63.99,2.82,126.1843871,9.593,0.2,73.6,913616.32
43,5,2010,0,74.74,2.826,202.6210737,9.593,0.2,73.6,672062.08
15,5,2010,0,59.09,3.096,132.2230323,8.185,0.2,73.6,616598.1
28,5,2010,0,76.2,3.12,126.1843871,14.099,0.2,73.6,1217923.71
5,5,2010,0,75.2,2.826,211.169023,6.465,0.2,73.6,301615.49
18,5,2010,0,60.27,2.961,132.2230323,9.269,0.2,73.6,1101621.36
40,5,2010,0,56.75,2.961,132.2230323,5.435,0.2,73.6,885613.91
17,5,2010,0,53.94,2.95,126.1843871,6.635,0.2,73.6,826626.5
29,5,2010,0,59.99,2.961,132.2230323,10.16,0.2,73.6,502021.82
32,5,2010,0,55.89,2.776,189.467827,8.963,0.2,73.6,1143819.35
21,5,2010,0,74.24,2.826,210.2768443,8.2,0.2,73.6,753361.72
44,5,2010,0,57.71,2.95,126.1843871,7.972,0.2,73.6,267065.35
35,5,2010,0,63.31,2.958,136.0796521,9.051,0.2,73.6,1078182.18
38,5,2010,0,76.2,3.12,126.1843871,14.099,0.2,73.6,340497.08
23,5,2010,0,57.94,2.961,132.2230323,5.435,0.2,73.6,1327424.28
9,5,2010,0,71.5,2.826,214.1399162,6.384,0.2,73.6,506274.94
4,5,2010,0,67.4,2.82,126.1843871,7.896,0.2,73.6,1903752.6
10,5,2010,0,76.67,3.058,126.1602258,9.524,0.2,73.6,1904618.17
1,5,2010,0,80.44,2.759,210.8967606,7.808,0.2,73.6,1432069.95
12,5,2010,0,67.84,3.058,126.1602258,14.099,0.2,73.6,955451.16
2,5,2010,0,81.13,2.759,210.5552301,8.2,0.2,73.6,1957113.89
27,5,2010,0,67.88,3.046,136.1489101,8.058,0.2,73.6,1962468.67
14,5,2010,0,69.27,2.899,182.0464181,8.899,0.2,73.6,2227152.16
18,5,2010,0,69.12,2.906,132.2939355,9.269,0.2,73.6,1256282.79
29,5,2010,0,65.64,2.906,132.2939355,10.16,0.2,73.6,577627.66
40,5,2010,0,67.88,2.906,132.2939355,5.435,0.2,73.6,1008483.07
38,5,2010,0,67.84,3.058,126.1602258,14.099,0.2,73.6,326469.43
20,5,2010,0,70.97,2.899,204.1406556,7.856,0.2,73.6,2065984.95
31,5,2010,0,80.94,2.759,210.5552301,8.2,0.2,73.6,1309437.17
44,5,2010,0,53.11,2.908,126.1602258,7.972,0.2,73.6,291891.01
39,5,2010,0,80.22,2.759,209.6660514,8.464,0.2,73.6,1365541.59
6,5,2010,0,78.89,2.759,212.412888,7.092,0.2,73.6,1644470.66
35,5,2010,0,67.88,2.899,136.1489101,9.051,0.2,73.6,1223777.48
4,5,2010,0,67.73,2.756,126.1602258,7.896,0.2,73.6,1857533.7
23,5,2010,0,69.26,2.906,132.2939355,5.435,0.2,73.6,1571158.56
9,5,2010,0,77.12,2.759,214.4328505,6.384,0.2,73.6,558143.53
21,5,2010,0,80.94,2.759,210.5552301,8.2,0.2,73.6,755214.26
28,5,2010,0,67.84,3.058,126.1602258,14.099,0.2,73.6,1176588.25
15,5,2010,0,70.61,3.046,132.2939355,8.185,0.2,73.6,744772.88
32,5,2010,0,64.69,2.737,189.4452425,8.963,0.2,73.6,1205662.85
5,5,2010,0,79.81,2.759,211.4507688,6.465,0.2,73.6,310013.11
24,5,2010,0,69.59,3.046,132.2939355,8.211,0.2,73.6,1473868.15
26,5,2010,0,61.65,2.906,132.2939355,8.512,0.2,73.6,1069851.59
22,5,2010,0,65.64,2.906,136.1489101,8.348,0.2,73.6,1103740.4
36,5,2010,0,80.87,2.716,209.6660514,8.464,0.2,73.6,447050.42
19,5,2010,0,68.85,3.046,132.2939355,8.185,0.2,73.6,1648882.62
33,5,2010,0,78.47,3.058,126.1602258,9.849,0.2,73.6,279246.33
30,5,2010,0,80.94,2.759,210.5552301,8.2,0.2,73.6,462474.16
34,5,2010,0,68.68,2.756,126.1602258,9.593,0.2,73.6,942868.38
43,5,2010,0,78.59,2.759,202.8716382,9.593,0.2,73.6,630315.76
41,5,2010,0,56.97,2.737,189.4452425,7.363,0.2,73.6,1246654.24
16,5,2010,0,52.08,2.737,189.4452425,6.842,0.2,73.6,479430.0
17,5,2010,0,48.19,2.908,126.1602258,6.635,0.2,73.6,872817.62
13,5,2010,0,53.11,2.908,126.1602258,8.107,0.2,73.6,1877358.86
8,5,2010,0,74.71,2.759,214.2500323,6.29,0.2,73.6,868041.56
25,5,2010,0,69.31,2.899,204.1406556,7.856,0.2,73.6,792442.54
42,5,2010,0,76.67,3.058,126.1602258,9.524,0.2,73.6,484097.03
37,5,2010,0,80.87,2.759,209.6660514,8.464,0.2,73.6,532241.22
3,5,2010,0,78.6,2.759,214.2037634,7.343,0.2,73.6,350089.23
11,5,2010,0,79.69,2.759,214.2037634,7.343,0.2,73.6,1264272.52
45,5,2010,0,69.27,2.899,182.0464181,8.899,0.2,73.6,801098.43
7,5,2010,0,54.24,2.737,189.4452425,8.963,0.2,73.6,442734.55
33,6,2010,0,86.06,2.941,126.1360645,9.849,0.18,76.0,285100.0
36,6,2010,0,79.93,2.664,209.9398091,8.464,0.18,76.0,471088.88
12,6,2010,0,81.39,2.941,126.1360645,14.099,0.18,76.0,1049357.36
13,6,2010,0,59.85,2.871,126.1360645,8.107,0.18,76.0,2022705.22
30,6,2010,0,82.68,2.705,210.833616,8.2,0.18,76.0,458343.7
14,6,2010,0,75.93,2.847,182.2389876,8.899,0.18,76.0,2363601.47
39,6,2010,0,79.83,2.705,209.9398091,8.464,0.18,76.0,1512207.95
11,6,2010,0,79.66,2.705,214.4958382,7.343,0.18,76.0,1396322.19
40,6,2010,0,65.7,2.857,132.3648387,5.435,0.18,76.0,1052429.03
31,6,2010,0,82.68,2.705,210.833616,8.2,0.18,76.0,1427624.5
38,6,2010,0,81.39,2.941,126.1360645,14.099,0.18,76.0,376184.88
16,6,2010,0,53.76,2.7,189.422658,6.842,0.18,76.0,516295.81
8,6,2010,0,75.71,2.705,214.5422806,6.29,0.18,76.0,958225.41
15,6,2010,0,69.99,3.006,132.3648387,8.185,0.18,76.0,693192.5
9,6,2010,0,79.65,2.705,214.7257848,6.384,0.18,76.0,586061.46
35,6,2010,0,74.29,2.847,136.2181682,9.051,0.18,76.0,1282378.71
7,6,2010,0,53.63,2.7,189.422658,8.963,0.18,76.0,509183.22
17,6,2010,0,53.79,2.871,126.1360645,6.635,0.18,76.0,876902.87
32,6,2010,0,66.69,2.7,189.422658,8.963,0.18,76.0,1149234.96
37,6,2010,0,79.93,2.705,209.9398091,8.464,0.18,76.0,479195.02
10,6,2010,0,82.82,2.941,126.1360645,9.524,0.18,76.0,1931406.28
34,6,2010,0,72.17,2.701,126.1360645,9.593,0.18,76.0,966187.51
29,6,2010,0,69.49,2.857,132.3648387,10.16,0.18,76.0,588017.66
26,6,2010,0,58.46,2.857,132.3648387,8.512,0.18,76.0,1003202.66
22,6,2010,0,69.49,2.857,136.2181682,8.348,0.18,76.0,1095539.13
43,6,2010,0,82.76,2.705,203.1222028,9.593,0.18,76.0,682012.53
4,6,2010,0,70.83,2.701,126.1360645,7.896,0.18,76.0,1903290.58
42,6,2010,0,82.82,2.941,126.1360645,9.524,0.18,76.0,556046.12
5,6,2010,0,79.54,2.705,211.7325146,6.465,0.18,76.0,337825.89
19,6,2010,0,68.88,3.006,132.3648387,8.185,0.18,76.0,1519013.49
21,6,2010,0,82.68,2.705,210.833616,8.2,0.18,76.0,806012.48
23,6,2010,0,64.94,2.857,132.3648387,5.435,0.18,76.0,1514435.51
3,6,2010,0,78.53,2.705,214.4958382,7.343,0.18,76.0,396968.8
44,6,2010,0,59.85,2.871,126.1360645,7.972,0.18,76.0,282351.82
18,6,2010,0,70.28,2.857,132.3648387,9.269,0.18,76.0,1271311.76
28,6,2010,0,81.39,2.941,126.1360645,14.099,0.18,76.0,1543678.02
25,6,2010,0,69.22,2.847,204.4042877,7.856,0.18,76.0,764155.44
45,6,2010,0,75.93,2.847,182.2389876,8.899,0.18,76.0,837548.62
41,6,2010,0,60.13,2.7,189.422658,7.363,0.18,76.0,1305068.1
6,6,2010,0,79.44,2.705,212.6982436,7.092,0.18,76.0,1857380.09
27,6,2010,0,74.29,3.006,136.2181682,8.058,0.18,76.0,2073102.59
2,6,2010,0,81.81,2.705,210.833616,8.2,0.18,76.0,2102539.93
20,6,2010,0,72.52,2.847,204.4042877,7.856,0.18,76.0,2203619.35
24,6,2010,0,71.99,3.006,132.3648387,8.211,0.18,76.0,1566668.91
1,6,2010,0,80.69,2.705,211.1764278,7.808,0.18,76.0,1615524.71
25,6,2010,0,63.68,2.809,204.6679198,7.856,0.18,76.0,737163.2
11,6,2010,0,82.81,2.668,214.787913,7.343,0.18,76.0,1339570.85
8,6,2010,0,82.21,2.668,214.834529,6.29,0.18,76.0,914835.86
32,6,2010,0,70.86,2.684,189.4000734,8.963,0.18,76.0,1192074.09
22,6,2010,0,65.01,2.83,136.2874263,8.348,0.18,76.0,1061196.47
9,6,2010,0,83.75,2.668,215.0187191,6.384,0.18,76.0,522715.68
41,6,2010,0,63.36,2.684,189.4000734,7.363,0.18,76.0,1217199.39
26,6,2010,0,51.62,2.83,132.4357419,8.512,0.18,76.0,1073862.59
21,6,2010,0,83.51,2.668,211.1120018,8.2,0.18,76.0,784305.55
40,6,2010,0,59.42,2.83,132.4357419,5.435,0.18,76.0,1007574.67
42,6,2010,0,89.67,3.057,126.1119032,9.524,0.18,76.0,607218.6
15,6,2010,0,61.04,2.972,132.4357419,8.185,0.18,76.0,619337.29
39,6,2010,0,81.78,2.668,210.2135668,8.464,0.18,76.0,1371405.33
33,6,2010,0,93.52,3.057,126.1119032,9.849,0.18,76.0,310800.79
13,6,2010,0,65.24,2.841,126.1119032,8.107,0.18,76.0,2037880.96
7,6,2010,0,63.59,2.684,189.4000734,8.963,0.18,76.0,498580.87
2,6,2010,0,83.4,2.668,211.1120018,8.2,0.18,76.0,2025538.76
6,6,2010,0,81.81,2.668,212.9835992,7.092,0.18,76.0,1685652.35
45,6,2010,0,69.71,2.809,182.4315571,8.899,0.18,76.0,794698.77
5,6,2010,0,80.7,2.668,212.0142605,6.465,0.18,76.0,296641.91
18,6,2010,0,64.08,2.83,132.4357419,9.269,0.18,76.0,1173521.82
34,6,2010,0,80.84,2.668,126.1119032,9.593,0.18,76.0,954681.56
44,6,2010,0,65.24,2.841,126.1119032,7.972,0.18,76.0,296818.2
31,6,2010,0,83.51,2.668,211.1120018,8.2,0.18,76.0,1377092.33
1,6,2010,0,80.43,2.668,211.4560951,7.808,0.18,76.0,1542561.09
3,6,2010,0,82.1,2.668,214.787913,7.343,0.18,76.0,355017.09
16,6,2010,0,62.63,2.684,189.4000734,6.842,0.18,76.0,535587.31
12,6,2010,0,90.84,2.949,126.1119032,14.099,0.18,76.0,1016039.71
24,6,2010,0,64.84,2.972,132.4357419,8.211,0.18,76.0,1375458.21
14,6,2010,0,69.71,2.809,182.4315571,8.899,0.18,76.0,2249570.04
10,6,2010,0,89.67,3.057,126.1119032,9.524,0.18,76.0,1827521.71
38,6,2010,0,90.84,2.949,126.1119032,14.099,0.18,76.0,354828.65
36,6,2010,0,82.3,2.615,210.2135668,8.464,0.18,76.0,467711.18
23,6,2010,0,58.35,2.83,132.4357419,5.435,0.18,76.0,1439432.06
35,6,2010,0,68.9,2.809,136.2874263,9.051,0.18,76.0,1160412.71
27,6,2010,0,68.9,2.972,136.2874263,8.058,0.18,76.0,1873812.93
19,6,2010,0,61.64,2.972,132.4357419,8.185,0.18,76.0,1410683.94
37,6,2010,0,82.3,2.668,210.2135668,8.464,0.18,76.0,481915.11
30,6,2010,0,83.51,2.668,211.1120018,8.2,0.18,76.0,445530.16
4,6,2010,0,78.45,2.668,126.1119032,7.896,0.18,76.0,1870619.23
28,6,2010,0,90.84,2.949,126.1119032,14.099,0.18,76.0,1348995.17
43,6,2010,0,88.12,2.668,203.3727673,9.593,0.18,76.0,684023.95
17,6,2010,0,57.14,2.841,126.1119032,6.635,0.18,76.0,845252.21
20,6,2010,0,67.32,2.809,204.6679198,7.856,0.18,76.0,2100489.79
29,6,2010,0,65.01,2.83,132.4357419,10.16,0.18,76.0,540716.58
45,6,2010,0,72.62,2.78,182.4424199,8.899,0.18,76.0,815130.5
33,6,2010,0,87.69,2.935,126.114,9.849,0.18,76.0,272399.08
32,6,2010,0,60.94,2.674,189.4185259,8.963,0.18,76.0,1150191.72
3,6,2010,0,83.52,2.637,214.7858259,7.343,0.18,76.0,364076.85
36,6,2010,0,84.37,2.572,210.2108417,8.464,0.18,76.0,485694.72
17,6,2010,0,54.94,2.819,126.114,6.635,0.18,76.0,877996.27
7,6,2010,0,52.7,2.674,189.4185259,8.963,0.18,76.0,481144.09
21,6,2010,0,86.18,2.637,211.1096543,8.2,0.18,76.0,785104.29
37,6,2010,0,84.37,2.637,210.2108417,8.464,0.18,76.0,505761.62
22,6,2010,0,67.13,2.805,136.3243393,8.348,0.18,76.0,1052895.25
44,6,2010,0,58.41,2.819,126.114,7.972,0.18,76.0,293481.36
2,6,2010,0,85.81,2.637,211.1096543,8.2,0.18,76.0,2001636.96
5,6,2010,0,83.91,2.637,212.0119769,6.465,0.18,76.0,313795.6
39,6,2010,0,83.96,2.637,210.2108417,8.464,0.18,76.0,1368312.45
18,6,2010,0,65.96,2.805,132.4733333,9.269,0.18,76.0,1183225.92
27,6,2010,0,70.0,2.942,136.3243393,8.058,0.18,76.0,1887182.27
12,6,2010,0,81.06,3.043,126.114,14.099,0.18,76.0,956211.2
29,6,2010,0,67.13,2.805,132.4733333,10.16,0.18,76.0,558731.74
20,6,2010,0,72.62,2.78,204.670036,7.856,0.18,76.0,2091903.63
1,6,2010,0,84.11,2.637,211.4537719,7.808,0.18,76.0,1503284.06
31,6,2010,0,86.18,2.637,211.1096543,8.2,0.18,76.0,1368090.08
14,6,2010,0,72.62,2.78,182.4424199,8.899,0.18,76.0,2248645.59
16,6,2010,0,52.4,2.674,189.4185259,6.842,0.18,76.0,540149.85
38,6,2010,0,81.06,3.043,126.114,14.099,0.18,76.0,335691.85
23,6,2010,0,60.29,2.805,132.4733333,5.435,0.18,76.0,1507708.93
35,6,2010,0,70.0,2.78,136.3243393,9.051,0.18,76.0,1198025.76
4,6,2010,0,81.53,2.635,126.114,7.896,0.18,76.0,1929736.35
19,6,2010,0,66.25,2.942,132.4733333,8.185,0.18,76.0,1457314.39
11,6,2010,0,84.13,2.637,214.7858259,7.343,0.18,76.0,1336522.92
8,6,2010,0,78.79,2.637,214.8324452,6.29,0.18,76.0,869922.56
24,6,2010,0,67.17,2.942,132.4733333,8.211,0.18,76.0,1354168.18
43,6,2010,0,84.9,2.637,203.370619,9.593,0.18,76.0,700009.77
10,6,2010,0,83.49,2.935,126.114,9.524,0.18,76.0,1837636.24
42,6,2010,0,83.49,2.935,126.114,9.524,0.18,76.0,529418.64
40,6,2010,0,60.97,2.805,132.4733333,5.435,0.18,76.0,973105.3
13,6,2010,0,58.41,2.819,126.114,8.107,0.18,76.0,2003435.31
25,6,2010,0,69.56,2.78,204.670036,7.856,0.18,76.0,780444.94
9,6,2010,0,82.99,2.637,215.0166484,6.384,0.18,76.0,513073.87
15,6,2010,0,65.83,2.942,132.4733333,8.185,0.18,76.0,652329.53
28,6,2010,0,81.06,3.043,126.114,14.099,0.18,76.0,1267619.06
26,6,2010,0,53.62,2.805,132.4733333,8.512,0.18,76.0,1001286.67
6,6,2010,0,83.89,2.637,212.9813843,7.092,0.18,76.0,1677248.24
41,6,2010,0,54.9,2.674,189.4185259,7.363,0.18,76.0,1202963.06
34,6,2010,0,73.48,2.635,126.114,9.593,0.18,76.0,941612.04
30,6,2010,0,86.18,2.637,211.1096543,8.2,0.18,76.0,447727.52
19,6,2010,0,72.3,2.958,132.4976,8.185,0.18,76.0,1450407.32
26,6,2010,0,63.78,2.81,132.4976,8.512,0.18,76.0,976242.09
44,6,2010,0,71.83,2.82,126.1266,7.972,0.18,76.0,288247.24
27,6,2010,0,78.02,2.958,136.3483143,8.058,0.18,76.0,1962625.01
20,6,2010,0,75.17,2.808,204.5675459,7.856,0.18,76.0,1973135.87
31,6,2010,0,87.01,2.653,210.9950134,8.2,0.18,76.0,1303523.73
16,6,2010,0,62.37,2.715,189.4533931,6.842,0.18,76.0,546554.96
38,6,2010,0,87.27,3.084,126.1266,14.099,0.18,76.0,322046.76
4,6,2010,0,81.1,2.654,126.1266,7.896,0.18,76.0,1846651.95
8,6,2010,0,81.78,2.653,214.7126286,6.29,0.18,76.0,814919.11
43,6,2010,0,88.48,2.653,203.2673857,9.593,0.18,76.0,625196.14
42,6,2010,0,90.32,3.084,126.1266,9.524,0.18,76.0,484327.56
5,6,2010,0,83.72,2.653,211.8960815,6.465,0.18,76.0,295257.3
9,6,2010,0,85.02,2.653,214.8965756,6.384,0.18,76.0,509263.28
15,6,2010,0,72.79,2.958,132.4976,8.185,0.18,76.0,672194.03
39,6,2010,0,83.24,2.653,210.0975233,8.464,0.18,76.0,1280414.8
21,6,2010,0,87.01,2.653,210.9950134,8.2,0.18,76.0,769848.75
32,6,2010,0,72.42,2.715,189.4533931,8.963,0.18,76.0,1124763.74
37,6,2010,0,84.14,2.653,210.0975233,8.464,0.18,76.0,485419.39
3,6,2010,0,83.79,2.653,214.6660741,7.343,0.18,76.0,357346.48
30,6,2010,0,87.01,2.653,210.9950134,8.2,0.18,76.0,453210.24
28,6,2010,0,87.27,3.084,126.1266,14.099,0.18,76.0,1231025.07
10,6,2010,0,90.32,3.084,126.1266,9.524,0.18,76.0,1768172.31
40,6,2010,0,69.72,2.81,132.4976,5.435,0.18,76.0,940405.03
35,6,2010,0,78.02,2.808,136.3483143,9.051,0.18,76.0,1230245.74
7,6,2010,0,59.94,2.715,189.4533931,8.963,0.18,76.0,553714.87
2,6,2010,0,86.26,2.653,210.9950134,8.2,0.18,76.0,1939927.09
22,6,2010,0,74.37,2.81,136.3483143,8.348,0.18,76.0,1095020.33
36,6,2010,0,84.14,2.601,210.0975233,8.464,0.18,76.0,434879.87
41,6,2010,0,66.0,2.715,189.4533931,7.363,0.18,76.0,1174209.52
1,6,2010,0,84.34,2.653,211.3386526,7.808,0.18,76.0,1422711.6
6,6,2010,0,84.2,2.653,212.8641412,7.092,0.18,76.0,1640681.88
11,6,2010,0,84.5,2.653,214.6660741,7.343,0.18,76.0,1262025.08
34,6,2010,0,78.47,2.654,126.1266,9.593,0.18,76.0,895800.07
17,6,2010,0,62.64,2.82,126.1266,6.635,0.18,76.0,893995.44
25,6,2010,0,72.17,2.808,204.5675459,7.856,0.18,76.0,737569.14
29,6,2010,0,74.37,2.81,132.4976,10.16,0.18,76.0,585548.79
33,6,2010,0,93.66,3.084,126.1266,9.849,0.18,76.0,259419.91
23,6,2010,0,69.83,2.81,132.4976,5.435,0.18,76.0,1415204.88
12,6,2010,0,87.27,3.084,126.1266,14.099,0.18,76.0,958007.69
45,6,2010,0,79.32,2.808,182.3806,8.899,0.18,76.0,792299.15
13,6,2010,0,71.83,2.82,126.1266,8.107,0.18,76.0,1970340.25
18,6,2010,0,74.04,2.81,132.4976,9.269,0.18,76.0,1220983.17
14,6,2010,0,79.32,2.808,182.3806,8.899,0.18,76.0,2246179.91
24,6,2010,0,74.9,2.958,132.4976,8.211,0.18,76.0,1399073.75
4,7,2010,0,73.66,2.668,126.1392,7.372,0.18,67.8,1881337.21
2,7,2010,0,82.74,2.669,210.8803726,8.099,0.18,67.8,2003940.64
21,7,2010,0,82.29,2.669,210.8803726,8.099,0.18,67.8,711470.8
35,7,2010,0,76.25,2.815,136.3722893,8.861,0.18,67.8,1245827.08
7,7,2010,0,61.31,2.728,189.4882603,9.017,0.18,67.8,575570.77
5,7,2010,0,81.25,2.669,211.7801861,6.496,0.18,67.8,305993.27
40,7,2010,0,65.47,2.815,132.5218667,5.326,0.18,67.8,1087578.78
24,7,2010,0,71.12,2.958,132.5218667,8.117,0.18,67.8,1563387.94
13,7,2010,0,78.82,2.814,126.1392,7.951,0.18,67.8,2018314.71
42,7,2010,0,92.89,2.978,126.1392,9.199,0.18,67.8,507168.8
6,7,2010,0,80.34,2.669,212.746898,6.973,0.18,67.8,1759777.25
9,7,2010,0,78.55,2.669,214.7765028,6.442,0.18,67.8,528832.54
26,7,2010,0,58.9,2.815,132.5218667,8.445,0.18,67.8,1078455.48
8,7,2010,0,74.78,2.669,214.5928119,6.315,0.18,67.8,852333.75
32,7,2010,0,74.74,2.728,189.4882603,9.017,0.18,67.8,1187988.64
34,7,2010,0,73.66,2.668,126.1392,9.816,0.18,67.8,919229.36
11,7,2010,0,83.09,2.669,214.5463222,7.346,0.18,67.8,1302600.14
43,7,2010,0,80.17,2.669,203.1641524,9.816,0.18,67.8,667353.79
39,7,2010,0,81.35,2.669,209.984205,8.36,0.18,67.8,1352547.7
41,7,2010,0,69.39,2.728,189.4882603,7.335,0.18,67.8,1273279.79
15,7,2010,0,66.13,2.958,132.5218667,8.099,0.18,67.8,709337.11
45,7,2010,0,76.61,2.815,182.3187801,8.743,0.18,67.8,800147.84
19,7,2010,0,66.25,2.958,132.5218667,8.099,0.18,67.8,1549018.68
29,7,2010,0,72.88,2.815,132.5218667,10.409,0.18,67.8,581473.55
17,7,2010,0,68.98,2.814,126.1392,6.697,0.18,67.8,958875.37
20,7,2010,0,70.1,2.815,204.4650559,7.527,0.18,67.8,2143676.77
30,7,2010,0,82.29,2.669,210.8803726,8.099,0.18,67.8,450337.47
23,7,2010,0,64.76,2.815,132.5218667,5.326,0.18,67.8,1549113.18
44,7,2010,0,78.82,2.814,126.1392,7.804,0.18,67.8,300628.19
33,7,2010,0,97.66,2.978,126.1392,9.495,0.18,67.8,267495.76
1,7,2010,0,80.91,2.669,211.2235333,7.787,0.18,67.8,1492418.14
12,7,2010,0,91.98,3.105,126.1392,14.18,0.18,67.8,951957.31
25,7,2010,0,66.42,2.815,204.4650559,7.527,0.18,67.8,759407.87
36,7,2010,0,81.85,2.606,209.984205,8.36,0.18,67.8,434252.15
3,7,2010,0,82.2,2.669,214.5463222,7.346,0.18,67.8,381151.72
16,7,2010,0,64.44,2.728,189.4882603,6.868,0.18,67.8,610641.42
18,7,2010,0,71.22,2.815,132.5218667,9.342,0.18,67.8,1257928.35
31,7,2010,0,82.29,2.669,210.8803726,8.099,0.18,67.8,1311704.92
28,7,2010,0,91.98,3.105,126.1392,14.18,0.18,67.8,1399960.15
22,7,2010,0,72.88,2.815,136.3722893,8.433,0.18,67.8,1120259.71
27,7,2010,0,76.25,2.958,136.3722893,7.982,0.18,67.8,2024554.1
38,7,2010,0,91.98,3.105,126.1392,14.18,0.18,67.8,361181.48
37,7,2010,0,81.85,2.669,209.984205,8.36,0.18,67.8,498292.53
10,7,2010,0,92.89,2.978,126.1392,9.199,0.18,67.8,1845893.87
14,7,2010,0,76.61,2.815,182.3187801,8.743,0.18,67.8,2334788.42
18,7,2010,0,79.75,2.806,132.5461333,9.342,0.18,67.8,1171391.41
42,7,2010,0,91.03,3.1,126.1518,9.199,0.18,67.8,570069.48
40,7,2010,0,76.67,2.806,132.5461333,5.326,0.18,67.8,1058250.91
43,7,2010,0,81.52,2.642,203.060919,9.816,0.18,67.8,718748.33
20,7,2010,0,78.09,2.793,204.3625658,7.527,0.18,67.8,2107285.85
24,7,2010,0,79.05,2.94,132.5461333,8.117,0.18,67.8,1665502.55
8,7,2010,0,72.49,2.642,214.4729952,6.315,0.18,67.8,845289.77
29,7,2010,0,79.22,2.806,132.5461333,10.409,0.18,67.8,563449.43
1,7,2010,0,80.48,2.642,211.108414,7.787,0.18,67.8,1546074.18
34,7,2010,0,75.0,2.637,126.1518,9.816,0.18,67.8,911210.81
35,7,2010,0,82.69,2.793,136.3962643,8.861,0.18,67.8,1268766.76
16,7,2010,0,61.79,2.711,189.5231276,6.868,0.18,67.8,614253.33
31,7,2010,0,81.67,2.642,210.7657317,8.099,0.18,67.8,1315118.4
38,7,2010,0,90.37,3.1,126.1518,14.18,0.18,67.8,343850.34
4,7,2010,0,80.35,2.637,126.1518,7.372,0.18,67.8,1812208.22
12,7,2010,0,90.37,3.1,126.1518,14.18,0.18,67.8,943506.28
23,7,2010,0,77.16,2.806,132.5461333,5.326,0.18,67.8,1417535.78
10,7,2010,0,91.03,3.1,126.1518,9.199,0.18,67.8,1769793.37
37,7,2010,0,81.74,2.642,209.8708867,8.36,0.18,67.8,502456.04
21,7,2010,0,81.67,2.642,210.7657317,8.099,0.18,67.8,714677.47
36,7,2010,0,81.74,2.596,209.8708867,8.36,0.18,67.8,471713.59
22,7,2010,0,79.22,2.806,136.3962643,8.433,0.18,67.8,1092654.26
33,7,2010,0,95.88,3.1,126.1518,9.495,0.18,67.8,302423.93
30,7,2010,0,81.67,2.642,210.7657317,8.099,0.18,67.8,436293.4
32,7,2010,0,67.55,2.711,189.5231276,9.017,0.18,67.8,1077253.67
17,7,2010,0,62.41,2.802,126.1518,6.697,0.18,67.8,836915.92
2,7,2010,0,82.59,2.642,210.7657317,8.099,0.18,67.8,1880902.62
7,7,2010,0,58.0,2.711,189.5231276,9.017,0.18,67.8,593462.34
41,7,2010,0,60.93,2.711,189.5231276,7.335,0.18,67.8,1176079.59
44,7,2010,0,71.33,2.802,126.1518,7.804,0.18,67.8,280472.78
39,7,2010,0,81.1,2.642,209.8708867,8.36,0.18,67.8,1330473.47
6,7,2010,0,80.93,2.642,212.6296549,6.973,0.18,67.8,1690317.99
19,7,2010,0,78.22,2.94,132.5461333,8.099,0.18,67.8,1577541.24
25,7,2010,0,75.24,2.793,204.3625658,7.527,0.18,67.8,719591.13
45,7,2010,0,82.45,2.793,182.2569603,8.743,0.18,67.8,787062.0
5,7,2010,0,81.14,2.642,211.6642907,6.496,0.18,67.8,291808.87
13,7,2010,0,71.33,2.802,126.1518,7.951,0.18,67.8,1870843.9
9,7,2010,0,78.51,2.642,214.6564301,6.442,0.18,67.8,485389.15
26,7,2010,0,71.08,2.806,132.5461333,8.445,0.18,67.8,1122356.53
28,7,2010,0,90.37,3.1,126.1518,14.18,0.18,67.8,1340293.87
27,7,2010,0,82.69,2.94,136.3962643,7.982,0.18,67.8,2119163.01
15,7,2010,0,77.33,2.94,132.5461333,8.099,0.18,67.8,691497.62
14,7,2010,0,82.45,2.793,182.2569603,8.743,0.18,67.8,2236209.13
11,7,2010,0,83.01,2.642,214.4265704,7.346,0.18,67.8,1280156.47
3,7,2010,0,81.75,2.642,214.4265704,7.346,0.18,67.8,349214.18
20,7,2010,0,75.14,2.783,204.3571656,7.527,0.18,67.8,2031852.16
44,7,2010,0,77.79,2.791,126.1498065,7.804,0.18,67.8,297099.95
33,7,2010,0,100.14,2.971,126.1498065,9.495,0.18,67.8,280937.84
36,7,2010,0,84.43,2.561,209.8630532,8.36,0.18,67.8,466962.04
25,7,2010,0,73.43,2.783,204.3571656,7.527,0.18,67.8,726997.84
23,7,2010,0,73.94,2.796,132.5667742,5.326,0.18,67.8,1413124.11
1,7,2010,0,83.15,2.623,211.1003854,7.787,0.18,67.8,1448938.92
14,7,2010,0,77.84,2.783,182.2604411,8.743,0.18,67.8,2130287.27
24,7,2010,0,76.56,2.933,132.5667742,8.117,0.18,67.8,1418697.05
21,7,2010,0,85.61,2.623,210.7577954,8.099,0.18,67.8,755098.41
9,7,2010,0,82.93,2.623,214.6474453,6.442,0.18,67.8,474030.51
43,7,2010,0,84.17,2.623,203.0538548,9.816,0.18,67.8,696844.36
15,7,2010,0,72.83,2.933,132.5667742,8.099,0.18,67.8,633203.69
10,7,2010,0,91.8,2.971,126.1498065,9.199,0.18,67.8,1828052.47
13,7,2010,0,77.79,2.791,126.1498065,7.951,0.18,67.8,1932231.05
11,7,2010,0,84.9,2.623,214.4176476,7.346,0.18,67.8,1290609.54
26,7,2010,0,67.66,2.796,132.5667742,8.445,0.18,67.8,1028151.72
34,7,2010,0,78.53,2.621,126.1498065,9.816,0.18,67.8,930269.79
35,7,2010,0,78.26,2.783,136.4179827,8.861,0.18,67.8,1124414.87
2,7,2010,0,85.32,2.623,210.7577954,8.099,0.18,67.8,1845879.79
4,7,2010,0,78.53,2.621,126.1498065,7.372,0.18,67.8,1898427.66
32,7,2010,0,76.2,2.699,189.6125456,9.017,0.18,67.8,1120172.24
37,7,2010,0,84.43,2.623,209.8630532,8.36,0.18,67.8,485150.01
45,7,2010,0,77.84,2.783,182.2604411,8.743,0.18,67.8,723708.99
22,7,2010,0,76.3,2.796,136.4179827,8.433,0.18,67.8,988392.99
38,7,2010,0,97.18,3.094,126.1498065,14.18,0.18,67.8,338277.71
31,7,2010,0,85.61,2.623,210.7577954,8.099,0.18,67.8,1335433.72
3,7,2010,0,84.32,2.623,214.4176476,7.346,0.18,67.8,352728.78
27,7,2010,0,78.26,2.933,136.4179827,7.982,0.18,67.8,1880691.64
12,7,2010,0,97.18,3.094,126.1498065,14.18,0.18,67.8,916402.76
42,7,2010,0,91.8,2.971,126.1498065,9.199,0.18,67.8,558837.27
5,7,2010,0,83.98,2.623,211.6561123,6.496,0.18,67.8,280701.7
6,7,2010,0,83.75,2.623,212.6212163,6.973,0.18,67.8,1560120.8
30,7,2010,0,85.61,2.623,210.7577954,8.099,0.18,67.8,438068.71
39,7,2010,0,83.86,2.623,209.8630532,8.36,0.18,67.8,1339811.68
16,7,2010,0,67.68,2.699,189.6125456,6.868,0.18,67.8,586583.69
8,7,2010,0,77.49,2.623,214.4640599,6.315,0.18,67.8,848630.57
29,7,2010,0,76.3,2.796,132.5667742,10.409,0.18,67.8,512292.01
41,7,2010,0,69.06,2.699,189.6125456,7.335,0.18,67.8,1179788.38
28,7,2010,0,97.18,3.094,126.1498065,14.18,0.18,67.8,1225336.41
40,7,2010,0,74.25,2.796,132.5667742,5.326,0.18,67.8,959229.09
18,7,2010,0,76.9,2.796,132.5667742,9.342,0.18,67.8,1115514.61
17,7,2010,0,65.66,2.791,126.1498065,6.697,0.18,67.8,876591.41
7,7,2010,0,62.19,2.699,189.6125456,9.017,0.18,67.8,557166.35
19,7,2010,0,74.6,2.933,132.5667742,8.099,0.18,67.8,1412157.02
12,7,2010,0,99.22,3.112,126.1283548,14.18,0.18,67.8,912403.67
19,7,2010,0,74.68,2.924,132.5825806,8.099,0.18,67.8,1372043.71
30,7,2010,0,87.17,2.608,210.8921319,8.099,0.18,67.8,440491.33
37,7,2010,0,82.6,2.608,209.9958663,8.36,0.18,67.8,491998.12
21,7,2010,0,87.17,2.608,210.8921319,8.099,0.18,67.8,765823.48
28,7,2010,0,99.22,3.112,126.1283548,14.18,0.18,67.8,1205884.98
38,7,2010,0,99.22,3.112,126.1283548,14.18,0.18,67.8,328336.85
15,7,2010,0,73.2,2.924,132.5825806,8.099,0.18,67.8,598553.43
2,7,2010,0,87.66,2.608,210.8921319,8.099,0.18,67.8,1781717.71
5,7,2010,0,83.66,2.608,211.7915565,6.496,0.18,67.8,274742.63
24,7,2010,0,75.27,2.924,132.5825806,8.117,0.18,67.8,1333740.35
20,7,2010,0,77.75,2.771,204.4812188,7.527,0.18,67.8,1900535.9
43,7,2010,0,86.6,2.608,203.1750161,9.816,0.18,67.8,649035.55
42,7,2010,0,88.44,3.112,126.1283548,9.199,0.18,67.8,491115.86
3,7,2010,0,83.32,2.608,214.5564968,7.346,0.18,67.8,352864.49
34,7,2010,0,79.58,2.612,126.1283548,9.816,0.18,67.8,902050.95
33,7,2010,0,97.04,3.112,126.1283548,9.495,0.18,67.8,252734.31
25,7,2010,0,75.37,2.771,204.4812188,7.527,0.18,67.8,665290.93
8,7,2010,0,78.29,2.608,214.6029664,6.315,0.18,67.8,785515.88
40,7,2010,0,71.79,2.784,132.5825806,5.326,0.18,67.8,922341.82
17,7,2010,0,69.66,2.797,126.1283548,6.697,0.18,67.8,893504.87
9,7,2010,0,84.49,2.608,214.7865779,6.442,0.18,67.8,462676.5
45,7,2010,0,81.46,2.771,182.3509895,8.743,0.18,67.8,714601.11
4,7,2010,0,79.78,2.612,126.1283548,7.372,0.18,67.8,1848426.78
35,7,2010,0,81.56,2.771,136.4366924,8.861,0.18,67.8,1121756.43
7,7,2010,0,64.64,2.691,189.774698,9.017,0.18,67.8,570231.21
27,7,2010,0,81.56,2.924,136.4366924,7.982,0.18,67.8,1808250.71
18,7,2010,0,75.71,2.784,132.5825806,9.342,0.18,67.8,1032908.23
32,7,2010,0,75.69,2.691,189.774698,9.017,0.18,67.8,1109574.11
14,7,2010,0,81.46,2.771,182.3509895,8.743,0.18,67.8,2044155.39
29,7,2010,0,76.91,2.784,132.5825806,10.409,0.18,67.8,506502.09
39,7,2010,0,82.2,2.608,209.9958663,8.36,0.18,67.8,1314651.83
1,7,2010,0,83.36,2.608,211.2351443,7.787,0.18,67.8,1385065.2
26,7,2010,0,65.4,2.784,132.5825806,8.445,0.18,67.8,971615.62
41,7,2010,0,70.77,2.691,189.774698,7.335,0.18,67.8,1192213.87
16,7,2010,0,70.67,2.691,189.774698,6.868,0.18,67.8,588344.18
31,7,2010,0,87.17,2.608,210.8921319,8.099,0.18,67.8,1276031.84
44,7,2010,0,82.27,2.797,126.1283548,7.804,0.18,67.8,292680.16
6,7,2010,0,83.9,2.608,212.7578505,6.973,0.18,67.8,1585240.92
36,7,2010,0,82.6,2.542,209.9958663,8.36,0.18,67.8,452021.2
11,7,2010,0,84.57,2.608,214.5564968,7.346,0.18,67.8,1244390.03
23,7,2010,0,70.2,2.784,132.5825806,5.326,0.18,67.8,1333634.45
13,7,2010,0,82.27,2.797,126.1283548,7.951,0.18,67.8,1907351.2
22,7,2010,0,76.91,2.784,136.4366924,8.433,0.18,67.8,974123.2
10,7,2010,0,88.44,3.112,126.1283548,9.199,0.18,67.8,1831676.03
9,7,2010,0,79.83,2.64,214.9257105,6.442,0.18,67.8,468675.19
7,7,2010,0,66.07,2.69,189.9368504,9.017,0.18,67.8,603547.16
8,7,2010,0,76.02,2.64,214.7418728,6.315,0.18,67.8,787295.09
32,7,2010,0,75.62,2.69,189.9368504,9.017,0.18,67.8,1065350.56
15,7,2010,0,72.04,2.932,132.5983871,8.099,0.18,67.8,619224.06
39,7,2010,0,80.99,2.64,210.1286794,8.36,0.18,67.8,1308222.24
22,7,2010,0,76.35,2.792,136.4554021,8.433,0.18,67.8,970773.64
33,7,2010,0,92.71,3.017,126.1069032,9.495,0.18,67.8,242047.03
42,7,2010,0,85.03,3.017,126.1069032,9.199,0.18,67.8,469598.57
2,7,2010,0,83.49,2.64,211.0264684,8.099,0.18,67.8,1804246.16
37,7,2010,0,81.88,2.64,210.1286794,8.36,0.18,67.8,487912.95
41,7,2010,0,70.07,2.69,189.9368504,7.335,0.18,67.8,1211136.63
11,7,2010,0,83.26,2.64,214.695346,7.346,0.18,67.8,1250178.89
43,7,2010,0,79.79,2.64,203.2961774,9.816,0.18,67.8,622112.23
36,7,2010,0,81.88,2.602,210.1286794,8.36,0.18,67.8,432451.91
26,7,2010,0,63.79,2.792,132.5983871,8.445,0.18,67.8,1005324.28
5,7,2010,0,82.46,2.64,211.9270006,6.496,0.18,67.8,268929.03
6,7,2010,0,81.37,2.64,212.8944846,6.973,0.18,67.8,1532308.78
21,7,2010,0,83.59,2.64,211.0264684,8.099,0.18,67.8,715876.27
45,7,2010,0,79.78,2.781,182.4415378,8.743,0.18,67.8,716859.27
13,7,2010,0,78.94,2.797,126.1069032,7.951,0.18,67.8,1817887.23
24,7,2010,0,75.91,2.932,132.5983871,8.117,0.18,67.8,1387517.63
23,7,2010,0,69.71,2.792,132.5983871,5.326,0.18,67.8,1319773.55
28,7,2010,0,96.31,3.017,126.1069032,14.18,0.18,67.8,1150204.71
12,7,2010,0,96.31,3.017,126.1069032,14.18,0.18,67.8,913548.25
10,7,2010,0,85.03,3.017,126.1069032,9.199,0.18,67.8,1832664.03
19,7,2010,0,72.83,2.932,132.5983871,8.099,0.18,67.8,1366395.96
30,7,2010,0,83.59,2.64,211.0264684,8.099,0.18,67.8,437893.76
31,7,2010,0,83.59,2.64,211.0264684,8.099,0.18,67.8,1231993.14
16,7,2010,0,70.71,2.69,189.9368504,6.868,0.18,67.8,562633.67
38,7,2010,0,96.31,3.017,126.1069032,14.18,0.18,67.8,336378.38
44,7,2010,0,78.94,2.797,126.1069032,7.804,0.18,67.8,275020.96
4,7,2010,0,80.7,2.65,126.1069032,7.372,0.18,67.8,1796637.61
1,7,2010,0,81.84,2.64,211.3699032,7.787,0.18,67.8,1371986.6
25,7,2010,0,71.99,2.781,204.605272,7.527,0.18,67.8,682124.34
35,7,2010,0,79.78,2.781,136.4554021,8.861,0.18,67.8,1139131.78
14,7,2010,0,79.78,2.781,182.4415378,8.743,0.18,67.8,2054843.28
17,7,2010,0,69.96,2.797,126.1069032,6.697,0.18,67.8,833517.19
3,7,2010,0,82.04,2.64,214.695346,7.346,0.18,67.8,347955.05
34,7,2010,0,72.26,2.65,126.1069032,9.816,0.18,67.8,875976.83
29,7,2010,0,76.35,2.792,132.5983871,10.409,0.18,67.8,509872.77
27,7,2010,0,79.78,2.932,136.4554021,7.982,0.18,67.8,1816489.53
18,7,2010,0,75.79,2.792,132.5983871,9.342,0.18,67.8,1078557.62
20,7,2010,0,76.03,2.781,204.605272,7.527,0.18,67.8,1955896.59
40,7,2010,0,71.35,2.792,132.5983871,5.326,0.18,67.8,953393.02
19,8,2010,0,74.2,2.942,132.6141935,8.099,0.19,68.9,1492060.89
28,8,2010,0,92.95,3.123,126.0854516,14.18,0.19,68.9,1523101.38
27,8,2010,0,77.45,2.942,136.4741118,7.982,0.19,68.9,1908036.68
7,8,2010,0,61.7,2.69,190.0990028,9.017,0.19,68.9,643854.17
23,8,2010,0,70.03,2.792,132.6141935,5.326,0.19,68.9,1417013.07
11,8,2010,0,86.54,2.627,214.8341952,7.346,0.19,68.9,1369634.92
18,8,2010,0,73.67,2.792,132.6141935,9.342,0.19,68.9,1166117.85
31,8,2010,0,90.3,2.627,211.1608049,8.099,0.19,68.9,1352401.08
6,8,2010,0,86.61,2.627,213.0311188,6.973,0.19,68.9,1633241.59
32,8,2010,0,72.95,2.69,190.0990028,9.017,0.19,68.9,1144552.09
39,8,2010,0,84.92,2.627,210.2614925,8.36,0.19,68.9,1409989.67
44,8,2010,0,81.24,2.802,126.0854516,7.804,0.19,68.9,296804.49
22,8,2010,0,74.37,2.792,136.4741118,8.433,0.19,68.9,1010326.14
26,8,2010,0,62.93,2.792,132.6141935,8.445,0.19,68.9,1125329.77
29,8,2010,0,74.37,2.792,132.6141935,10.409,0.19,68.9,519787.93
41,8,2010,0,69.21,2.69,190.0990028,7.335,0.19,68.9,1338132.72
2,8,2010,0,89.53,2.627,211.1608049,8.099,0.19,68.9,1991909.98
14,8,2010,0,77.17,2.784,182.5320862,8.743,0.19,68.9,2219813.5
10,8,2010,0,86.13,3.123,126.0854516,9.199,0.19,68.9,1949236.09
1,8,2010,0,87.16,2.627,211.5046621,7.787,0.19,68.9,1605491.78
4,8,2010,0,76.53,2.64,126.0854516,7.372,0.19,68.9,1907638.58
43,8,2010,0,84.66,2.627,203.4173387,9.816,0.19,68.9,698536.06
24,8,2010,0,74.54,2.942,132.6141935,8.117,0.19,68.9,1442819.28
17,8,2010,0,70.53,2.802,126.0854516,6.697,0.19,68.9,795301.17
8,8,2010,0,80.37,2.627,214.8807793,6.315,0.19,68.9,893399.77
40,8,2010,0,69.16,2.792,132.6141935,5.326,0.19,68.9,1057295.87
3,8,2010,0,85.13,2.627,214.8341952,7.346,0.19,68.9,402635.76
42,8,2010,0,86.13,3.123,126.0854516,9.199,0.19,68.9,579544.21
20,8,2010,0,74.57,2.784,204.7293252,7.527,0.19,68.9,1910177.38
34,8,2010,0,73.8,2.64,126.0854516,9.816,0.19,68.9,987435.35
25,8,2010,0,71.79,2.784,204.7293252,7.527,0.19,68.9,699464.43
5,8,2010,0,86.1,2.627,212.0624447,6.496,0.19,68.9,303043.02
33,8,2010,0,92.51,3.123,126.0854516,9.495,0.19,68.9,262789.95
16,8,2010,0,67.42,2.69,190.0990028,6.868,0.19,68.9,586936.45
36,8,2010,0,85.49,2.573,210.2614925,8.36,0.19,68.9,467442.94
21,8,2010,0,90.3,2.627,211.1608049,8.099,0.19,68.9,739279.19
9,8,2010,0,87.09,2.627,215.064843,6.442,0.19,68.9,522815.45
15,8,2010,0,72.7,2.942,132.6141935,8.099,0.19,68.9,639651.24
30,8,2010,0,90.3,2.627,211.1608049,8.099,0.19,68.9,441407.06
35,8,2010,0,77.45,2.784,136.4741118,8.861,0.19,68.9,1180183.39
45,8,2010,0,77.17,2.784,182.5320862,8.743,0.19,68.9,746517.32
13,8,2010,0,81.24,2.802,126.0854516,7.951,0.19,68.9,1969121.45
38,8,2010,0,92.95,3.123,126.0854516,14.18,0.19,68.9,378574.44
12,8,2010,0,92.95,3.123,126.0854516,14.18,0.19,68.9,967576.95
37,8,2010,0,85.49,2.627,210.2614925,8.36,0.19,68.9,508576.62
37,8,2010,0,86.06,2.692,210.3943056,8.36,0.19,68.9,491815.83
14,8,2010,0,78.44,2.805,182.6226346,8.743,0.19,68.9,2052984.81
17,8,2010,0,65.17,2.837,126.064,6.697,0.19,68.9,759995.18
7,8,2010,0,60.13,2.723,190.2611552,9.017,0.19,68.9,598185.4
32,8,2010,0,74.97,2.723,190.2611552,9.017,0.19,68.9,1157975.68
3,8,2010,0,86.74,2.692,214.9730444,7.346,0.19,68.9,339597.38
21,8,2010,0,89.65,2.692,211.2951413,8.099,0.19,68.9,793589.18
2,8,2010,0,89.05,2.692,211.2951413,8.099,0.19,68.9,1895601.05
30,8,2010,0,89.65,2.692,211.2951413,8.099,0.19,68.9,444160.07
10,8,2010,0,88.37,3.049,126.064,9.199,0.19,68.9,1962996.7
13,8,2010,0,74.93,2.837,126.064,7.951,0.19,68.9,1877592.55
44,8,2010,0,74.93,2.837,126.064,7.804,0.19,68.9,291028.09
22,8,2010,0,74.75,2.81,136.4928214,8.433,0.19,68.9,993097.43
33,8,2010,0,95.57,3.049,126.064,9.495,0.19,68.9,265367.51
25,8,2010,0,72.73,2.805,204.8533784,7.527,0.19,68.9,686072.39
36,8,2010,0,86.06,2.644,210.3943056,8.36,0.19,68.9,470436.8
27,8,2010,0,77.36,2.923,136.4928214,7.982,0.19,68.9,1864436.12
43,8,2010,0,86.31,2.692,203.5385,9.816,0.19,68.9,713479.91
35,8,2010,0,77.36,2.805,136.4928214,8.861,0.19,68.9,1090587.5
12,8,2010,0,87.01,3.159,126.064,14.18,0.19,68.9,928264.4
38,8,2010,0,87.01,3.159,126.064,14.18,0.19,68.9,341400.72
16,8,2010,0,63.91,2.723,190.2611552,6.868,0.19,68.9,543757.97
15,8,2010,0,72.17,2.923,132.63,8.099,0.19,68.9,622437.08
45,8,2010,0,78.44,2.805,182.6226346,8.743,0.19,68.9,722262.21
6,8,2010,0,86.83,2.692,213.1677529,6.973,0.19,68.9,1547654.98
34,8,2010,0,76.72,2.698,126.064,9.816,0.19,68.9,951208.65
40,8,2010,0,67.47,2.81,132.63,5.326,0.19,68.9,924011.76
24,8,2010,0,74.17,2.923,132.63,8.117,0.19,68.9,1384243.75
9,8,2010,0,86.85,2.692,215.2039756,6.442,0.19,68.9,481897.98
5,8,2010,0,87.41,2.692,212.1978889,6.496,0.19,68.9,286477.35
42,8,2010,0,88.37,3.049,126.064,9.199,0.19,68.9,583079.97
4,8,2010,0,78.08,2.698,126.064,7.372,0.19,68.9,2007050.75
20,8,2010,0,75.98,2.805,204.8533784,7.527,0.19,68.9,2071022.45
23,8,2010,0,67.43,2.81,132.63,5.326,0.19,68.9,1346345.97
8,8,2010,0,80.11,2.692,215.0196857,6.315,0.19,68.9,867919.21
28,8,2010,0,87.01,3.159,126.064,14.18,0.19,68.9,1218688.09
31,8,2010,0,89.65,2.692,211.2951413,8.099,0.19,68.9,1327719.34
26,8,2010,0,61.58,2.81,132.63,8.445,0.19,68.9,1011938.29
41,8,2010,0,70.24,2.723,190.2611552,7.335,0.19,68.9,1285976.53
11,8,2010,0,87.73,2.692,214.9730444,7.346,0.19,68.9,1384339.1
1,8,2010,0,87.0,2.692,211.6394211,7.787,0.19,68.9,1508237.76
29,8,2010,0,74.75,2.81,132.63,10.409,0.19,68.9,495269.0
39,8,2010,0,85.66,2.692,210.3943056,8.36,0.19,68.9,1371465.66
18,8,2010,0,74.19,2.81,132.63,9.342,0.19,68.9,1084722.78
19,8,2010,0,72.71,2.923,132.63,8.099,0.19,68.9,1418027.08
4,8,2010,0,78.83,2.671,126.0766452,7.372,0.19,68.9,1997181.09
18,8,2010,0,71.76,2.796,132.6616129,9.342,0.19,68.9,1141860.67
27,8,2010,0,75.16,2.913,136.5249182,7.982,0.19,68.9,1936878.46
3,8,2010,0,88.02,2.664,214.9314191,7.346,0.19,68.9,351728.21
40,8,2010,0,67.05,2.796,132.6616129,5.326,0.19,68.9,932397.0
20,8,2010,0,75.34,2.779,204.8217044,7.527,0.19,68.9,1975374.56
29,8,2010,0,73.21,2.796,132.6616129,10.409,0.19,68.9,531640.19
16,8,2010,0,63.59,2.732,190.2948237,6.868,0.19,68.9,521516.96
23,8,2010,0,68.65,2.796,132.6616129,5.326,0.19,68.9,1439901.05
25,8,2010,0,71.81,2.779,204.8217044,7.527,0.19,68.9,724499.81
30,8,2010,0,89.58,2.664,211.2596586,8.099,0.19,68.9,447139.8
1,8,2010,0,86.65,2.664,211.6033633,7.787,0.19,68.9,1513080.49
44,8,2010,0,76.34,2.85,126.0766452,7.804,0.19,68.9,284740.5
38,8,2010,0,92.81,3.041,126.0766452,14.18,0.19,68.9,329139.73
12,8,2010,0,92.81,3.041,126.0766452,14.18,0.19,68.9,948447.34
8,8,2010,0,79.36,2.664,214.9779825,6.315,0.19,68.9,870676.44
15,8,2010,0,71.1,2.913,132.6616129,8.099,0.19,68.9,637090.44
35,8,2010,0,75.16,2.779,136.5249182,8.861,0.19,68.9,1033719.5
10,8,2010,0,89.88,3.041,126.0766452,9.199,0.19,68.9,1983190.56
31,8,2010,0,89.58,2.664,211.2596586,8.099,0.19,68.9,1376571.21
34,8,2010,0,76.45,2.671,126.0766452,9.816,0.19,68.9,985152.94
41,8,2010,0,66.19,2.732,190.2948237,7.335,0.19,68.9,1353838.39
42,8,2010,0,89.88,3.041,126.0766452,9.199,0.19,68.9,500945.63
28,8,2010,0,92.81,3.041,126.0766452,14.18,0.19,68.9,1195897.6
6,8,2010,0,87.36,2.664,213.1291427,6.973,0.19,68.9,1539930.5
43,8,2010,0,85.26,2.664,203.5092419,9.816,0.19,68.9,712869.09
17,8,2010,0,67.04,2.85,126.0766452,6.697,0.19,68.9,783929.7
11,8,2010,0,88.93,2.664,214.9314191,7.346,0.19,68.9,1430192.37
37,8,2010,0,85.54,2.664,210.3617581,8.36,0.19,68.9,486930.72
26,8,2010,0,62.68,2.796,132.6616129,8.445,0.19,68.9,1007385.36
5,8,2010,0,87.71,2.664,212.1608984,6.496,0.19,68.9,287205.38
36,8,2010,0,85.54,2.604,210.3617581,8.36,0.19,68.9,437949.9
22,8,2010,0,73.21,2.796,136.5249182,8.433,0.19,68.9,1017045.44
7,8,2010,0,59.59,2.732,190.2948237,9.017,0.19,68.9,582353.17
14,8,2010,0,76.01,2.779,182.6165205,8.743,0.19,68.9,2057138.31
13,8,2010,0,76.34,2.85,126.0766452,7.951,0.19,68.9,1997397.63
2,8,2010,0,88.7,2.664,211.2596586,8.099,0.19,68.9,1964335.23
19,8,2010,0,72.22,2.913,132.6616129,8.099,0.19,68.9,1419383.19
32,8,2010,0,71.46,2.732,190.2948237,9.017,0.19,68.9,1189887.86
33,8,2010,0,96.46,3.041,126.0766452,9.495,0.19,68.9,230519.49
39,8,2010,0,85.73,2.664,210.3617581,8.36,0.19,68.9,1471816.52
24,8,2010,0,72.17,2.913,132.6616129,8.117,0.19,68.9,1375307.54
9,8,2010,0,86.3,2.664,215.1619646,6.442,0.19,68.9,499325.38
21,8,2010,0,89.58,2.664,211.2596586,8.099,0.19,68.9,848873.28
45,8,2010,0,76.01,2.779,182.6165205,8.743,0.19,68.9,708568.29
22,8,2010,0,68.99,2.77,136.557015,8.433,0.19,68.9,1081420.96
2,8,2010,0,87.12,2.619,211.2241759,8.099,0.19,68.9,1863840.49
11,8,2010,0,87.7,2.619,214.8897938,7.346,0.19,68.9,1311263.07
23,8,2010,0,63.25,2.77,132.6932258,5.326,0.19,68.9,1584623.36
1,8,2010,0,85.22,2.619,211.5673056,7.787,0.19,68.9,1449142.92
41,8,2010,0,70.59,2.731,190.3284922,7.335,0.19,68.9,1173131.63
7,8,2010,0,57.57,2.731,190.3284922,9.017,0.19,68.9,554309.24
17,8,2010,0,65.03,2.854,126.0892903,6.697,0.19,68.9,802583.89
35,8,2010,0,70.31,2.755,136.557015,8.861,0.19,68.9,917693.06
12,8,2010,0,93.19,3.129,126.0892903,14.18,0.19,68.9,1004516.46
34,8,2010,0,72.87,2.621,126.0892903,9.816,0.19,68.9,855421.39
18,8,2010,0,67.05,2.77,132.6932258,9.342,0.19,68.9,1214302.76
44,8,2010,0,75.31,2.854,126.0892903,7.804,0.19,68.9,293155.08
25,8,2010,0,67.15,2.755,204.7900305,7.527,0.19,68.9,711461.95
36,8,2010,0,84.62,2.562,210.3292106,8.36,0.19,68.9,412050.73
45,8,2010,0,71.36,2.755,182.6104063,8.743,0.19,68.9,721744.33
13,8,2010,0,75.31,2.854,126.0892903,7.951,0.19,68.9,1908278.27
33,8,2010,0,94.0,3.022,126.0892903,9.495,0.19,68.9,224031.19
40,8,2010,0,62.57,2.77,132.6932258,5.326,0.19,68.9,922328.02
24,8,2010,0,67.0,2.885,132.6932258,8.117,0.19,68.9,1350059.35
29,8,2010,0,68.99,2.77,132.6932258,10.409,0.19,68.9,545766.13
6,8,2010,0,85.71,2.619,213.0905324,6.973,0.19,68.9,1450766.12
43,8,2010,0,80.32,2.619,203.4799839,9.816,0.19,68.9,655284.69
28,8,2010,0,93.19,3.129,126.0892903,14.18,0.19,68.9,1191585.92
21,8,2010,0,86.2,2.619,211.2241759,8.099,0.19,68.9,855882.57
38,8,2010,0,93.19,3.129,126.0892903,14.18,0.19,68.9,322868.56
20,8,2010,0,70.51,2.755,204.7900305,7.527,0.19,68.9,1946369.57
16,8,2010,0,65.66,2.731,190.3284922,6.868,0.19,68.9,581010.52
37,8,2010,0,84.62,2.619,210.3292106,8.36,0.19,68.9,512157.25
14,8,2010,0,71.36,2.755,182.6104063,8.743,0.19,68.9,2020332.07
4,8,2010,0,74.44,2.621,126.0892903,7.372,0.19,68.9,1848403.92
3,8,2010,0,86.15,2.619,214.8897938,7.346,0.19,68.9,362134.09
31,8,2010,0,86.2,2.619,211.2241759,8.099,0.19,68.9,1326621.98
8,8,2010,0,74.92,2.619,214.9362793,6.315,0.19,68.9,888816.78
15,8,2010,0,65.07,2.885,132.6932258,8.099,0.19,68.9,649791.15
32,8,2010,0,74.95,2.731,190.3284922,9.017,0.19,68.9,1140501.03
5,8,2010,0,87.05,2.619,212.123908,6.496,0.19,68.9,288519.75
42,8,2010,0,84.99,3.022,126.0892903,9.199,0.19,68.9,465993.51
9,8,2010,0,84.01,2.619,215.1199536,6.442,0.19,68.9,506789.66
19,8,2010,0,66.4,2.885,132.6932258,8.099,0.19,68.9,1557888.16
39,8,2010,0,84.31,2.619,210.3292106,8.36,0.19,68.9,1417515.93
26,8,2010,0,57.23,2.77,132.6932258,8.445,0.19,68.9,977322.52
10,8,2010,0,84.99,3.022,126.0892903,9.199,0.19,68.9,1727565.42
27,8,2010,0,70.31,2.885,136.557015,7.982,0.19,68.9,1870684.21
30,8,2010,0,86.2,2.619,211.2241759,8.099,0.19,68.9,443810.78
6,9,2010,0,82.15,2.577,213.0519222,6.973,0.19,68.2,1510925.32
16,9,2010,0,58.02,2.773,190.3621607,6.868,0.19,68.2,542087.89
36,9,2010,0,82.29,2.533,210.2966631,8.36,0.19,68.2,431294.45
17,9,2010,0,57.86,2.868,126.1019355,6.697,0.19,68.2,834373.73
41,9,2010,0,64.13,2.773,190.3621607,7.335,0.19,68.2,1223355.5
43,9,2010,0,80.43,2.577,203.4507258,9.816,0.19,68.2,689326.91
13,9,2010,0,65.71,2.868,126.1019355,7.951,0.19,68.2,1911852.58
34,9,2010,0,72.59,2.584,126.1019355,9.816,0.19,68.2,964356.74
12,9,2010,0,83.12,3.087,126.1019355,14.18,0.19,68.2,1075758.55
38,9,2010,0,83.12,3.087,126.1019355,14.18,0.19,68.2,377096.55
11,9,2010,0,84.94,2.577,214.8481685,7.346,0.19,68.2,1303914.27
18,9,2010,0,75.42,2.735,132.7248387,9.342,0.19,68.2,1187359.77
37,9,2010,0,82.29,2.577,210.2966631,8.36,0.19,68.2,510427.53
26,9,2010,0,66.93,2.735,132.7248387,8.445,0.19,68.2,1037549.71
7,9,2010,0,49.84,2.773,190.3621607,9.017,0.19,68.2,532765.05
5,9,2010,0,84.06,2.577,212.0869176,6.496,0.19,68.2,323798.0
14,9,2010,0,78.37,2.715,182.6042922,8.743,0.19,68.2,2182563.66
4,9,2010,0,76.8,2.584,126.1019355,7.372,0.19,68.2,1935857.58
8,9,2010,0,76.14,2.577,214.894576,6.315,0.19,68.2,899036.47
19,9,2010,0,74.69,2.86,132.7248387,8.099,0.19,68.2,1623519.64
22,9,2010,0,75.85,2.735,136.5891118,8.433,0.19,68.2,1074535.88
9,9,2010,0,82.47,2.577,215.0779426,6.442,0.19,68.2,511049.06
24,9,2010,0,73.52,2.86,132.7248387,8.117,0.19,68.2,1366381.6
2,9,2010,0,81.83,2.577,211.1886931,8.099,0.19,68.2,1904608.09
45,9,2010,0,78.37,2.715,182.6042922,8.743,0.19,68.2,790144.7
32,9,2010,0,70.2,2.773,190.3621607,9.017,0.19,68.2,1095932.51
39,9,2010,0,82.13,2.577,210.2966631,8.36,0.19,68.2,1345167.61
40,9,2010,0,70.66,2.735,132.7248387,5.326,0.19,68.2,976453.34
33,9,2010,0,90.82,3.087,126.1019355,9.495,0.19,68.2,237405.82
28,9,2010,0,83.12,3.087,126.1019355,14.18,0.19,68.2,1523410.71
20,9,2010,0,75.5,2.715,204.7583566,7.527,0.19,68.2,2121561.41
3,9,2010,0,84.16,2.577,214.8481685,7.346,0.19,68.2,366473.97
42,9,2010,0,83.8,3.087,126.1019355,9.199,0.19,68.2,524658.06
31,9,2010,0,82.57,2.577,211.1886931,8.099,0.19,68.2,1302047.48
44,9,2010,0,65.71,2.868,126.1019355,7.804,0.19,68.2,295880.12
15,9,2010,0,73.17,2.86,132.7248387,8.099,0.19,68.2,638647.21
1,9,2010,0,81.21,2.577,211.5312479,7.787,0.19,68.2,1540163.53
10,9,2010,0,83.8,3.087,126.1019355,9.199,0.19,68.2,1766331.45
25,9,2010,0,71.17,2.715,204.7583566,7.527,0.19,68.2,685700.08
35,9,2010,0,78.52,2.715,136.5891118,8.861,0.19,68.2,948660.79
30,9,2010,0,82.57,2.577,211.1886931,8.099,0.19,68.2,461548.98
27,9,2010,0,78.52,2.86,136.5891118,7.982,0.19,68.2,1908110.9
23,9,2010,0,72.91,2.735,132.7248387,5.326,0.19,68.2,1405119.23
21,9,2010,0,82.57,2.577,211.1886931,8.099,0.19,68.2,727772.8
29,9,2010,0,75.85,2.735,132.7248387,10.409,0.19,68.2,579272.38
22,9,2010,1,68.6,2.717,136.6212085,8.433,0.19,68.2,924174.4
24,9,2010,1,67.11,2.837,132.7564516,8.117,0.19,68.2,1474498.59
30,9,2010,1,79.3,2.565,211.1532104,8.099,0.19,68.2,455162.92
2,9,2010,1,79.09,2.565,211.1532104,8.099,0.19,68.2,1839128.83
25,9,2010,1,61.14,2.699,204.7266827,7.527,0.19,68.2,655811.95
45,9,2010,1,70.87,2.699,182.598178,8.743,0.19,68.2,721460.22
9,9,2010,1,77.7,2.565,215.0359315,6.442,0.19,68.2,484835.2
32,9,2010,1,68.44,2.78,190.3958293,9.017,0.19,68.2,1028635.39
39,9,2010,1,79.94,2.565,210.2641156,8.36,0.19,68.2,1279666.47
41,9,2010,1,63.3,2.78,190.3958293,7.335,0.19,68.2,1172672.27
42,9,2010,1,84.04,2.961,126.1145806,9.199,0.19,68.2,589091.04
44,9,2010,1,65.74,2.87,126.1145806,7.804,0.19,68.2,283455.13
19,9,2010,1,63.36,2.837,132.7564516,8.099,0.19,68.2,1591453.39
10,9,2010,1,84.04,2.961,126.1145806,9.199,0.19,68.2,1720530.23
26,9,2010,1,54.82,2.717,132.7564516,8.445,0.19,68.2,1042226.3
5,9,2010,1,79.86,2.565,212.0499271,6.496,0.19,68.2,306533.08
6,9,2010,1,78.78,2.565,213.013312,6.973,0.19,68.2,1424225.44
27,9,2010,1,70.38,2.837,136.6212085,7.982,0.19,68.2,1913494.81
43,9,2010,1,81.32,2.565,203.4214677,9.816,0.19,68.2,722120.04
28,9,2010,1,83.63,3.044,126.1145806,14.18,0.19,68.2,1246062.17
1,9,2010,1,78.69,2.565,211.4951902,7.787,0.19,68.2,1507460.69
8,9,2010,1,74.34,2.565,214.8528728,6.315,0.19,68.2,831425.2
33,9,2010,1,91.77,2.961,126.1145806,9.495,0.19,68.2,272834.88
36,9,2010,1,80.58,2.513,210.2641156,8.36,0.19,68.2,434471.38
38,9,2010,1,83.63,3.044,126.1145806,14.18,0.19,68.2,336227.69
21,9,2010,1,79.3,2.565,211.1532104,8.099,0.19,68.2,674055.81
12,9,2010,1,83.63,3.044,126.1145806,14.18,0.19,68.2,903119.03
34,9,2010,1,72.61,2.574,126.1145806,9.816,0.19,68.2,932240.96
13,9,2010,1,65.74,2.87,126.1145806,7.951,0.19,68.2,1772143.94
35,9,2010,1,70.38,2.699,136.6212085,8.861,0.19,68.2,961685.98
16,9,2010,1,57.24,2.78,190.3958293,6.868,0.19,68.2,537518.57
11,9,2010,1,81.93,2.565,214.8065431,7.346,0.19,68.2,1231428.46
15,9,2010,1,62.36,2.837,132.7564516,8.099,0.19,68.2,641965.2
31,9,2010,1,79.3,2.565,211.1532104,8.099,0.19,68.2,1308179.02
3,9,2010,1,80.84,2.565,214.8065431,7.346,0.19,68.2,352260.97
17,9,2010,1,56.28,2.87,126.1145806,6.697,0.19,68.2,1200888.28
37,9,2010,1,80.58,2.565,210.2641156,8.36,0.19,68.2,510296.07
23,9,2010,1,63.21,2.717,132.7564516,5.326,0.19,68.2,1272842.85
14,9,2010,1,70.87,2.699,182.598178,8.743,0.19,68.2,2191767.76
18,9,2010,1,67.09,2.717,132.7564516,9.342,0.19,68.2,1011201.12
29,9,2010,1,68.6,2.717,132.7564516,10.409,0.19,68.2,491290.37
20,9,2010,1,65.02,2.699,204.7266827,7.527,0.19,68.2,2014954.79
4,9,2010,1,73.54,2.574,126.1145806,7.372,0.19,68.2,1865820.81
40,9,2010,1,62.75,2.717,132.7564516,5.326,0.19,68.2,967310.82
7,9,2010,1,48.5,2.78,190.3958293,9.017,0.19,68.2,535769.32
23,9,2010,0,55.3,2.716,132.7670667,5.326,0.19,68.2,1159132.58
43,9,2010,0,78.86,2.582,203.4499286,9.816,0.19,68.2,725043.04
38,9,2010,0,82.45,3.028,126.1454667,14.18,0.19,68.2,336253.19
12,9,2010,0,82.45,3.028,126.1454667,14.18,0.19,68.2,852882.61
34,9,2010,0,70.71,2.594,126.1454667,9.816,0.19,68.2,885445.47
6,9,2010,0,81.78,2.582,213.0398643,6.973,0.19,68.2,1308537.75
27,9,2010,0,64.5,2.846,136.6338071,7.982,0.19,68.2,1629978.46
5,9,2010,0,82.28,2.582,212.0769346,6.496,0.19,68.2,282558.65
35,9,2010,0,64.5,2.706,136.6338071,8.861,0.19,68.2,831443.61
8,9,2010,0,75.32,2.582,214.8785562,6.315,0.19,68.2,836707.85
4,9,2010,0,64.91,2.594,126.1454667,7.372,0.19,68.2,1899959.61
20,9,2010,0,65.28,2.706,204.7513279,7.527,0.19,68.2,1948359.78
19,9,2010,0,58.68,2.846,132.7670667,8.099,0.19,68.2,1386789.31
42,9,2010,0,85.52,3.028,126.1454667,9.199,0.19,68.2,536871.58
40,9,2010,0,55.34,2.716,132.7670667,5.326,0.19,68.2,855046.95
24,9,2010,0,60.31,2.846,132.7670667,8.117,0.19,68.2,1273295.46
45,9,2010,0,66.55,2.706,182.622509,8.743,0.19,68.2,716987.58
15,9,2010,0,57.94,2.846,132.7670667,8.099,0.19,68.2,583210.87
9,9,2010,0,81.19,2.582,215.0615285,6.442,0.19,68.2,463448.59
1,9,2010,0,82.11,2.582,211.5224596,7.787,0.19,68.2,1430378.67
17,9,2010,0,58.53,2.875,126.1454667,6.697,0.19,68.2,871264.25
29,9,2010,0,62.49,2.716,132.7670667,10.409,0.19,68.2,463752.89
31,9,2010,0,83.03,2.582,211.1806415,8.099,0.19,68.2,1294105.01
11,9,2010,0,83.04,2.582,214.8322484,7.346,0.19,68.2,1215676.31
28,9,2010,0,82.45,3.028,126.1454667,14.18,0.19,68.2,1159812.35
25,9,2010,0,60.13,2.706,204.7513279,7.527,0.19,68.2,628989.88
14,9,2010,0,66.55,2.706,182.622509,8.743,0.19,68.2,1953539.85
30,9,2010,0,83.03,2.582,211.1806415,8.099,0.19,68.2,462058.19
37,9,2010,0,82.1,2.582,210.2924504,8.36,0.19,68.2,501251.4
36,9,2010,0,82.1,2.55,210.2924504,8.36,0.19,68.2,454694.21
22,9,2010,0,62.49,2.716,136.6338071,8.433,0.19,68.2,918285.97
16,9,2010,0,56.55,2.8,190.4688287,6.868,0.19,68.2,522049.52
13,9,2010,0,66.84,2.875,126.1454667,7.951,0.19,68.2,1790279.74
2,9,2010,0,82.05,2.582,211.1806415,8.099,0.19,68.2,1793903.6
7,9,2010,0,48.56,2.8,190.4688287,9.017,0.19,68.2,489408.53
32,9,2010,0,67.17,2.8,190.4688287,9.017,0.19,68.2,1043962.36
44,9,2010,0,66.84,2.875,126.1454667,7.804,0.19,68.2,279364.13
18,9,2010,0,60.94,2.716,132.7670667,9.342,0.19,68.2,997998.21
41,9,2010,0,62.4,2.8,190.4688287,7.335,0.19,68.2,1111170.91
10,9,2010,0,85.52,3.028,126.1454667,9.199,0.19,68.2,1716755.78
3,9,2010,0,82.36,2.582,214.8322484,7.346,0.19,68.2,363064.64
26,9,2010,0,50.08,2.716,132.7670667,8.445,0.19,68.2,923473.7
33,9,2010,0,89.43,3.028,126.1454667,9.495,0.19,68.2,246277.18
21,9,2010,0,83.03,2.582,211.1806415,8.099,0.19,68.2,684340.86
39,9,2010,0,81.83,2.582,210.2924504,8.36,0.19,68.2,1252915.43
3,9,2010,0,76.9,2.624,214.9084516,7.346,0.19,68.2,355626.87
7,9,2010,0,47.55,2.793,190.5713264,9.017,0.19,68.2,488008.83
21,9,2010,0,80.79,2.624,211.2552578,8.099,0.19,68.2,671688.06
37,9,2010,0,79.17,2.624,210.3664469,8.36,0.19,68.2,494265.48
35,9,2010,0,67.08,2.713,136.6317821,8.861,0.19,68.2,758069.78
41,9,2010,0,60.11,2.793,190.5713264,7.335,0.19,68.2,1110941.78
40,9,2010,0,55.63,2.718,132.7619333,5.326,0.19,68.2,844373.31
30,9,2010,0,80.79,2.624,211.2552578,8.099,0.19,68.2,448392.17
29,9,2010,0,65.14,2.718,132.7619333,10.409,0.19,68.2,465338.41
16,9,2010,0,58.19,2.793,190.5713264,6.868,0.19,68.2,511330.32
8,9,2010,0,72.21,2.624,214.9547795,6.315,0.19,68.2,773725.08
31,9,2010,0,80.79,2.624,211.2552578,8.099,0.19,68.2,1230250.25
17,9,2010,0,58.39,2.872,126.1900333,6.697,0.19,68.2,852876.29
13,9,2010,0,68.22,2.872,126.1900333,7.951,0.19,68.2,1705655.09
34,9,2010,0,69.78,2.642,126.1900333,9.816,0.19,68.2,867539.07
38,9,2010,0,81.77,2.939,126.1900333,14.18,0.19,68.2,330604.9
33,9,2010,0,91.18,2.939,126.1900333,9.495,0.19,68.2,231976.84
11,9,2010,0,77.36,2.624,214.9084516,7.346,0.19,68.2,1170103.25
12,9,2010,0,81.77,2.939,126.1900333,14.18,0.19,68.2,851919.34
36,9,2010,0,79.17,2.578,210.3664469,8.36,0.19,68.2,419348.59
18,9,2010,0,64.82,2.718,132.7619333,9.342,0.19,68.2,950862.92
4,9,2010,0,60.96,2.642,126.1900333,7.372,0.19,68.2,1810684.68
14,9,2010,0,68.59,2.713,182.6696737,8.743,0.19,68.2,1879891.13
43,9,2010,0,77.42,2.624,203.5216786,9.816,0.19,68.2,650263.95
20,9,2010,0,69.37,2.713,204.8182126,7.527,0.19,68.2,1789687.65
28,9,2010,0,81.77,2.939,126.1900333,14.18,0.19,68.2,1111797.21
5,9,2010,0,78.53,2.624,212.1519404,6.496,0.19,68.2,293131.58
10,9,2010,0,85.75,2.939,126.1900333,9.199,0.19,68.2,1655036.75
27,9,2010,0,67.08,2.837,136.6317821,7.982,0.19,68.2,1597002.71
6,9,2010,0,76.49,2.624,213.1152886,6.973,0.19,68.2,1275591.84
26,9,2010,0,52.47,2.718,132.7619333,8.445,0.19,68.2,868636.3
39,9,2010,0,78.5,2.624,210.3664469,8.36,0.19,68.2,1199449.54
19,9,2010,0,63.43,2.837,132.7619333,8.099,0.19,68.2,1318343.58
9,9,2010,0,77.15,2.624,215.1378313,6.442,0.19,68.2,452905.22
23,9,2010,0,57.75,2.718,132.7619333,5.326,0.19,68.2,1099055.65
45,9,2010,0,68.59,2.713,182.6696737,8.743,0.19,68.2,678228.58
32,9,2010,0,64.19,2.793,190.5713264,9.017,0.19,68.2,1067432.1
15,9,2010,0,62.53,2.837,132.7619333,8.099,0.19,68.2,548542.47
44,9,2010,0,68.22,2.872,126.1900333,7.804,0.19,68.2,281313.78
24,9,2010,0,64.3,2.837,132.7619333,8.117,0.19,68.2,1169413.27
2,9,2010,0,81.79,2.624,211.2552578,8.099,0.19,68.2,1724557.22
1,9,2010,0,80.94,2.624,211.5972246,7.787,0.19,68.2,1351791.03
25,9,2010,0,65.06,2.713,204.8182126,7.527,0.19,68.2,607819.33
22,9,2010,0,65.14,2.718,136.6317821,8.433,0.19,68.2,902779.25
42,9,2010,0,85.75,2.939,126.1900333,9.199,0.19,68.2,492262.96
23,10,2010,0,62.07,2.717,132.7568,5.287,0.19,67.7,1129909.44
10,10,2010,0,86.01,3.001,126.2346,9.003,0.19,67.7,1645892.97
15,10,2010,0,59.69,2.84,132.7568,8.067,0.19,67.7,566945.95
1,10,2010,0,71.89,2.603,211.6719895,7.838,0.19,67.7,1453329.5
41,10,2010,0,62.67,2.759,190.6738241,7.508,0.19,67.7,1109216.35
25,10,2010,0,57.56,2.707,204.8850973,7.484,0.19,67.7,658640.14
42,10,2010,0,86.01,3.001,126.2346,9.003,0.19,67.7,481523.93
27,10,2010,0,70.19,2.84,136.6297571,8.021,0.19,67.7,1543532.83
19,10,2010,0,59.91,2.84,132.7568,8.067,0.19,67.7,1379456.3
29,10,2010,0,69.31,2.717,132.7568,10.524,0.19,67.7,474698.01
30,10,2010,0,70.28,2.603,211.3298742,8.163,0.19,67.7,445475.3
44,10,2010,0,68.74,2.853,126.2346,7.61,0.19,67.7,300152.45
28,10,2010,0,85.2,3.001,126.2346,14.313,0.19,67.7,1203080.41
18,10,2010,0,67.76,2.717,132.7568,9.331,0.19,67.7,948977.5
31,10,2010,0,70.28,2.603,211.3298742,8.163,0.19,67.7,1213981.64
21,10,2010,0,70.28,2.603,211.3298742,8.163,0.19,67.7,677158.39
17,10,2010,0,60.07,2.853,126.2346,6.885,0.19,67.7,829207.27
11,10,2010,0,75.11,2.603,214.9846548,7.564,0.19,67.7,1182490.46
26,10,2010,0,57.8,2.717,132.7568,8.149,0.19,67.7,923221.52
45,10,2010,0,70.58,2.707,182.7168385,8.724,0.19,67.7,690007.76
22,10,2010,0,69.31,2.717,136.6297571,8.572,0.19,67.7,905987.17
32,10,2010,0,66.14,2.759,190.6738241,9.137,0.19,67.7,1061089.56
39,10,2010,0,72.74,2.603,210.4404433,8.476,0.19,67.7,1219583.91
9,10,2010,0,69.08,2.603,215.2141341,6.56,0.19,67.7,495692.19
3,10,2010,0,73.6,2.603,214.9846548,7.564,0.19,67.7,358784.1
14,10,2010,0,70.58,2.707,182.7168385,8.724,0.19,67.7,1855703.66
37,10,2010,0,74.66,2.603,210.4404433,8.476,0.19,67.7,529877.93
4,10,2010,0,63.96,2.619,126.2346,7.127,0.19,67.7,1842821.02
7,10,2010,0,49.99,2.759,190.6738241,9.137,0.19,67.7,448998.73
40,10,2010,0,62.01,2.717,132.7568,5.287,0.19,67.7,891152.33
36,10,2010,0,74.66,2.567,210.4404433,8.476,0.19,67.7,422169.47
8,10,2010,0,68.7,2.603,215.0310029,6.433,0.19,67.7,804105.49
2,10,2010,0,69.24,2.603,211.3298742,8.163,0.19,67.7,1827440.43
24,10,2010,0,66.88,2.84,132.7568,8.275,0.19,67.7,1215273.2
16,10,2010,0,59.39,2.759,190.6738241,6.986,0.19,67.7,463977.54
13,10,2010,0,68.74,2.853,126.2346,7.795,0.19,67.7,1765584.48
34,10,2010,0,70.13,2.619,126.2346,10.21,0.19,67.7,865709.11
6,10,2010,0,70.69,2.603,213.1907129,7.007,0.19,67.7,1328468.89
12,10,2010,0,85.2,3.001,126.2346,14.313,0.19,67.7,850936.26
35,10,2010,0,70.19,2.707,136.6297571,8.763,0.19,67.7,771065.21
33,10,2010,0,91.45,3.001,126.2346,9.265,0.19,67.7,224294.39
43,10,2010,0,77.93,2.603,203.5934286,10.21,0.19,67.7,657108.77
20,10,2010,0,61.08,2.707,204.8850973,7.484,0.19,67.7,1933719.21
5,10,2010,0,71.1,2.603,212.2269463,6.768,0.19,67.7,283178.12
38,10,2010,0,85.2,3.001,126.2346,14.313,0.19,67.7,360256.58
22,10,2010,0,56.32,2.776,136.6277321,8.572,0.19,67.7,1015051.62
20,10,2010,0,51.5,2.764,204.951982,7.484,0.19,67.7,2060389.27
26,10,2010,0,46.81,2.776,132.7516667,8.149,0.19,67.7,1001069.52
27,10,2010,0,57.78,2.903,136.6277321,8.021,0.19,67.7,1707662.87
19,10,2010,0,53.74,2.903,132.7516667,8.067,0.19,67.7,1428960.72
15,10,2010,0,52.19,2.903,132.7516667,8.067,0.19,67.7,591603.79
23,10,2010,0,50.75,2.776,132.7516667,5.287,0.19,67.7,1179851.68
21,10,2010,0,65.76,2.633,211.4044906,8.163,0.19,67.7,680579.49
25,10,2010,0,48.46,2.764,204.951982,7.484,0.19,67.7,674283.86
32,10,2010,0,61.81,2.745,190.7763218,9.137,0.19,67.7,1085483.44
14,10,2010,0,56.49,2.764,182.7640032,8.724,0.19,67.7,2091663.2
28,10,2010,0,71.82,3.013,126.2791667,14.313,0.19,67.7,1334571.87
18,10,2010,0,54.73,2.776,132.7516667,9.331,0.19,67.7,1107432.71
31,10,2010,0,65.76,2.633,211.4044906,8.163,0.19,67.7,1300131.68
34,10,2010,0,65.21,2.645,126.2791667,10.21,0.19,67.7,931710.67
13,10,2010,0,63.03,2.841,126.2791667,7.795,0.19,67.7,1871924.07
29,10,2010,0,56.32,2.776,132.7516667,10.524,0.19,67.7,530059.06
17,10,2010,0,58.06,2.841,126.2791667,6.885,0.19,67.7,827738.06
16,10,2010,0,54.29,2.745,190.7763218,6.986,0.19,67.7,442894.2
30,10,2010,0,65.76,2.633,211.4044906,8.163,0.19,67.7,462080.47
24,10,2010,0,54.82,2.903,132.7516667,8.275,0.19,67.7,1361944.94
33,10,2010,0,79.02,2.924,126.2791667,9.265,0.19,67.7,266484.19
12,10,2010,0,71.82,3.013,126.2791667,14.313,0.19,67.7,918335.68
10,10,2010,0,77.04,2.924,126.2791667,9.003,0.19,67.7,1772192.42
6,10,2010,0,65.21,2.633,213.2661373,7.007,0.19,67.7,1360317.9
41,10,2010,0,57.1,2.745,190.7763218,7.508,0.19,67.7,1162042.24
11,10,2010,0,68.71,2.633,215.060858,7.564,0.19,67.7,1293472.8
36,10,2010,0,66.34,2.595,210.5144398,8.476,0.19,67.7,444351.61
1,10,2010,0,63.93,2.633,211.7467544,7.838,0.19,67.7,1508239.93
45,10,2010,0,56.49,2.764,182.7640032,8.724,0.19,67.7,745782.1
2,10,2010,0,63.19,2.633,211.4044906,8.163,0.19,67.7,1849921.44
40,10,2010,0,52.02,2.776,132.7516667,5.287,0.19,67.7,972405.38
7,10,2010,0,44.13,2.745,190.7763218,9.137,0.19,67.7,480239.88
37,10,2010,0,66.34,2.633,210.5144398,8.476,0.19,67.7,524483.65
44,10,2010,0,63.03,2.841,126.2791667,7.61,0.19,67.7,279524.44
3,10,2010,0,66.99,2.633,215.060858,7.564,0.19,67.7,395107.35
9,10,2010,0,65.35,2.633,215.290437,6.56,0.19,67.7,505069.21
38,10,2010,0,71.82,3.013,126.2791667,14.313,0.19,67.7,351271.36
35,10,2010,0,57.78,2.764,136.6277321,8.763,0.19,67.7,874615.32
43,10,2010,0,72.81,2.633,203.6651786,10.21,0.19,67.7,713332.54
42,10,2010,0,77.04,2.924,126.2791667,9.003,0.19,67.7,599759.45
8,10,2010,0,62.94,2.633,215.1072262,6.433,0.19,67.7,870349.86
39,10,2010,0,64.8,2.633,210.5144398,8.476,0.19,67.7,1286598.59
5,10,2010,0,64.99,2.633,212.3019522,6.768,0.19,67.7,290494.85
4,10,2010,0,67.73,2.645,126.2791667,7.127,0.19,67.7,1951494.85
17,10,2010,0,47.35,2.845,126.3266774,6.885,0.19,67.7,838297.32
2,10,2010,0,65.8,2.72,211.4713286,8.163,0.19,67.7,1794355.49
19,10,2010,0,51.32,2.999,132.7633548,8.067,0.19,67.7,1369317.63
31,10,2010,0,68.61,2.72,211.4713286,8.163,0.19,67.7,1265852.43
27,10,2010,0,58.38,2.999,136.6401935,8.021,0.19,67.7,1728388.2
22,10,2010,0,55.23,2.878,136.6401935,8.572,0.19,67.7,954401.46
13,10,2010,0,54.12,2.845,126.3266774,7.795,0.19,67.7,1851431.06
5,10,2010,0,68.11,2.72,212.3691867,6.768,0.19,67.7,280681.2
16,10,2010,0,45.0,2.762,190.8623087,6.986,0.19,67.7,452169.28
39,10,2010,0,69.96,2.72,210.5805944,8.476,0.19,67.7,1238742.0
11,10,2010,0,71.46,2.72,215.1293114,7.564,0.19,67.7,1175003.67
18,10,2010,0,52.02,2.878,132.7633548,9.331,0.19,67.7,1029618.1
41,10,2010,0,49.91,2.762,190.8623087,7.508,0.19,67.7,1133913.33
6,10,2010,0,68.93,2.72,213.3337977,7.007,0.19,67.7,1344580.92
24,10,2010,0,52.83,2.999,132.7633548,8.275,0.19,67.7,1300806.74
45,10,2010,0,58.61,2.868,182.8106203,8.724,0.19,67.7,715263.3
36,10,2010,0,71.57,2.705,210.5805944,8.476,0.19,67.7,453308.15
33,10,2010,0,80.49,3.08,126.3266774,9.265,0.19,67.7,251732.92
42,10,2010,0,75.48,3.08,126.3266774,9.003,0.19,67.7,559285.35
7,10,2010,0,35.86,2.762,190.8623087,9.137,0.19,67.7,463370.48
15,10,2010,0,49.96,2.999,132.7633548,8.067,0.19,67.7,577011.26
38,10,2010,0,75.0,2.976,126.3266774,14.313,0.19,67.7,337743.26
20,10,2010,0,59.17,2.868,205.0137637,7.484,0.19,67.7,1950676.39
43,10,2010,0,68.78,2.72,203.7299032,10.21,0.19,67.7,699852.68
9,10,2010,0,67.36,2.72,215.3589917,6.56,0.19,67.7,454769.68
26,10,2010,0,39.93,2.878,132.7633548,8.149,0.19,67.7,937956.89
30,10,2010,0,68.61,2.72,211.4713286,8.163,0.19,67.7,453943.89
32,10,2010,0,52.96,2.762,190.8623087,9.137,0.19,67.7,1096692.88
28,10,2010,0,75.0,2.976,126.3266774,14.313,0.19,67.7,1158062.99
3,10,2010,0,69.71,2.72,215.1293114,7.564,0.19,67.7,345584.39
44,10,2010,0,54.12,2.845,126.3266774,7.61,0.19,67.7,268708.43
34,10,2010,0,59.57,2.732,126.3266774,10.21,0.19,67.7,888703.62
14,10,2010,0,58.61,2.868,182.8106203,8.724,0.19,67.7,1932162.63
37,10,2010,0,71.57,2.72,210.5805944,8.476,0.19,67.7,498925.86
4,10,2010,0,62.03,2.732,126.3266774,7.127,0.19,67.7,1867345.09
10,10,2010,0,75.48,3.08,126.3266774,9.003,0.19,67.7,1703850.25
25,10,2010,0,54.09,2.868,205.0137637,7.484,0.19,67.7,616094.72
40,10,2010,0,44.56,2.878,132.7633548,5.287,0.19,67.7,917883.17
21,10,2010,0,68.61,2.72,211.4713286,8.163,0.19,67.7,693412.05
35,10,2010,0,58.38,2.868,136.6401935,8.763,0.19,67.7,798376.99
8,10,2010,0,62.59,2.72,215.1757,6.433,0.19,67.7,826546.96
1,10,2010,0,67.18,2.72,211.8137436,7.838,0.19,67.7,1459409.1
23,10,2010,0,45.55,2.878,132.7633548,5.287,0.19,67.7,1119809.71
12,10,2010,0,75.0,2.976,126.3266774,14.313,0.19,67.7,862419.84
29,10,2010,0,55.23,2.878,132.7633548,10.524,0.19,67.7,483011.69
11,10,2010,0,72.6,2.725,215.17839,7.564,0.19,67.7,1169831.38
14,10,2010,0,53.15,2.917,182.8558685,8.724,0.19,67.7,1936621.09
29,10,2010,0,50.24,2.919,132.8170968,10.524,0.19,67.7,505221.17
40,10,2010,0,41.25,2.919,132.8170968,5.287,0.19,67.7,882180.91
37,10,2010,0,72.24,2.725,210.6271444,8.476,0.19,67.7,510425.4
5,10,2010,0,70.96,2.725,212.4169928,6.768,0.19,67.7,284988.27
8,10,2010,0,62.86,2.725,215.2248,6.433,0.19,67.7,836419.14
7,10,2010,0,36.84,2.762,190.9070184,9.137,0.19,67.7,472450.81
45,10,2010,0,53.15,2.917,182.8558685,8.724,0.19,67.7,730899.37
10,10,2010,0,68.12,3.014,126.3815484,9.003,0.19,67.7,1740234.06
24,10,2010,0,48.69,3.049,132.8170968,8.275,0.19,67.7,1234875.33
31,10,2010,0,70.72,2.725,211.5187208,8.163,0.19,67.7,1262289.29
2,10,2010,0,68.5,2.725,211.5187208,8.163,0.19,67.7,1737947.64
17,10,2010,0,47.95,2.849,126.3815484,6.885,0.19,67.7,815093.76
9,10,2010,0,69.99,2.725,215.4081762,6.56,0.19,67.7,466322.76
38,10,2010,0,68.85,3.014,126.3815484,14.313,0.19,67.7,339042.18
4,10,2010,0,64.17,2.736,126.3815484,7.127,0.19,67.7,1927610.06
27,10,2010,0,52.82,3.049,136.688871,8.021,0.19,67.7,1693935.29
6,10,2010,0,70.97,2.725,213.3820486,7.007,0.19,67.7,1332716.53
15,10,2010,0,47.1,3.049,132.8170968,8.067,0.19,67.7,600395.73
44,10,2010,0,56.89,2.849,126.3815484,7.61,0.19,67.7,270110.3
41,10,2010,0,48.09,2.762,190.9070184,7.508,0.19,67.7,1156003.7
18,10,2010,0,47.12,2.919,132.8170968,9.331,0.19,67.7,1052120.43
19,10,2010,0,48.45,3.049,132.8170968,8.067,0.19,67.7,1357154.71
12,10,2010,0,68.85,3.014,126.3815484,14.313,0.19,67.7,857883.46
23,10,2010,0,43.19,2.919,132.8170968,5.287,0.19,67.7,1147503.92
22,10,2010,0,50.24,2.919,136.688871,8.572,0.19,67.7,960998.52
13,10,2010,0,56.89,2.849,126.3815484,7.795,0.19,67.7,1796949.59
32,10,2010,0,52.3,2.762,190.9070184,9.137,0.19,67.7,1102185.0
30,10,2010,0,70.72,2.725,211.5187208,8.163,0.19,67.7,459631.74
1,10,2010,0,69.86,2.725,211.8612937,7.838,0.19,67.7,1345454.0
35,10,2010,0,52.82,2.917,136.688871,8.763,0.19,67.7,827705.82
20,10,2010,0,50.52,2.917,205.0627881,7.484,0.19,67.7,1893955.27
39,10,2010,0,71.73,2.725,210.6271444,8.476,0.19,67.7,1261109.01
33,10,2010,0,74.2,3.014,126.3815484,9.265,0.19,67.7,234175.92
21,10,2010,0,70.72,2.725,211.5187208,8.163,0.19,67.7,710668.45
43,10,2010,0,69.46,2.725,203.7770645,10.21,0.19,67.7,680943.03
3,10,2010,0,71.64,2.725,215.17839,7.564,0.19,67.7,348895.98
16,10,2010,0,45.85,2.762,190.9070184,6.986,0.19,67.7,541216.92
28,10,2010,0,68.85,3.014,126.3815484,14.313,0.19,67.7,1120619.32
36,10,2010,0,72.24,2.698,210.6271444,8.476,0.19,67.7,424956.3
34,10,2010,0,58.11,2.736,126.3815484,10.21,0.19,67.7,936293.6
26,10,2010,0,36.13,2.919,132.8170968,8.149,0.19,67.7,916522.66
25,10,2010,0,46.73,2.917,205.0627881,7.484,0.19,67.7,661644.19
42,10,2010,0,68.12,3.014,126.3815484,9.003,0.19,67.7,522467.51
36,10,2010,0,76.22,2.68,210.6736944,8.476,0.19,67.7,392654.26
20,10,2010,0,57.56,2.921,205.1118126,7.484,0.19,67.7,1891816.0
11,10,2010,0,74.21,2.716,215.2274686,7.564,0.19,67.7,1195036.0
5,10,2010,0,70.58,2.716,212.464799,6.768,0.19,67.7,278031.81
33,10,2010,0,71.34,3.13,126.4364194,9.265,0.19,67.7,213538.32
4,10,2010,0,56.94,2.718,126.4364194,7.127,0.19,67.7,1933333.0
7,10,2010,0,34.78,2.748,190.951728,9.137,0.19,67.7,465493.15
40,10,2010,0,47.1,2.938,132.8708387,5.287,0.19,67.7,875038.84
44,10,2010,0,45.12,2.841,126.4364194,7.61,0.19,67.7,286497.49
1,10,2010,0,69.64,2.716,211.9088438,7.838,0.19,67.7,1384209.22
18,10,2010,0,55.85,2.938,132.8708387,9.331,0.19,67.7,1038576.54
13,10,2010,0,45.12,2.841,126.4364194,7.795,0.19,67.7,1887895.07
31,10,2010,0,67.51,2.716,211.5661131,8.163,0.19,67.7,1257921.28
12,10,2010,0,61.09,3.016,126.4364194,14.313,0.19,67.7,955294.7
2,10,2010,0,66.24,2.716,211.5661131,8.163,0.19,67.7,1802755.11
41,10,2010,0,42.16,2.748,190.951728,7.508,0.19,67.7,1144854.56
8,10,2010,0,57.93,2.716,215.2739,6.433,0.19,67.7,830756.76
32,10,2010,0,45.45,2.748,190.951728,9.137,0.19,67.7,1115138.51
30,10,2010,0,67.51,2.716,211.5661131,8.163,0.19,67.7,438334.39
35,10,2010,0,61.02,2.921,136.7375484,8.763,0.19,67.7,857797.33
39,10,2010,0,75.14,2.716,210.6736944,8.476,0.19,67.7,1294769.08
3,10,2010,0,72.04,2.716,215.2274686,7.564,0.19,67.7,348591.74
34,10,2010,0,50.78,2.718,126.4364194,10.21,0.19,67.7,926294.02
21,10,2010,0,67.51,2.716,211.5661131,8.163,0.19,67.7,731756.65
42,10,2010,0,68.76,3.13,126.4364194,9.003,0.19,67.7,476967.65
43,10,2010,0,65.88,2.716,203.8242258,10.21,0.19,67.7,610076.32
16,10,2010,0,35.76,2.748,190.951728,6.986,0.19,67.7,495022.51
28,10,2010,0,61.09,3.016,126.4364194,14.313,0.19,67.7,1231688.48
26,10,2010,0,40.3,2.938,132.8708387,8.149,0.19,67.7,895069.88
25,10,2010,0,55.72,2.921,205.1118126,7.484,0.19,67.7,674458.03
6,10,2010,0,70.39,2.716,213.4302994,7.007,0.19,67.7,1385323.7
14,10,2010,0,61.3,2.921,182.9011166,8.724,0.19,67.7,1984768.34
22,10,2010,0,57.73,2.938,136.7375484,8.572,0.19,67.7,1025766.27
15,10,2010,0,55.09,3.055,132.8708387,8.067,0.19,67.7,598301.5
27,10,2010,0,61.02,3.055,136.7375484,8.021,0.19,67.7,1688955.49
19,10,2010,0,56.11,3.055,132.8708387,8.067,0.19,67.7,1404576.48
9,10,2010,0,64.43,2.716,215.4573607,6.56,0.19,67.7,508801.61
38,10,2010,0,61.09,3.016,126.4364194,14.313,0.19,67.7,341219.63
10,10,2010,0,68.76,3.13,126.4364194,9.003,0.19,67.7,1741308.56
45,10,2010,0,61.3,2.921,182.9011166,8.724,0.19,67.7,732859.76
29,10,2010,0,57.73,2.938,132.8708387,10.524,0.19,67.7,527058.59
37,10,2010,0,76.22,2.716,210.6736944,8.476,0.19,67.7,514485.9
23,10,2010,0,48.68,2.938,132.8708387,5.287,0.19,67.7,1112871.23
24,10,2010,0,57.29,3.055,132.8708387,8.275,0.19,67.7,1244925.94
17,10,2010,0,39.87,2.841,126.4364194,6.885,0.19,67.7,861941.25
2,11,2010,0,57.85,2.689,211.6135053,8.163,0.19,71.6,1939061.41
4,11,2010,0,51.6,2.699,126.4912903,7.127,0.19,71.6,2013115.79
12,11,2010,0,65.49,3.129,126.4912903,14.313,0.19,71.6,929690.71
15,11,2010,0,40.29,3.049,132.9245806,8.067,0.19,71.6,612987.64
20,11,2010,0,42.78,2.917,205.160837,7.484,0.19,71.6,2184316.64
32,11,2010,0,49.2,2.729,190.9964377,9.137,0.19,71.6,1063056.21
30,11,2010,0,58.71,2.689,211.6135053,8.163,0.19,71.6,484661.87
3,11,2010,0,62.94,2.689,215.2765472,7.564,0.19,71.6,423175.56
21,11,2010,0,58.71,2.689,211.6135053,8.163,0.19,71.6,719888.76
43,11,2010,0,62.52,2.689,203.8713871,10.21,0.19,71.6,605960.2
28,11,2010,0,65.49,3.129,126.4912903,14.313,0.19,71.6,1501663.26
26,11,2010,0,30.51,2.938,132.9245806,8.149,0.19,71.6,970224.51
14,11,2010,0,45.65,2.917,182.9463648,8.724,0.19,71.6,2078417.47
23,11,2010,0,36.6,2.938,132.9245806,5.287,0.19,71.6,1203119.96
37,11,2010,0,62.72,2.689,210.7202444,8.476,0.19,71.6,539683.42
9,11,2010,0,58.69,2.689,215.5065452,6.56,0.19,71.6,517869.97
38,11,2010,0,65.49,3.129,126.4912903,14.313,0.19,71.6,380870.09
25,11,2010,0,38.8,2.917,205.160837,7.484,0.19,71.6,696314.53
44,11,2010,0,49.96,2.831,126.4912903,7.61,0.19,71.6,270516.84
5,11,2010,0,58.88,2.689,212.5126051,6.768,0.19,71.6,325310.3
7,11,2010,0,49.44,2.729,190.9964377,9.137,0.19,71.6,480512.44
40,11,2010,0,36.45,2.938,132.9245806,5.287,0.19,71.6,968270.66
33,11,2010,0,74.23,3.009,126.4912903,9.265,0.19,71.6,246124.61
10,11,2010,0,71.04,3.009,126.4912903,9.003,0.19,71.6,1832211.96
22,11,2010,0,44.34,2.938,136.7862258,8.572,0.19,71.6,1006888.16
17,11,2010,0,42.54,2.831,126.4912903,6.885,0.19,71.6,818434.49
16,11,2010,0,39.94,2.729,190.9964377,6.986,0.19,71.6,446905.02
42,11,2010,0,71.04,3.009,126.4912903,9.003,0.19,71.6,565390.4
24,11,2010,0,42.2,3.049,132.9245806,8.275,0.19,71.6,1285358.01
29,11,2010,0,44.34,2.938,132.9245806,10.524,0.19,71.6,521002.97
41,11,2010,0,46.74,2.729,190.9964377,7.508,0.19,71.6,1163878.49
45,11,2010,0,45.65,2.917,182.9463648,8.724,0.19,71.6,764014.06
18,11,2010,0,42.05,2.938,132.9245806,9.331,0.19,71.6,1089530.94
6,11,2010,0,59.9,2.689,213.4785503,7.007,0.19,71.6,1505442.15
11,11,2010,0,64.41,2.689,215.2765472,7.564,0.19,71.6,1332759.13
1,11,2010,0,58.74,2.689,211.9563939,7.838,0.19,71.6,1551659.28
36,11,2010,0,62.72,2.655,210.7202444,8.476,0.19,71.6,405860.37
31,11,2010,0,58.71,2.689,211.6135053,8.163,0.19,71.6,1324455.72
13,11,2010,0,49.96,2.831,126.4912903,7.795,0.19,71.6,1854967.66
39,11,2010,0,61.62,2.689,210.7202444,8.476,0.19,71.6,1293707.19
34,11,2010,0,52.43,2.699,126.4912903,10.21,0.19,71.6,972292.31
35,11,2010,0,45.91,2.917,136.7862258,8.763,0.19,71.6,843755.12
27,11,2010,0,45.91,3.049,136.7862258,8.021,0.19,71.6,1686010.02
19,11,2010,0,41.78,3.049,132.9245806,8.067,0.19,71.6,1435379.25
8,11,2010,0,55.76,2.689,215.323,6.433,0.19,71.6,927266.34
28,11,2010,0,57.79,3.13,126.5461613,14.313,0.19,71.6,1266460.45
6,11,2010,0,62.11,2.728,213.5268011,7.007,0.19,71.6,1495536.46
19,11,2010,0,40.3,3.065,132.9783226,8.067,0.19,71.6,1490235.86
3,11,2010,0,62.79,2.728,215.3256258,7.564,0.19,71.6,386635.03
26,11,2010,0,37.51,2.961,132.9783226,8.149,0.19,71.6,971193.01
14,11,2010,0,46.14,2.931,182.9916129,8.724,0.19,71.6,2092189.06
5,11,2010,0,62.37,2.728,212.5604113,6.768,0.19,71.6,301827.36
16,11,2010,0,34.04,2.737,191.0411474,6.986,0.19,71.6,453632.76
37,11,2010,0,61.97,2.728,210.7667944,8.476,0.19,71.6,517546.69
44,11,2010,0,42.55,2.831,126.5461613,7.61,0.19,71.6,281909.79
18,11,2010,0,43.17,2.961,132.9783226,9.331,0.19,71.6,1081322.12
11,11,2010,0,63.74,2.728,215.3256258,7.564,0.19,71.6,1281675.6
45,11,2010,0,46.14,2.931,182.9916129,8.724,0.19,71.6,765648.93
8,11,2010,0,54.89,2.728,215.3721,6.433,0.19,71.6,911538.98
25,11,2010,0,40.68,2.931,205.2098614,7.484,0.19,71.6,713250.08
32,11,2010,0,42.3,2.737,191.0411474,9.137,0.19,71.6,1141019.11
10,11,2010,0,61.24,3.13,126.5461613,9.003,0.19,71.6,1895901.59
15,11,2010,0,39.63,3.065,132.9783226,8.067,0.19,71.6,619639.74
42,11,2010,0,61.24,3.13,126.5461613,9.003,0.19,71.6,588592.61
7,11,2010,0,22.12,2.737,191.0411474,9.137,0.19,71.6,507584.29
9,11,2010,0,61.59,2.728,215.5557297,6.56,0.19,71.6,520846.68
24,11,2010,0,41.76,3.065,132.9783226,8.275,0.19,71.6,1312877.01
22,11,2010,0,44.42,2.961,136.8349032,8.572,0.19,71.6,1043698.64
1,11,2010,0,59.61,2.728,212.003944,7.838,0.19,71.6,1494479.49
12,11,2010,0,57.79,3.13,126.5461613,14.313,0.19,71.6,942475.24
27,11,2010,0,45.9,3.065,136.8349032,8.021,0.19,71.6,1828010.25
38,11,2010,0,57.79,3.13,126.5461613,14.313,0.19,71.6,340147.2
13,11,2010,0,42.55,2.831,126.5461613,7.795,0.19,71.6,1939964.63
30,11,2010,0,60.95,2.728,211.6608975,8.163,0.19,71.6,431266.64
17,11,2010,0,36.32,2.831,126.5461613,6.885,0.19,71.6,855459.96
40,11,2010,0,38.5,2.961,132.9783226,5.287,0.19,71.6,935481.32
29,11,2010,0,44.42,2.961,132.9783226,10.524,0.19,71.6,524450.7
43,11,2010,0,59.98,2.728,203.9185484,10.21,0.19,71.6,595421.23
20,11,2010,0,42.38,2.931,205.2098614,7.484,0.19,71.6,2187765.28
21,11,2010,0,60.95,2.728,211.6608975,8.163,0.19,71.6,735796.38
34,11,2010,0,47.2,2.741,126.5461613,10.21,0.19,71.6,979730.78
35,11,2010,0,45.9,2.931,136.8349032,8.763,0.19,71.6,870914.69
39,11,2010,0,62.21,2.728,210.7667944,8.476,0.19,71.6,1291398.71
33,11,2010,0,65.21,3.13,126.5461613,9.265,0.19,71.6,272803.94
36,11,2010,0,61.97,2.705,210.7667944,8.476,0.19,71.6,425804.8
2,11,2010,0,59.69,2.728,211.6608975,8.163,0.19,71.6,1916812.74
41,11,2010,0,38.99,2.737,191.0411474,7.508,0.19,71.6,1175326.23
23,11,2010,0,35.59,2.961,132.9783226,5.287,0.19,71.6,1387953.75
31,11,2010,0,60.95,2.728,211.6608975,8.163,0.19,71.6,1352780.76
4,11,2010,0,52.65,2.741,126.5461613,7.127,0.19,71.6,1999794.26
40,11,2010,0,40.52,3.03,132.9172,5.287,0.19,71.6,852452.93
24,11,2010,0,45.63,3.138,132.9172,8.275,0.19,71.6,1277150.6
9,11,2010,0,49.96,2.771,215.4372854,6.56,0.19,71.6,519823.3
32,11,2010,0,36.24,2.758,191.0312172,9.137,0.19,71.6,1150729.89
3,11,2010,0,57.72,2.771,215.2074519,7.564,0.19,71.6,372545.32
10,11,2010,0,58.83,3.047,126.6072,9.003,0.19,71.6,1949177.13
27,11,2010,0,50.81,3.138,136.7715714,8.021,0.19,71.6,1704785.74
43,11,2010,0,54.96,2.771,203.8191286,10.21,0.19,71.6,589467.35
29,11,2010,0,48.62,3.03,132.9172,10.524,0.19,71.6,508174.55
6,11,2010,0,52.99,2.771,213.4107412,7.007,0.19,71.6,1518841.45
21,11,2010,0,51.71,2.771,211.5470304,8.163,0.19,71.6,756288.89
45,11,2010,0,50.02,3.0,182.8989385,8.724,0.19,71.6,723987.85
37,11,2010,0,56.73,2.771,210.65429,8.476,0.19,71.6,518124.16
16,11,2010,0,27.26,2.758,191.0312172,6.986,0.19,71.6,458634.68
39,11,2010,0,55.5,2.771,210.65429,8.476,0.19,71.6,1370659.54
14,11,2010,0,50.02,3.0,182.8989385,8.724,0.19,71.6,1968462.58
30,11,2010,0,51.71,2.771,211.5470304,8.163,0.19,71.6,423707.69
26,11,2010,0,36.73,3.03,132.9172,8.149,0.19,71.6,901972.7
28,11,2010,0,58.18,3.161,126.6072,14.313,0.19,71.6,1179315.72
41,11,2010,0,31.34,2.758,191.0312172,7.508,0.19,71.6,1172155.28
8,11,2010,0,43.86,2.771,215.2538714,6.433,0.19,71.6,885608.04
34,11,2010,0,40.93,2.78,126.6072,10.21,0.19,71.6,955766.33
22,11,2010,0,48.62,3.03,136.7715714,8.572,0.19,71.6,985896.44
23,11,2010,0,41.66,3.03,132.9172,5.287,0.19,71.6,1314994.32
12,11,2010,0,58.18,3.161,126.6072,14.313,0.19,71.6,894493.7
11,11,2010,0,58.63,2.771,215.2074519,7.564,0.19,71.6,1292346.57
33,11,2010,0,61.95,3.047,126.6072,9.265,0.19,71.6,224639.76
20,11,2010,0,45.88,3.0,205.0992811,7.484,0.19,71.6,2105058.91
36,11,2010,0,56.73,2.741,210.65429,8.476,0.19,71.6,411615.71
5,11,2010,0,52.52,2.771,212.445487,6.768,0.19,71.6,297384.81
13,11,2010,0,42.0,2.842,126.6072,7.795,0.19,71.6,1925393.91
17,11,2010,0,36.31,2.842,126.6072,6.885,0.19,71.6,782252.57
31,11,2010,0,51.71,2.771,211.5470304,8.163,0.19,71.6,1359158.57
44,11,2010,0,42.0,2.842,126.6072,7.61,0.19,71.6,284322.52
38,11,2010,0,58.18,3.161,126.6072,14.313,0.19,71.6,348593.99
18,11,2010,0,45.26,3.03,132.9172,9.331,0.19,71.6,1045722.37
42,11,2010,0,58.83,3.047,126.6072,9.003,0.19,71.6,524316.21
1,11,2010,0,51.41,2.771,211.8896737,7.838,0.19,71.6,1483784.18
25,11,2010,0,42.72,3.0,205.0992811,7.484,0.19,71.6,718056.73
4,11,2010,0,48.05,2.78,126.6072,7.127,0.19,71.6,2097809.4
7,11,2010,0,25.56,2.758,191.0312172,9.137,0.19,71.6,482528.36
35,11,2010,0,50.81,3.0,136.7715714,8.763,0.19,71.6,846850.35
15,11,2010,0,44.1,3.138,132.9172,8.067,0.19,71.6,608200.81
19,11,2010,0,44.22,3.138,132.9172,8.067,0.19,71.6,1377593.1
2,11,2010,0,50.81,2.771,211.5470304,8.163,0.19,71.6,1956739.17
34,11,2010,1,41.13,2.752,126.6692667,10.21,0.19,71.6,1309476.68
6,11,2010,1,65.79,2.735,213.2672961,7.007,0.19,71.6,2267452.4
20,11,2010,1,46.66,3.039,204.9621,7.484,0.19,71.6,2811634.04
22,11,2010,1,44.61,3.07,136.6895714,8.572,0.19,71.6,1564502.26
3,11,2010,1,68.71,2.735,215.0614025,7.564,0.19,71.6,565567.84
4,11,2010,1,48.08,2.752,126.6692667,7.127,0.19,71.6,2789469.45
29,11,2010,1,44.61,3.07,132.8369333,10.524,0.19,71.6,975268.91
33,11,2010,1,56.87,3.162,126.6692667,9.265,0.19,71.6,240044.57
41,11,2010,1,25.3,2.742,191.0121805,7.508,0.19,71.6,1866681.57
18,11,2010,1,40.81,3.07,132.8369333,9.331,0.19,71.6,1653759.36
21,11,2010,1,62.96,2.735,211.4062867,8.163,0.19,71.6,1245628.61
36,11,2010,1,67.73,2.725,210.5152765,8.476,0.19,71.6,408891.49
2,11,2010,1,62.98,2.735,211.4062867,8.163,0.19,71.6,2658725.29
32,11,2010,1,29.97,2.742,191.0121805,9.137,0.19,71.6,1634635.86
19,11,2010,1,42.62,3.186,132.8369333,8.067,0.19,71.6,1993367.83
17,11,2010,1,19.03,2.83,126.6692667,6.885,0.19,71.6,1005448.76
13,11,2010,1,28.22,2.83,126.6692667,7.795,0.19,71.6,2766400.05
39,11,2010,1,67.75,2.735,210.5152765,8.476,0.19,71.6,2149355.2
8,11,2010,1,51.07,2.735,215.1077548,6.433,0.19,71.6,1261693.16
40,11,2010,1,32.94,3.07,132.8369333,5.287,0.19,71.6,1166142.85
43,11,2010,1,54.76,2.735,203.6952786,10.21,0.19,71.6,633520.34
31,11,2010,1,62.96,2.735,211.4062867,8.163,0.19,71.6,1858856.06
38,11,2010,1,47.66,3.162,126.6692667,14.313,0.19,71.6,360857.98
28,11,2010,1,47.66,3.162,126.6692667,14.313,0.19,71.6,1937033.5
10,11,2010,1,55.33,3.162,126.6692667,9.003,0.19,71.6,2939946.38
5,11,2010,1,66.15,2.735,212.303441,6.768,0.19,71.6,488362.61
1,11,2010,1,64.52,2.735,211.7484333,7.838,0.19,71.6,1955624.11
9,11,2010,1,60.18,2.735,215.2909028,6.56,0.19,71.6,768070.53
15,11,2010,1,40.71,3.186,132.8369333,8.067,0.19,71.6,1120018.92
7,11,2010,1,17.95,2.742,191.0121805,9.137,0.19,71.6,835189.26
42,11,2010,1,55.33,3.162,126.6692667,9.003,0.19,71.6,522296.71
45,11,2010,1,46.15,3.039,182.7832769,8.724,0.19,71.6,1182500.16
44,11,2010,1,28.22,2.83,126.6692667,7.61,0.19,71.6,307646.5
27,11,2010,1,46.67,3.186,136.6895714,8.021,0.19,71.6,2627910.75
30,11,2010,1,62.96,2.735,211.4062867,8.163,0.19,71.6,462732.36
37,11,2010,1,67.73,2.735,210.5152765,8.476,0.19,71.6,518220.72
16,11,2010,1,23.46,2.742,191.0121805,6.986,0.19,71.6,651837.77
12,11,2010,1,47.66,3.162,126.6692667,14.313,0.19,71.6,1601377.41
24,11,2010,1,41.92,3.186,132.8369333,8.275,0.19,71.6,1779276.51
14,11,2010,1,46.15,3.039,182.7832769,8.724,0.19,71.6,2921709.71
35,11,2010,1,46.67,3.039,136.6895714,8.763,0.19,71.6,1781866.98
26,11,2010,1,28.11,3.07,132.8369333,8.149,0.19,71.6,1286833.62
11,11,2010,1,69.9,2.735,215.0614025,7.564,0.19,71.6,1757242.51
23,11,2010,1,34.95,3.07,132.8369333,5.287,0.19,71.6,2072685.05
25,11,2010,1,43.43,3.039,204.9621,7.484,0.19,71.6,1115240.61
4,12,2010,0,46.4,2.727,126.7313333,7.127,0.18,74.5,2102530.17
39,12,2010,0,53.55,2.708,210.376263,8.476,0.18,74.5,1431910.98
12,12,2010,0,43.33,3.041,126.7313333,14.313,0.18,74.5,1069533.17
9,12,2010,0,49.89,2.708,215.1445203,6.56,0.18,74.5,578164.82
35,12,2010,0,41.81,3.046,136.6075714,8.763,0.18,74.5,982598.88
19,12,2010,0,36.64,3.2,132.7566667,8.067,0.18,74.5,1615987.96
43,12,2010,0,44.56,2.708,203.5714286,10.21,0.18,74.5,557543.62
5,12,2010,0,51.31,2.708,212.1613951,6.768,0.18,74.5,344490.88
30,12,2010,0,50.43,2.708,211.265543,8.163,0.18,74.5,407112.22
20,12,2010,0,35.47,3.046,204.8249189,7.484,0.18,74.5,2416051.17
31,12,2010,0,50.43,2.708,211.265543,8.163,0.18,74.5,1338716.37
27,12,2010,0,41.81,3.2,136.6075714,8.021,0.18,74.5,1884343.67
16,12,2010,0,23.68,2.712,190.9931437,6.986,0.18,74.5,512260.59
15,12,2010,0,36.0,3.2,132.7566667,8.067,0.18,74.5,754134.95
42,12,2010,0,51.17,3.041,126.7313333,9.003,0.18,74.5,500250.8
38,12,2010,0,43.33,3.041,126.7313333,14.313,0.18,74.5,351925.36
26,12,2010,0,27.73,3.065,132.7566667,8.149,0.18,74.5,1016143.64
8,12,2010,0,42.85,2.708,214.9616381,6.433,0.18,74.5,952766.93
32,12,2010,0,35.18,2.712,190.9931437,9.137,0.18,74.5,1200892.56
29,12,2010,0,39.42,3.065,132.7566667,10.524,0.18,74.5,642678.53
33,12,2010,0,52.82,3.041,126.7313333,9.265,0.18,74.5,209986.25
11,12,2010,0,55.9,2.708,214.9153531,7.564,0.18,74.5,1380522.64
37,12,2010,0,54.44,2.708,210.376263,8.476,0.18,74.5,508213.14
44,12,2010,0,25.8,2.812,126.7313333,7.61,0.18,74.5,264214.12
25,12,2010,0,32.41,3.046,204.8249189,7.484,0.18,74.5,885572.96
3,12,2010,0,53.76,2.708,214.9153531,7.564,0.18,74.5,476420.77
7,12,2010,0,21.88,2.712,190.9931437,9.137,0.18,74.5,552811.62
34,12,2010,0,34.7,2.727,126.7313333,10.21,0.18,74.5,1001512.21
40,12,2010,0,33.6,3.065,132.7566667,5.287,0.18,74.5,1000582.06
6,12,2010,0,52.3,2.708,213.123851,7.007,0.18,74.5,1677067.24
28,12,2010,0,43.33,3.041,126.7313333,14.313,0.18,74.5,1447916.29
1,12,2010,0,49.27,2.708,211.607193,7.838,0.18,74.5,1548033.78
10,12,2010,0,51.17,3.041,126.7313333,9.003,0.18,74.5,2251206.64
24,12,2010,0,37.08,3.2,132.7566667,8.275,0.18,74.5,1413302.7
14,12,2010,0,40.93,3.046,182.6676154,8.724,0.18,74.5,2258489.63
21,12,2010,0,50.43,2.708,211.265543,8.163,0.18,74.5,829210.73
41,12,2010,0,33.0,2.712,190.9931437,7.508,0.18,74.5,1220115.75
45,12,2010,0,40.93,3.046,182.6676154,8.724,0.18,74.5,879244.9
36,12,2010,0,54.44,2.694,210.376263,8.476,0.18,74.5,360266.09
18,12,2010,0,37.09,3.065,132.7566667,9.331,0.18,74.5,1211026.13
17,12,2010,0,22.47,2.812,126.7313333,6.885,0.18,74.5,926573.81
23,12,2010,0,34.3,3.065,132.7566667,5.287,0.18,74.5,1617025.41
22,12,2010,0,39.42,3.065,136.6075714,8.572,0.18,74.5,1230514.58
2,12,2010,0,49.33,2.708,211.265543,8.163,0.18,74.5,2015781.27
13,12,2010,0,25.8,2.812,126.7313333,7.795,0.18,74.5,2083379.89
24,12,2010,0,27.11,3.255,132.6764,8.275,0.18,74.5,1593012.75
1,12,2010,0,46.33,2.843,211.4659526,7.838,0.18,74.5,1682614.26
10,12,2010,0,60.51,3.091,126.7934,9.003,0.18,74.5,2411790.21
42,12,2010,0,60.51,3.091,126.7934,9.003,0.18,74.5,585175.24
16,12,2010,0,32.02,2.728,190.9741069,6.986,0.18,74.5,570103.64
22,12,2010,0,28.43,3.132,136.5255714,8.572,0.18,74.5,1367202.84
2,12,2010,0,45.5,2.843,211.1247993,8.163,0.18,74.5,2378726.55
4,12,2010,0,42.4,2.86,126.7934,7.127,0.18,74.5,2302504.86
5,12,2010,0,48.27,2.843,212.0193491,6.768,0.18,74.5,352811.53
12,12,2010,0,50.01,3.203,126.7934,14.313,0.18,74.5,1121934.15
7,12,2010,0,24.24,2.728,190.9741069,9.137,0.18,74.5,599730.07
19,12,2010,0,25.12,3.255,132.6764,8.067,0.18,74.5,1799070.98
17,12,2010,0,31.64,2.817,126.7934,6.885,0.18,74.5,962475.55
31,12,2010,0,46.35,2.843,211.1247993,8.163,0.18,74.5,1475685.1
25,12,2010,0,22.65,3.109,204.6877378,7.484,0.18,74.5,964729.18
33,12,2010,0,60.72,3.091,126.7934,9.265,0.18,74.5,253050.1
13,12,2010,0,36.78,2.817,126.7934,7.795,0.18,74.5,2461468.35
15,12,2010,0,23.97,3.255,132.6764,8.067,0.18,74.5,847294.04
20,12,2010,0,24.27,3.109,204.6877378,7.484,0.18,74.5,2752122.08
44,12,2010,0,36.78,2.817,126.7934,7.61,0.18,74.5,278253.28
11,12,2010,0,53.33,2.843,214.7693037,7.564,0.18,74.5,1564516.43
36,12,2010,0,51.83,2.813,210.2372494,8.476,0.18,74.5,404545.03
23,12,2010,0,20.12,3.132,132.6764,5.287,0.18,74.5,1872365.99
18,12,2010,0,25.64,3.132,132.6764,9.331,0.18,74.5,1416168.98
38,12,2010,0,50.01,3.203,126.7934,14.313,0.18,74.5,355965.23
9,12,2010,0,46.1,2.843,214.9981378,6.56,0.18,74.5,618121.82
35,12,2010,0,30.83,3.109,136.5255714,8.763,0.18,74.5,1108580.19
3,12,2010,0,51.13,2.843,214.7693037,7.564,0.18,74.5,467642.03
43,12,2010,0,52.52,2.843,203.4475786,10.21,0.18,74.5,598679.02
40,12,2010,0,21.64,3.132,132.6764,5.287,0.18,74.5,1111215.72
21,12,2010,0,46.35,2.843,211.1247993,8.163,0.18,74.5,943891.64
39,12,2010,0,50.81,2.843,210.2372494,8.476,0.18,74.5,1630564.48
34,12,2010,0,41.93,2.86,126.7934,10.21,0.18,74.5,1086661.02
28,12,2010,0,50.01,3.203,126.7934,14.313,0.18,74.5,1466164.49
6,12,2010,0,48.46,2.843,212.9804059,7.007,0.18,74.5,1834737.58
41,12,2010,0,33.9,2.728,190.9741069,7.508,0.18,74.5,1434908.13
45,12,2010,0,30.54,3.109,182.5519538,8.724,0.18,74.5,1002364.34
8,12,2010,0,42.47,2.843,214.8155214,6.433,0.18,74.5,1069061.63
37,12,2010,0,51.83,2.843,210.2372494,8.476,0.18,74.5,511207.52
30,12,2010,0,46.35,2.843,211.1247993,8.163,0.18,74.5,428631.91
26,12,2010,0,16.6,3.132,132.6764,8.149,0.18,74.5,1149612.04
27,12,2010,0,30.83,3.255,136.5255714,8.021,0.18,74.5,2139733.68
29,12,2010,0,28.43,3.132,132.6764,10.524,0.18,74.5,713834.74
14,12,2010,0,30.54,3.109,182.5519538,8.724,0.18,74.5,2600519.26
32,12,2010,0,36.62,2.728,190.9741069,9.137,0.18,74.5,1377322.73
15,12,2010,0,25.3,3.301,132.6804516,8.067,0.18,74.5,983825.15
18,12,2010,0,27.4,3.139,132.6804516,9.331,0.18,74.5,1588430.71
11,12,2010,0,54.63,2.869,214.704919,7.564,0.18,74.5,1843971.15
3,12,2010,0,52.2,2.869,214.704919,7.564,0.18,74.5,498159.39
44,12,2010,0,35.21,2.842,126.8794839,7.61,0.18,74.5,278646.35
4,12,2010,0,46.57,2.884,126.8794839,7.127,0.18,74.5,2740057.14
32,12,2010,0,36.07,2.778,191.0303376,9.137,0.18,74.5,1557776.1
40,12,2010,0,23.01,3.139,132.6804516,5.287,0.18,74.5,1179036.3
22,12,2010,0,30.46,3.139,136.5292811,8.572,0.18,74.5,1527682.99
8,12,2010,0,45.03,2.869,214.7510843,6.433,0.18,74.5,1220579.55
20,12,2010,0,24.07,3.14,204.6321194,7.484,0.18,74.5,2819193.17
37,12,2010,0,56.73,2.869,210.1787224,8.476,0.18,74.5,534285.21
36,12,2010,0,56.73,2.852,210.1787224,8.476,0.18,74.5,410214.7
13,12,2010,0,35.21,2.842,126.8794839,7.795,0.18,74.5,2771646.81
29,12,2010,0,30.46,3.139,132.6804516,10.524,0.18,74.5,850538.25
33,12,2010,0,61.12,3.125,126.8794839,9.265,0.18,74.5,238875.26
2,12,2010,0,47.55,2.869,211.0645458,8.163,0.18,74.5,2609166.75
41,12,2010,0,31.51,2.778,191.0303376,7.508,0.18,74.5,1627904.68
17,12,2010,0,25.13,2.842,126.8794839,6.885,0.18,74.5,1049372.38
31,12,2010,0,48.63,2.869,211.0645458,8.163,0.18,74.5,1714667.0
39,12,2010,0,55.31,2.869,210.1787224,8.476,0.18,74.5,1842172.46
34,12,2010,0,42.64,2.884,126.8794839,10.21,0.18,74.5,1227148.13
30,12,2010,0,48.63,2.869,211.0645458,8.163,0.18,74.5,445332.28
43,12,2010,0,56.51,2.869,203.3996521,10.21,0.18,74.5,615761.77
27,12,2010,0,31.62,3.301,136.5292811,8.021,0.18,74.5,2350098.36
24,12,2010,0,27.99,3.301,132.6804516,8.275,0.18,74.5,1663525.77
5,12,2010,0,51.61,2.869,211.9580815,6.768,0.18,74.5,367801.19
26,12,2010,0,20.61,3.139,132.6804516,8.149,0.18,74.5,1196813.33
1,12,2010,0,49.84,2.869,211.4053124,7.838,0.18,74.5,1891034.93
14,12,2010,0,30.51,3.14,182.517732,8.724,0.18,74.5,2762861.41
9,12,2010,0,49.7,2.869,214.9334937,6.56,0.18,74.5,685243.2
35,12,2010,0,31.62,3.14,136.5292811,8.763,0.18,74.5,1314987.4
10,12,2010,0,59.15,3.125,126.8794839,9.003,0.18,74.5,2811646.85
45,12,2010,0,30.51,3.14,182.517732,8.724,0.18,74.5,1123282.85
23,12,2010,0,23.05,3.139,132.6804516,5.287,0.18,74.5,2238573.48
28,12,2010,0,52.77,3.236,126.8794839,14.313,0.18,74.5,1510443.62
42,12,2010,0,59.15,3.125,126.8794839,9.003,0.18,74.5,537455.65
6,12,2010,0,52.24,2.869,212.918049,7.007,0.18,74.5,2090268.95
7,12,2010,0,20.74,2.778,191.0303376,9.137,0.18,74.5,716388.81
25,12,2010,0,21.6,3.14,204.6321194,7.484,0.18,74.5,1047707.59
16,12,2010,0,26.01,2.778,191.0303376,6.986,0.18,74.5,648652.01
38,12,2010,0,52.77,3.236,126.8794839,14.313,0.18,74.5,334441.15
19,12,2010,0,26.83,3.301,132.6804516,8.067,0.18,74.5,1911967.44
21,12,2010,0,48.63,2.869,211.0645458,8.163,0.18,74.5,1147556.83
12,12,2010,0,52.77,3.236,126.8794839,14.313,0.18,74.5,1295605.35
18,12,2010,0,28.16,3.15,132.7477419,9.331,0.18,74.5,2027507.15
27,12,2010,0,31.34,3.309,136.597273,8.021,0.18,74.5,3078162.08
24,12,2010,0,27.74,3.309,132.7477419,8.275,0.18,74.5,2386015.75
1,12,2010,0,52.33,2.886,211.4051222,7.838,0.18,74.5,2387950.2
38,12,2010,0,52.02,3.236,126.9835806,14.313,0.18,74.5,369106.72
6,12,2010,0,55.07,2.886,212.9165082,7.007,0.18,74.5,2727575.18
42,12,2010,0,57.06,3.236,126.9835806,9.003,0.18,74.5,555075.27
35,12,2010,0,31.34,3.141,136.597273,8.763,0.18,74.5,1779236.54
31,12,2010,0,51.29,2.886,211.0646599,8.163,0.18,74.5,2068942.97
19,12,2010,0,26.05,3.309,132.7477419,8.067,0.18,74.5,2678206.42
11,12,2010,0,59.33,2.886,214.7017828,7.564,0.18,74.5,2306265.36
16,12,2010,0,32.46,2.781,191.1430189,6.986,0.18,74.5,1004730.69
13,12,2010,0,34.9,2.846,126.9835806,7.795,0.18,74.5,3595903.2
34,12,2010,0,42.74,2.887,126.9835806,10.21,0.18,74.5,1620748.25
45,12,2010,0,30.59,3.141,182.54459,8.724,0.18,74.5,1682862.03
29,12,2010,0,29.76,3.15,132.7477419,10.524,0.18,74.5,1130926.79
8,12,2010,0,45.67,2.886,214.7479069,6.433,0.18,74.5,1511641.09
32,12,2010,0,30.72,2.781,191.1430189,9.137,0.18,74.5,1949183.14
9,12,2010,0,50.93,2.886,214.9301534,6.56,0.18,74.5,873347.55
25,12,2010,0,22.94,3.141,204.6376731,7.484,0.18,74.5,1295391.19
7,12,2010,0,26.04,2.781,191.1430189,9.137,0.18,74.5,1045124.88
12,12,2010,0,52.02,3.236,126.9835806,14.313,0.18,74.5,1768249.89
28,12,2010,0,52.02,3.236,126.9835806,14.313,0.18,74.5,2026026.39
10,12,2010,0,57.06,3.236,126.9835806,9.003,0.18,74.5,3749057.69
22,12,2010,0,29.76,3.15,136.597273,8.572,0.18,74.5,1962445.04
23,12,2010,0,22.96,3.15,132.7477419,5.287,0.18,74.5,2734277.1
5,12,2010,0,55.01,2.886,211.9573978,6.768,0.18,74.5,466010.25
30,12,2010,0,51.29,2.886,211.0646599,8.163,0.18,74.5,519354.88
26,12,2010,0,21.81,3.15,132.7477419,8.149,0.18,74.5,1573982.47
14,12,2010,0,30.59,3.141,182.54459,8.724,0.18,74.5,3818686.45
43,12,2010,0,57.15,2.886,203.4086682,10.21,0.18,74.5,656637.63
3,12,2010,0,57.16,2.886,214.7017828,7.564,0.18,74.5,605990.41
39,12,2010,0,58.86,2.886,210.1805602,8.476,0.18,74.5,2495489.25
37,12,2010,0,59.1,2.886,210.1805602,8.476,0.18,74.5,576809.92
40,12,2010,0,24.18,3.15,132.7477419,5.287,0.18,74.5,1648829.18
41,12,2010,0,29.81,2.781,191.1430189,7.508,0.18,74.5,2225016.73
15,12,2010,0,25.07,3.309,132.7477419,8.067,0.18,74.5,1368318.17
44,12,2010,0,34.9,2.846,126.9835806,7.61,0.18,74.5,365098.24
21,12,2010,0,51.29,2.886,211.0646599,8.163,0.18,74.5,1587257.78
36,12,2010,0,59.1,2.863,210.1805602,8.476,0.18,74.5,422093.59
20,12,2010,0,25.17,3.141,204.6376731,7.484,0.18,74.5,3766687.43
17,12,2010,0,26.58,2.846,126.9835806,6.885,0.18,74.5,1309226.79
33,12,2010,0,60.43,3.236,126.9835806,9.265,0.18,74.5,249246.8
2,12,2010,0,49.97,2.886,211.0646599,8.163,0.18,74.5,3436007.68
4,12,2010,0,43.21,2.887,126.9835806,7.127,0.18,74.5,3526713.39
26,12,2010,1,18.73,3.177,132.8150323,8.149,0.18,74.5,877268.29
13,12,2010,1,26.79,2.868,127.0876774,7.795,0.18,74.5,1675292.0
27,12,2010,1,29.59,3.336,136.665265,8.021,0.18,74.5,1440963.0
14,12,2010,1,29.67,3.179,182.5714479,8.724,0.18,74.5,1623716.46
21,12,2010,1,47.19,2.943,211.064774,8.163,0.18,74.5,672903.23
45,12,2010,1,29.67,3.179,182.5714479,8.724,0.18,74.5,679156.2
12,12,2010,1,45.64,3.148,127.0876774,14.313,0.18,74.5,891736.91
43,12,2010,1,48.61,2.943,203.4176843,10.21,0.18,74.5,534740.3
6,12,2010,1,49.14,2.943,212.9149674,7.007,0.18,74.5,1464050.02
15,12,2010,1,26.54,3.336,132.8150323,8.067,0.18,74.5,543754.17
35,12,2010,1,29.59,3.179,136.665265,8.763,0.18,74.5,576332.05
3,12,2010,1,53.2,2.943,214.6986466,7.564,0.18,74.5,382677.76
40,12,2010,1,19.29,3.177,132.8150323,5.287,0.18,74.5,811318.3
4,12,2010,1,38.09,2.955,127.0876774,7.127,0.18,74.5,1794868.74
37,12,2010,1,52.88,2.943,210.182398,8.476,0.18,74.5,460331.7
18,12,2010,1,26.1,3.177,132.8150323,9.331,0.18,74.5,887907.01
34,12,2010,1,34.11,2.955,127.0876774,10.21,0.18,74.5,902109.69
8,12,2010,1,41.47,2.943,214.7447295,6.433,0.18,74.5,773586.49
17,12,2010,1,20.79,2.868,127.0876774,6.885,0.18,74.5,635862.55
41,12,2010,1,25.19,2.829,191.2557002,7.508,0.18,74.5,1001790.16
29,12,2010,1,28.49,3.177,132.8150323,10.524,0.18,74.5,465992.02
39,12,2010,1,52.45,2.943,210.182398,8.476,0.18,74.5,1230012.16
23,12,2010,1,19.05,3.177,132.8150323,5.287,0.18,74.5,1169773.85
44,12,2010,1,26.79,2.868,127.0876774,7.61,0.18,74.5,241937.11
31,12,2010,1,47.19,2.943,211.064774,8.163,0.18,74.5,1198071.6
30,12,2010,1,47.19,2.943,211.064774,8.163,0.18,74.5,397631.02
36,12,2010,1,52.88,2.949,210.182398,8.476,0.18,74.5,359310.65
20,12,2010,1,28.85,3.179,204.6432267,7.484,0.18,74.5,1799737.79
25,12,2010,1,25.89,3.179,204.6432267,7.484,0.18,74.5,623092.54
38,12,2010,1,45.64,3.148,127.0876774,14.313,0.18,74.5,303908.81
7,12,2010,1,13.76,2.829,191.2557002,9.137,0.18,74.5,729572.08
19,12,2010,1,28.65,3.336,132.8150323,8.067,0.18,74.5,1275146.94
1,12,2010,1,48.43,2.943,211.4049321,7.838,0.18,74.5,1367320.01
42,12,2010,1,49.67,3.148,127.0876774,9.003,0.18,74.5,428953.6
28,12,2010,1,45.64,3.148,127.0876774,14.313,0.18,74.5,1090558.57
32,12,2010,1,27.7,2.829,191.2557002,9.137,0.18,74.5,955463.84
16,12,2010,1,19.66,2.829,191.2557002,6.986,0.18,74.5,575317.38
11,12,2010,1,55.03,2.943,214.6986466,7.564,0.18,74.5,1172003.1
5,12,2010,1,49.79,2.943,211.9567142,6.768,0.18,74.5,298180.18
24,12,2010,1,25.9,3.336,132.8150323,8.275,0.18,74.5,1208600.05
10,12,2010,1,49.67,3.148,127.0876774,9.003,0.18,74.5,1707298.14
2,12,2010,1,47.3,2.943,211.064774,8.163,0.18,74.5,1750434.55
22,12,2010,1,28.49,3.177,136.665265,8.572,0.18,74.5,774262.28
9,12,2010,1,45.92,2.943,214.9268131,6.56,0.18,74.5,459770.85
33,12,2010,1,52.91,3.148,127.0876774,9.265,0.18,74.5,219804.85
19,1,2011,0,31.34,3.351,132.8823226,7.771,0.17,74.2,1224175.99
7,1,2011,0,10.09,2.882,191.3683815,8.818,0.17,74.2,661163.94
40,1,2011,0,24.05,3.193,132.8823226,5.114,0.17,74.2,894280.19
18,1,2011,0,30.1,3.193,132.8823226,9.131,0.17,74.2,933960.3
28,1,2011,0,37.64,3.287,127.1917742,14.021,0.17,74.2,1402902.47
6,1,2011,0,47.78,2.976,212.9134266,6.858,0.17,74.2,1350441.68
29,1,2011,0,32.56,3.193,132.8823226,10.256,0.17,74.2,455952.18
5,1,2011,0,48.3,2.976,211.9560305,6.634,0.17,74.2,286347.26
41,1,2011,0,23.76,2.882,191.3683815,7.241,0.17,74.2,1153596.53
39,1,2011,0,52.74,2.976,210.1842358,8.395,0.17,74.2,1224475.12
30,1,2011,0,44.24,2.976,211.0648881,8.028,0.17,74.2,451077.21
16,1,2011,0,12.39,2.882,191.3683815,6.614,0.17,74.2,573545.96
17,1,2011,0,6.23,2.891,127.1917742,6.866,0.17,74.2,1083071.14
26,1,2011,0,21.13,3.193,132.8823226,7.907,0.17,74.2,938149.21
43,1,2011,0,40.47,2.976,203.4267005,10.398,0.17,74.2,611796.61
36,1,2011,0,54.11,2.942,210.1842358,8.395,0.17,74.2,384659.85
44,1,2011,0,16.94,2.891,127.1917742,7.224,0.17,74.2,288320.38
31,1,2011,0,44.24,2.976,211.0648881,8.028,0.17,74.2,1311986.87
38,1,2011,0,37.64,3.287,127.1917742,14.021,0.17,74.2,386344.54
25,1,2011,0,29.0,3.193,204.6487803,7.343,0.17,74.2,558794.63
33,1,2011,0,46.25,3.287,127.1917742,8.951,0.17,74.2,243948.82
35,1,2011,0,34.42,3.193,136.7332569,8.549,0.17,74.2,649289.75
34,1,2011,0,24.5,2.98,127.1917742,10.398,0.17,74.2,900646.94
4,1,2011,0,39.34,2.98,127.1917742,6.51,0.17,74.2,1862476.27
20,1,2011,0,31.43,3.193,204.6487803,7.343,0.17,74.2,1843030.95
2,1,2011,0,44.69,2.976,211.0648881,8.028,0.17,74.2,1758050.79
37,1,2011,0,54.11,2.976,210.1842358,8.395,0.17,74.2,542464.02
24,1,2011,0,30.72,3.351,132.8823226,8.252,0.17,74.2,1178641.71
11,1,2011,0,54.43,2.976,214.6955104,7.551,0.17,74.2,1178905.44
32,1,2011,0,23.78,2.882,191.3683815,8.818,0.17,74.2,1046416.17
27,1,2011,0,34.42,3.351,136.7332569,7.827,0.17,74.2,1568159.48
21,1,2011,0,44.24,2.976,211.0648881,8.028,0.17,74.2,629152.06
12,1,2011,0,37.64,3.287,127.1917742,14.021,0.17,74.2,910110.24
3,1,2011,0,53.35,2.976,214.6955104,7.551,0.17,74.2,378241.34
9,1,2011,0,41.82,2.976,214.9234729,6.416,0.17,74.2,490981.78
14,1,2011,0,34.32,3.193,182.5983058,8.549,0.17,74.2,1864746.1
42,1,2011,0,43.43,3.287,127.1917742,8.744,0.17,74.2,592947.75
15,1,2011,0,30.53,3.351,132.8823226,7.771,0.17,74.2,509640.77
10,1,2011,0,43.43,3.287,127.1917742,8.744,0.17,74.2,1714309.9
23,1,2011,0,27.81,3.193,132.8823226,5.114,0.17,74.2,1122034.48
1,1,2011,0,48.27,2.976,211.4047419,7.742,0.17,74.2,1444732.28
22,1,2011,0,32.56,3.193,136.7332569,8.458,0.17,74.2,873954.7
8,1,2011,0,35.77,2.976,214.7415521,6.262,0.17,74.2,873065.23
13,1,2011,0,16.94,2.891,127.1917742,7.47,0.17,74.2,1744544.39
45,1,2011,0,34.32,3.193,182.5983058,8.549,0.17,74.2,680254.35
2,1,2011,0,33.02,2.983,211.1176713,8.028,0.17,74.2,1744193.58
30,1,2011,0,34.14,2.983,211.1176713,8.028,0.17,74.2,465408.72
22,1,2011,0,24.76,3.215,136.803477,8.458,0.17,74.2,807535.52
33,1,2011,0,53.63,3.312,127.3009355,8.951,0.17,74.2,259527.75
8,1,2011,0,31.62,2.983,214.7930991,6.262,0.17,74.2,809646.66
44,1,2011,0,20.6,2.903,127.3009355,7.224,0.17,74.2,292859.36
21,1,2011,0,34.14,2.983,211.1176713,8.028,0.17,74.2,650789.13
14,1,2011,0,24.78,3.205,182.6585782,8.549,0.17,74.2,1699095.9
41,1,2011,0,22.44,2.911,191.4784939,7.241,0.17,74.2,1052609.16
10,1,2011,0,49.98,3.312,127.3009355,8.744,0.17,74.2,1710803.59
28,1,2011,0,43.15,3.312,127.3009355,14.021,0.17,74.2,1098286.61
39,1,2011,0,41.74,2.983,210.2379731,8.395,0.17,74.2,1193199.39
36,1,2011,0,42.87,2.971,210.2379731,8.395,0.17,74.2,410497.73
32,1,2011,0,21.69,2.911,191.4784939,8.818,0.17,74.2,1028206.51
18,1,2011,0,22.69,3.215,132.9510645,9.131,0.17,74.2,777175.28
7,1,2011,0,11.32,2.911,191.4784939,8.818,0.17,74.2,547384.9
25,1,2011,0,18.3,3.205,204.7026042,7.343,0.17,74.2,572360.83
43,1,2011,0,43.45,2.983,203.4840645,10.398,0.17,74.2,614940.07
5,1,2011,0,37.74,2.983,212.008514,6.634,0.17,74.2,260636.71
26,1,2011,0,16.7,3.215,132.9510645,7.907,0.17,74.2,812323.29
37,1,2011,0,42.87,2.983,210.2379731,8.395,0.17,74.2,525616.9
17,1,2011,0,16.57,2.903,127.3009355,6.866,0.17,74.2,758510.36
9,1,2011,0,36.43,2.983,214.9749587,6.416,0.17,74.2,458086.69
3,1,2011,0,44.76,2.983,214.7470729,7.551,0.17,74.2,381061.1
27,1,2011,0,25.7,3.367,136.803477,7.827,0.17,74.2,1532308.62
16,1,2011,0,17.46,2.911,191.4784939,6.614,0.17,74.2,470365.59
34,1,2011,0,30.75,2.992,127.3009355,10.398,0.17,74.2,898610.33
1,1,2011,0,35.4,2.983,211.4574109,7.742,0.17,74.2,1391013.96
6,1,2011,0,38.37,2.983,212.9655882,6.858,0.17,74.2,1306194.55
35,1,2011,0,25.7,3.205,136.803477,8.549,0.17,74.2,687670.78
38,1,2011,0,43.15,3.312,127.3009355,14.021,0.17,74.2,356138.79
31,1,2011,0,34.14,2.983,211.1176713,8.028,0.17,74.2,1350730.31
23,1,2011,0,18.2,3.215,132.9510645,5.114,0.17,74.2,1016756.1
42,1,2011,0,49.98,3.312,127.3009355,8.744,0.17,74.2,613899.15
12,1,2011,0,43.15,3.312,127.3009355,14.021,0.17,74.2,812011.8
29,1,2011,0,24.76,3.215,132.9510645,10.256,0.17,74.2,426905.26
24,1,2011,0,22.41,3.367,132.9510645,8.252,0.17,74.2,1167740.2
19,1,2011,0,21.68,3.367,132.9510645,7.771,0.17,74.2,1181204.53
4,1,2011,0,31.6,2.992,127.3009355,6.51,0.17,74.2,1865502.46
40,1,2011,0,18.55,3.215,132.9510645,5.114,0.17,74.2,771315.62
20,1,2011,0,20.39,3.205,204.7026042,7.343,0.17,74.2,1884345.01
11,1,2011,0,45.34,2.983,214.7470729,7.551,0.17,74.2,1194449.78
15,1,2011,0,19.53,3.367,132.9510645,7.771,0.17,74.2,479424.2
13,1,2011,0,20.6,2.903,127.3009355,7.47,0.17,74.2,1682316.31
45,1,2011,0,24.78,3.205,182.6585782,8.549,0.17,74.2,654018.95
23,1,2011,0,15.58,3.232,133.0285161,5.114,0.17,74.2,1110706.06
14,1,2011,0,30.55,3.229,182.9193368,8.549,0.17,74.2,1743188.87
21,1,2011,0,42.72,3.016,211.4864691,8.028,0.17,74.2,663941.73
10,1,2011,0,56.75,3.336,127.4404839,8.744,0.17,74.2,1677556.18
1,1,2011,0,44.04,3.016,211.8272343,7.742,0.17,74.2,1327405.42
40,1,2011,0,14.64,3.232,133.0285161,5.114,0.17,74.2,764014.75
12,1,2011,0,53.53,3.223,127.4404839,14.021,0.17,74.2,802105.5
22,1,2011,0,26.8,3.232,136.8870657,8.458,0.17,74.2,855001.02
29,1,2011,0,26.8,3.232,133.0285161,10.256,0.17,74.2,445134.15
18,1,2011,0,22.55,3.232,133.0285161,9.131,0.17,74.2,891148.55
7,1,2011,0,25.4,2.973,191.5731924,8.818,0.17,74.2,521539.46
17,1,2011,0,26.62,2.934,127.4404839,6.866,0.17,74.2,755804.37
6,1,2011,0,46.2,3.016,213.3399647,6.858,0.17,74.2,1261253.18
35,1,2011,0,30.13,3.229,136.8870657,8.549,0.17,74.2,659902.07
45,1,2011,0,30.55,3.229,182.9193368,8.549,0.17,74.2,644285.33
44,1,2011,0,34.8,2.934,127.4404839,7.224,0.17,74.2,276157.8
36,1,2011,0,51.18,2.98,210.6031072,8.395,0.17,74.2,399191.05
24,1,2011,0,23.69,3.391,133.0285161,8.252,0.17,74.2,1107170.39
11,1,2011,0,51.51,3.016,215.1268275,7.551,0.17,74.2,1187776.19
33,1,2011,0,59.46,3.336,127.4404839,8.951,0.17,74.2,244856.44
2,1,2011,0,41.4,3.016,211.4864691,8.028,0.17,74.2,1751384.9
13,1,2011,0,34.8,2.934,127.4404839,7.47,0.17,74.2,1770177.37
34,1,2011,0,39.57,3.017,127.4404839,10.398,0.17,74.2,891025.39
25,1,2011,0,23.21,3.229,205.0460497,7.343,0.17,74.2,568093.57
28,1,2011,0,53.53,3.223,127.4404839,14.021,0.17,74.2,1079669.11
5,1,2011,0,45.41,3.016,212.3800012,6.634,0.17,74.2,275313.34
38,1,2011,0,53.53,3.223,127.4404839,14.021,0.17,74.2,341098.08
37,1,2011,0,51.18,3.016,210.6031072,8.395,0.17,74.2,526486.82
20,1,2011,0,27.43,3.229,205.0460497,7.343,0.17,74.2,1781805.66
3,1,2011,0,50.74,3.016,215.1268275,7.551,0.17,74.2,350876.7
39,1,2011,0,50.25,3.016,210.6031072,8.395,0.17,74.2,1243370.74
42,1,2011,0,56.75,3.336,127.4404839,8.744,0.17,74.2,533414.62
30,1,2011,0,42.72,3.016,211.4864691,8.028,0.17,74.2,439132.62
31,1,2011,0,42.72,3.016,211.4864691,8.028,0.17,74.2,1344167.13
16,1,2011,0,28.6,2.973,191.5731924,6.614,0.17,74.2,462888.13
27,1,2011,0,30.13,3.391,136.8870657,7.827,0.17,74.2,1517029.9
41,1,2011,0,32.7,2.973,191.5731924,7.241,0.17,74.2,1088025.8
32,1,2011,0,34.54,2.973,191.5731924,8.818,0.17,74.2,1078348.91
15,1,2011,0,21.84,3.391,133.0285161,7.771,0.17,74.2,487311.03
43,1,2011,0,53.05,3.016,203.8315161,10.398,0.17,74.2,601004.79
19,1,2011,0,22.8,3.391,133.0285161,7.771,0.17,74.2,1212967.84
4,1,2011,0,38.34,3.017,127.4404839,6.51,0.17,74.2,1886393.94
26,1,2011,0,12.98,3.232,133.0285161,7.907,0.17,74.2,809833.21
8,1,2011,0,42.06,3.016,215.1729926,6.262,0.17,74.2,822668.23
9,1,2011,0,44.72,3.016,215.3554013,6.416,0.17,74.2,454021.69
36,1,2011,0,48.74,2.995,210.9682412,8.395,0.17,74.2,372174.12
30,1,2011,0,44.04,3.01,211.8552668,8.028,0.17,74.2,425989.04
16,1,2011,0,20.8,3.008,191.667891,6.614,0.17,74.2,448391.99
33,1,2011,0,56.62,3.231,127.5800323,8.951,0.17,74.2,231155.9
38,1,2011,0,50.74,3.342,127.5800323,14.021,0.17,74.2,357557.16
6,1,2011,0,44.98,3.01,213.7143412,6.858,0.17,74.2,1287034.7
3,1,2011,0,48.71,3.01,215.5065821,7.551,0.17,74.2,364866.24
35,1,2011,0,23.64,3.237,136.9706544,8.549,0.17,74.2,633289.78
5,1,2011,0,44.5,3.01,212.7514884,6.634,0.17,74.2,279088.39
29,1,2011,0,20.61,3.243,133.1059677,10.256,0.17,74.2,410426.97
20,1,2011,0,23.21,3.237,205.3894952,7.343,0.17,74.2,1761506.68
17,1,2011,0,22.16,2.96,127.5800323,6.866,0.17,74.2,736335.69
22,1,2011,0,20.61,3.243,136.9706544,8.458,0.17,74.2,799369.15
45,1,2011,0,24.05,3.237,183.1800955,8.549,0.17,74.2,617207.58
13,1,2011,0,31.64,2.96,127.5800323,7.47,0.17,74.2,1633663.12
9,1,2011,0,43.9,3.01,215.7358438,6.416,0.17,74.2,463561.48
15,1,2011,0,19.61,3.402,133.1059677,7.771,0.17,74.2,481119.6
31,1,2011,0,44.04,3.01,211.8552668,8.028,0.17,74.2,1254955.68
11,1,2011,0,51.04,3.01,215.5065821,7.551,0.17,74.2,1100418.69
2,1,2011,0,42.83,3.01,211.8552668,8.028,0.17,74.2,1695371.68
44,1,2011,0,31.64,2.96,127.5800323,7.224,0.17,74.2,276011.4
24,1,2011,0,17.91,3.402,133.1059677,8.252,0.17,74.2,1126921.34
26,1,2011,0,5.54,3.243,133.1059677,7.907,0.17,74.2,817485.14
28,1,2011,0,50.74,3.342,127.5800323,14.021,0.17,74.2,1127859.69
12,1,2011,0,50.74,3.342,127.5800323,14.021,0.17,74.2,873119.06
23,1,2011,0,10.91,3.243,133.1059677,5.114,0.17,74.2,1083657.61
41,1,2011,0,32.23,3.008,191.667891,7.241,0.17,74.2,1026439.93
4,1,2011,0,40.6,3.022,127.5800323,6.51,0.17,74.2,1814240.85
18,1,2011,0,14.84,3.243,133.1059677,9.131,0.17,74.2,849540.85
32,1,2011,0,34.86,3.008,191.667891,8.818,0.17,74.2,1006814.85
37,1,2011,0,48.74,3.01,210.9682412,8.395,0.17,74.2,513672.36
27,1,2011,0,23.64,3.402,136.9706544,7.827,0.17,74.2,1421111.55
7,1,2011,0,10.11,3.008,191.667891,8.818,0.17,74.2,513372.17
39,1,2011,0,47.94,3.01,210.9682412,8.395,0.17,74.2,1158698.44
1,1,2011,0,43.83,3.01,212.1970577,7.742,0.17,74.2,1316899.31
19,1,2011,0,20.66,3.402,133.1059677,7.771,0.17,74.2,1284185.49
21,1,2011,0,44.04,3.01,211.8552668,8.028,0.17,74.2,649878.29
8,1,2011,0,39.26,3.01,215.5528862,6.262,0.17,74.2,782256.66
34,1,2011,0,34.68,3.022,127.5800323,10.398,0.17,74.2,836717.75
42,1,2011,0,53.03,3.231,127.5800323,8.744,0.17,74.2,499081.79
25,1,2011,0,18.92,3.237,205.3894952,7.343,0.17,74.2,600448.69
43,1,2011,0,44.98,3.01,204.1789677,10.398,0.17,74.2,562558.27
40,1,2011,0,9.51,3.243,133.1059677,5.114,0.17,74.2,775910.43
14,1,2011,0,24.05,3.237,183.1800955,8.549,0.17,74.2,1613718.38
10,1,2011,0,53.03,3.231,127.5800323,8.744,0.17,74.2,1715769.05
8,2,2011,0,24.48,2.989,215.9327797,6.262,0.16,77.5,944594.78
31,2,2011,0,36.33,2.989,212.2240646,8.028,0.16,77.5,1443206.46
4,2,2011,0,34.61,2.996,127.7195806,6.51,0.16,77.5,2119086.04
12,2,2011,0,45.14,3.348,127.7195806,14.021,0.16,77.5,1046068.17
27,2,2011,0,28.7,3.4,137.0542431,7.827,0.16,77.5,1628100.79
23,2,2011,0,14.5,3.24,133.1834194,5.114,0.16,77.5,1159438.53
19,2,2011,0,21.02,3.4,133.1834194,7.771,0.16,77.5,1370562.11
35,2,2011,0,28.7,3.231,137.0542431,8.549,0.16,77.5,747577.05
1,2,2011,0,42.27,2.989,212.5668812,7.742,0.16,77.5,1606629.58
38,2,2011,0,45.14,3.348,127.7195806,14.021,0.16,77.5,402341.76
16,2,2011,0,13.64,3.011,191.7625895,6.614,0.16,77.5,479263.15
34,2,2011,0,23.82,2.996,127.7195806,10.398,0.16,77.5,971932.87
6,2,2011,0,40.59,2.989,214.0887176,6.858,0.16,77.5,1514999.17
29,2,2011,0,26.39,3.24,133.1834194,10.256,0.16,77.5,504126.89
45,2,2011,0,28.73,3.231,183.4408542,8.549,0.16,77.5,759442.33
42,2,2011,0,44.88,3.348,127.7195806,8.744,0.16,77.5,586886.16
17,2,2011,0,11.29,2.974,127.7195806,6.866,0.16,77.5,816603.05
25,2,2011,0,23.94,3.231,205.7329407,7.343,0.16,77.5,639830.45
26,2,2011,0,11.17,3.24,133.1834194,7.907,0.16,77.5,911807.02
24,2,2011,0,23.83,3.4,133.1834194,8.252,0.16,77.5,1225182.04
21,2,2011,0,36.33,2.989,212.2240646,8.028,0.16,77.5,596218.24
43,2,2011,0,33.21,2.989,204.5264194,10.398,0.16,77.5,651521.77
37,2,2011,0,46.68,2.989,211.3333753,8.395,0.16,77.5,583835.18
7,2,2011,0,-2.06,3.011,191.7625895,8.818,0.16,77.5,558027.77
44,2,2011,0,23.35,2.974,127.7195806,7.224,0.16,77.5,293953.08
10,2,2011,0,44.88,3.348,127.7195806,8.744,0.16,77.5,1968045.91
28,2,2011,0,45.14,3.348,127.7195806,14.021,0.16,77.5,1564897.32
39,2,2011,0,45.96,2.989,211.3333753,8.395,0.16,77.5,1343773.94
41,2,2011,0,14.56,3.011,191.7625895,7.241,0.16,77.5,1179420.5
14,2,2011,0,28.73,3.231,183.4408542,8.549,0.16,77.5,1995891.87
32,2,2011,0,15.47,3.011,191.7625895,8.818,0.16,77.5,1070457.8
3,2,2011,0,45.95,2.989,215.8863367,7.551,0.16,77.5,438516.53
18,2,2011,0,20.79,3.24,133.1834194,9.131,0.16,77.5,1055841.24
36,2,2011,0,46.68,2.98,211.3333753,8.395,0.16,77.5,417521.7
40,2,2011,0,13.29,3.24,133.1834194,5.114,0.16,77.5,904261.65
9,2,2011,0,31.82,2.989,216.1162864,6.416,0.16,77.5,544612.28
20,2,2011,0,28.58,3.231,205.7329407,7.343,0.16,77.5,2351143.07
5,2,2011,0,41.67,2.989,213.1229755,6.634,0.16,77.5,329613.2
30,2,2011,0,36.33,2.989,212.2240646,8.028,0.16,77.5,490970.95
33,2,2011,0,49.26,3.348,127.7195806,8.951,0.16,77.5,234218.03
15,2,2011,0,20.69,3.4,133.1834194,7.771,0.16,77.5,556550.85
22,2,2011,0,26.39,3.24,137.0542431,8.458,0.16,77.5,946060.98
13,2,2011,0,23.35,2.974,127.7195806,7.47,0.16,77.5,1848186.58
2,2,2011,0,38.25,2.989,212.2240646,8.028,0.16,77.5,1929346.23
11,2,2011,0,47.17,2.989,215.8863367,7.551,0.16,77.5,1422546.05
28,2,2011,1,51.3,3.381,127.859129,14.021,0.16,77.5,1397301.38
4,2,2011,1,33.29,3.033,127.859129,6.51,0.16,77.5,2187847.29
43,2,2011,1,40.65,3.022,204.873871,10.398,0.16,77.5,635650.98
23,2,2011,1,21.52,3.255,133.260871,5.114,0.16,77.5,1249786.4
3,2,2011,1,43.57,3.022,216.2660913,7.551,0.16,77.5,430526.21
22,2,2011,1,28.89,3.255,137.1378318,8.458,0.16,77.5,1009206.33
42,2,2011,1,51.51,3.381,127.859129,8.744,0.16,77.5,628063.88
18,2,2011,1,24.3,3.255,133.260871,9.131,0.16,77.5,1122053.58
20,2,2011,1,25.38,3.239,206.0763862,7.343,0.16,77.5,2211388.14
27,2,2011,1,30.45,3.416,137.1378318,7.827,0.16,77.5,1636224.77
5,2,2011,1,38.25,3.022,213.4944627,6.634,0.16,77.5,311590.54
41,2,2011,1,16.81,3.037,191.8572881,7.241,0.16,77.5,1150003.36
1,2,2011,1,36.39,3.022,212.9367046,7.742,0.16,77.5,1649614.93
45,2,2011,1,30.3,3.239,183.7016129,8.549,0.16,77.5,766456.0
21,2,2011,1,34.61,3.022,212.5928624,8.028,0.16,77.5,771908.51
25,2,2011,1,21.18,3.239,206.0763862,7.343,0.16,77.5,615666.78
2,2,2011,1,33.19,3.022,212.5928624,8.028,0.16,77.5,2168041.61
44,2,2011,1,30.83,3.034,127.859129,7.224,0.16,77.5,307486.73
26,2,2011,1,15.12,3.255,133.260871,7.907,0.16,77.5,1010711.08
6,2,2011,1,39.38,3.022,214.4630941,6.858,0.16,77.5,1486920.17
19,2,2011,1,21.79,3.416,133.260871,7.771,0.16,77.5,1430851.11
24,2,2011,1,26.51,3.416,133.260871,8.252,0.16,77.5,1341240.62
40,2,2011,1,16.87,3.255,133.260871,5.114,0.16,77.5,931939.52
14,2,2011,1,30.3,3.239,183.7016129,8.549,0.16,77.5,1980405.03
39,2,2011,1,40.34,3.022,211.6985093,8.395,0.16,77.5,1227893.89
30,2,2011,1,34.61,3.022,212.5928624,8.028,0.16,77.5,470921.24
33,2,2011,1,53.35,3.381,127.859129,8.951,0.16,77.5,276198.74
35,2,2011,1,30.45,3.239,137.1378318,8.549,0.16,77.5,859258.17
34,2,2011,1,28.66,3.033,127.859129,10.398,0.16,77.5,1015654.6
29,2,2011,1,28.89,3.255,133.260871,10.256,0.16,77.5,550387.78
8,2,2011,1,28.26,3.022,216.3126733,6.262,0.16,77.5,996147.39
9,2,2011,1,34.13,3.022,216.496729,6.416,0.16,77.5,555279.02
15,2,2011,1,21.64,3.416,133.260871,7.771,0.16,77.5,582864.35
10,2,2011,1,51.51,3.381,127.859129,8.744,0.16,77.5,2115408.31
12,2,2011,1,51.3,3.381,127.859129,14.021,0.16,77.5,1086421.57
16,2,2011,1,15.02,3.037,191.8572881,6.614,0.16,77.5,466806.89
17,2,2011,1,14.19,3.034,127.859129,6.866,0.16,77.5,813211.46
7,2,2011,1,10.24,3.037,191.8572881,8.818,0.16,77.5,559903.13
38,2,2011,1,51.3,3.381,127.859129,14.021,0.16,77.5,377672.46
31,2,2011,1,34.61,3.022,212.5928624,8.028,0.16,77.5,1539230.32
32,2,2011,1,18.51,3.037,191.8572881,8.818,0.16,77.5,1124357.2
37,2,2011,1,41.16,3.022,211.6985093,8.395,0.16,77.5,522514.32
36,2,2011,1,41.16,3.009,211.6985093,8.395,0.16,77.5,401501.2
13,2,2011,1,30.83,3.034,127.859129,7.47,0.16,77.5,1944438.9
11,2,2011,1,44.61,3.022,216.2660913,7.551,0.16,77.5,1419236.9
28,2,2011,0,53.35,3.43,127.99525,14.021,0.16,77.5,1514828.82
10,2,2011,0,61.77,3.43,127.99525,8.744,0.16,77.5,2106934.55
2,2,2011,0,57.83,3.045,212.9033115,8.028,0.16,77.5,2080884.82
21,2,2011,0,59.87,3.045,212.9033115,8.028,0.16,77.5,884701.92
4,2,2011,0,48.17,3.058,127.99525,6.51,0.16,77.5,2316495.56
25,2,2011,0,38.42,3.245,206.3694701,7.343,0.16,77.5,634637.03
27,2,2011,0,39.32,3.42,137.2511849,7.827,0.16,77.5,1709365.19
44,2,2011,0,40.85,3.062,127.99525,7.224,0.16,77.5,280785.76
36,2,2011,0,57.48,3.017,212.0063522,8.395,0.16,77.5,427175.03
35,2,2011,0,39.32,3.245,137.2511849,8.549,0.16,77.5,865305.88
1,2,2011,0,57.36,3.045,213.2478853,7.742,0.16,77.5,1686842.78
45,2,2011,0,40.7,3.245,183.9371353,8.549,0.16,77.5,802253.41
7,2,2011,0,17.3,3.051,191.9178331,8.818,0.16,77.5,572387.47
18,2,2011,0,31.59,3.263,133.3701429,9.131,0.16,77.5,1095058.57
20,2,2011,0,42.95,3.245,206.3694701,7.343,0.16,77.5,2258616.24
38,2,2011,0,53.35,3.43,127.99525,14.021,0.16,77.5,364606.7
9,2,2011,0,58.5,3.045,216.8154856,6.416,0.16,77.5,610985.56
17,2,2011,0,26.86,3.062,127.99525,6.866,0.16,77.5,860962.91
42,2,2011,0,61.77,3.43,127.99525,8.744,0.16,77.5,556485.1
15,2,2011,0,33.06,3.42,133.3701429,7.771,0.16,77.5,649993.5
34,2,2011,0,45.12,3.058,127.99525,10.398,0.16,77.5,1062629.3
31,2,2011,0,59.87,3.045,212.9033115,8.028,0.16,77.5,1539063.91
40,2,2011,0,21.82,3.263,133.3701429,5.114,0.16,77.5,968694.45
33,2,2011,0,62.03,3.43,127.99525,8.951,0.16,77.5,252349.6
30,2,2011,0,59.87,3.045,212.9033115,8.028,0.16,77.5,417070.51
5,2,2011,0,58.83,3.045,213.8068304,6.634,0.16,77.5,356622.61
22,2,2011,0,35.34,3.263,137.2511849,8.458,0.16,77.5,975964.86
43,2,2011,0,59.15,3.045,205.1683214,10.398,0.16,77.5,626627.77
37,2,2011,0,57.48,3.045,212.0063522,8.395,0.16,77.5,536840.69
11,2,2011,0,61.5,3.045,216.5843571,7.551,0.16,77.5,1554747.15
13,2,2011,0,40.85,3.062,127.99525,7.47,0.16,77.5,2003480.59
16,2,2011,0,27.18,3.051,191.9178331,6.614,0.16,77.5,491179.79
23,2,2011,0,26.6,3.263,133.3701429,5.114,0.16,77.5,1369971.57
12,2,2011,0,53.35,3.43,127.99525,14.021,0.16,77.5,1128485.1
14,2,2011,0,40.7,3.245,183.9371353,8.549,0.16,77.5,2019031.67
3,2,2011,0,61.58,3.045,216.5843571,7.551,0.16,77.5,432782.1
32,2,2011,0,42.09,3.051,191.9178331,8.818,0.16,77.5,1183528.58
8,2,2011,0,50.64,3.045,216.6310383,6.262,0.16,77.5,1065108.64
24,2,2011,0,34.04,3.42,133.3701429,8.252,0.16,77.5,1360150.12
26,2,2011,0,19.63,3.263,133.3701429,7.907,0.16,77.5,981978.02
19,2,2011,0,34.74,3.42,133.3701429,7.771,0.16,77.5,1457270.16
6,2,2011,0,59.61,3.045,214.7775231,6.858,0.16,77.5,1572117.54
29,2,2011,0,35.34,3.263,133.3701429,10.256,0.16,77.5,542529.21
39,2,2011,0,58.2,3.045,212.0063522,8.395,0.16,77.5,1335233.74
41,2,2011,0,39.39,3.051,191.9178331,7.241,0.16,77.5,1203399.64
33,2,2011,0,54.89,3.398,128.13,8.951,0.16,77.5,242901.21
39,2,2011,0,67.77,3.065,212.2912786,8.395,0.16,77.5,1240921.19
4,2,2011,0,49.0,3.087,128.13,6.51,0.16,77.5,2078094.69
36,2,2011,0,67.73,3.053,212.2912786,8.395,0.16,77.5,380279.44
5,2,2011,0,63.35,3.065,214.0955503,6.634,0.16,77.5,294659.5
45,2,2011,0,35.78,3.274,184.1625632,8.549,0.16,77.5,733716.78
22,2,2011,0,30.23,3.281,137.3764439,8.458,0.16,77.5,911245.43
42,2,2011,0,53.59,3.398,128.13,8.744,0.16,77.5,526904.08
2,2,2011,0,60.8,3.065,213.190421,8.028,0.16,77.5,1833511.08
44,2,2011,0,33.17,3.12,128.13,7.224,0.16,77.5,279427.93
8,2,2011,0,51.29,3.065,216.9247918,6.262,0.16,77.5,917317.15
28,2,2011,0,48.45,3.53,128.13,14.021,0.16,77.5,1311796.91
13,2,2011,0,33.17,3.12,128.13,7.47,0.16,77.5,1831933.95
16,2,2011,0,26.15,3.101,191.9647167,6.614,0.16,77.5,475201.64
35,2,2011,0,33.05,3.274,137.3764439,8.549,0.16,77.5,841129.26
24,2,2011,0,26.09,3.452,133.4921429,8.252,0.16,77.5,1235121.33
41,2,2011,0,26.1,3.101,191.9647167,7.241,0.16,77.5,1099714.93
19,2,2011,0,23.24,3.452,133.4921429,7.771,0.16,77.5,1296658.47
11,2,2011,0,68.74,3.065,216.8780275,7.551,0.16,77.5,1323999.36
38,2,2011,0,48.45,3.53,128.13,14.021,0.16,77.5,354232.34
27,2,2011,0,33.05,3.452,137.3764439,7.827,0.16,77.5,1688935.71
30,2,2011,0,61.27,3.065,213.190421,8.028,0.16,77.5,432687.97
31,2,2011,0,61.27,3.065,213.190421,8.028,0.16,77.5,1365678.22
14,2,2011,0,35.78,3.274,184.1625632,8.549,0.16,77.5,1875708.88
29,2,2011,0,30.23,3.281,133.4921429,10.256,0.16,77.5,483660.15
6,2,2011,0,62.86,3.065,215.0679731,6.858,0.16,77.5,1422600.43
20,2,2011,0,33.2,3.274,206.6424093,7.343,0.16,77.5,1938608.52
26,2,2011,0,16.3,3.281,133.4921429,7.907,0.16,77.5,910298.44
34,2,2011,0,44.57,3.087,128.13,10.398,0.16,77.5,953331.45
1,2,2011,0,62.9,3.065,213.535609,7.742,0.16,77.5,1456800.28
32,2,2011,0,33.0,3.101,191.9647167,8.818,0.16,77.5,1054754.67
9,2,2011,0,59.01,3.065,217.1095679,6.416,0.16,77.5,513107.2
21,2,2011,0,61.27,3.065,213.190421,8.028,0.16,77.5,768313.85
17,2,2011,0,24.36,3.12,128.13,6.866,0.16,77.5,767256.53
7,2,2011,0,17.46,3.101,191.9647167,8.818,0.16,77.5,546690.84
12,2,2011,0,48.45,3.53,128.13,14.021,0.16,77.5,1046203.72
15,2,2011,0,20.87,3.452,133.4921429,7.771,0.16,77.5,547564.09
18,2,2011,0,26.15,3.281,133.4921429,9.131,0.16,77.5,1005983.31
10,2,2011,0,53.59,3.398,128.13,8.744,0.16,77.5,1967996.71
3,2,2011,0,67.4,3.065,216.8780275,7.551,0.16,77.5,397211.19
37,2,2011,0,67.73,3.065,212.2912786,8.395,0.16,77.5,514758.19
43,2,2011,0,58.37,3.065,205.4415714,10.398,0.16,77.5,592340.01
40,2,2011,0,16.5,3.281,133.4921429,5.114,0.16,77.5,888869.27
23,2,2011,0,17.0,3.281,133.4921429,5.114,0.16,77.5,1206917.2
25,2,2011,0,28.36,3.274,206.6424093,7.343,0.16,77.5,570816.34
23,3,2011,0,20.67,3.437,133.6141429,5.114,0.14,67.5,1301185.28
31,3,2011,0,59.52,3.288,213.4775305,8.028,0.14,67.5,1412721.18
14,3,2011,0,38.65,3.433,184.3879911,8.549,0.14,67.5,2041215.61
33,3,2011,0,59.51,3.674,128.26475,8.951,0.14,67.5,245435.8
39,3,2011,0,63.56,3.288,212.576205,8.395,0.14,67.5,1316385.43
26,3,2011,0,14.31,3.437,133.6141429,7.907,0.14,67.5,945643.17
29,3,2011,0,33.52,3.437,133.6141429,10.256,0.14,67.5,536031.67
40,3,2011,0,18.49,3.437,133.6141429,5.114,0.14,67.5,977070.62
41,3,2011,0,34.99,3.232,192.0116004,7.241,0.14,67.5,1229257.7
19,3,2011,0,29.28,3.605,133.6141429,7.771,0.14,67.5,1433569.44
5,3,2011,0,60.35,3.288,214.3842702,6.634,0.14,67.5,329033.66
8,3,2011,0,53.18,3.288,217.2185454,6.262,0.14,67.5,935266.43
22,3,2011,0,33.52,3.437,137.5017028,8.458,0.14,67.5,997353.15
43,3,2011,0,60.26,3.288,205.7148214,10.398,0.14,67.5,616345.25
32,3,2011,0,39.17,3.232,192.0116004,8.818,0.14,67.5,1106847.62
11,3,2011,0,66.5,3.288,217.1716979,7.551,0.14,67.5,1399456.99
37,3,2011,0,64.55,3.288,212.576205,8.395,0.14,67.5,527572.25
3,3,2011,0,65.11,3.288,217.1716979,7.551,0.14,67.5,437084.51
13,3,2011,0,34.23,3.23,128.26475,7.47,0.14,67.5,1894960.68
16,3,2011,0,31.77,3.232,192.0116004,6.614,0.14,67.5,484829.07
24,3,2011,0,31.36,3.605,133.6141429,8.252,0.14,67.5,1346994.53
6,3,2011,0,60.45,3.288,215.3584231,6.858,0.14,67.5,1502617.99
12,3,2011,0,51.72,3.674,128.26475,14.021,0.14,67.5,1085248.21
30,3,2011,0,59.52,3.288,213.4775305,8.028,0.14,67.5,443334.71
28,3,2011,0,51.72,3.674,128.26475,14.021,0.14,67.5,1723736.91
15,3,2011,0,28.16,3.605,133.6141429,7.771,0.14,67.5,573374.49
18,3,2011,0,28.49,3.437,133.6141429,9.131,0.14,67.5,1063310.62
42,3,2011,0,56.96,3.674,128.26475,8.744,0.14,67.5,570879.04
7,3,2011,0,21.84,3.232,192.0116004,8.818,0.14,67.5,551378.39
2,3,2011,0,57.77,3.288,213.4775305,8.028,0.14,67.5,1981607.78
17,3,2011,0,24.21,3.23,128.26475,6.866,0.14,67.5,816138.33
9,3,2011,0,60.67,3.288,217.4036503,6.416,0.14,67.5,542016.18
38,3,2011,0,51.72,3.674,128.26475,14.021,0.14,67.5,405429.43
1,3,2011,0,59.58,3.288,213.8233327,7.742,0.14,67.5,1636263.41
34,3,2011,0,46.21,3.305,128.26475,10.398,0.14,67.5,963910.81
45,3,2011,0,38.65,3.433,184.3879911,8.549,0.14,67.5,761880.36
35,3,2011,0,36.99,3.433,137.5017028,8.549,0.14,67.5,850448.54
25,3,2011,0,31.59,3.433,206.9153485,7.343,0.14,67.5,640912.18
20,3,2011,0,37.33,3.433,206.9153485,7.343,0.14,67.5,2143424.61
44,3,2011,0,34.23,3.23,128.26475,7.224,0.14,67.5,293984.54
21,3,2011,0,59.52,3.288,213.4775305,8.028,0.14,67.5,796277.72
4,3,2011,0,46.56,3.305,128.26475,6.51,0.14,67.5,2103455.75
27,3,2011,0,36.99,3.605,137.5017028,7.827,0.14,67.5,1656130.67
10,3,2011,0,56.96,3.674,128.26475,8.744,0.14,67.5,1958003.19
36,3,2011,0,64.55,3.282,212.576205,8.395,0.14,67.5,402579.84
36,3,2011,0,59.15,3.448,212.8611313,8.395,0.14,67.5,407506.78
25,3,2011,0,36.73,3.582,207.1882876,7.343,0.14,67.5,599828.39
37,3,2011,0,59.15,3.459,212.8611313,8.395,0.14,67.5,505610.4
4,3,2011,0,50.93,3.461,128.3995,6.51,0.14,67.5,2039818.41
22,3,2011,0,41.42,3.6,137.6269617,8.458,0.14,67.5,944587.23
43,3,2011,0,60.24,3.459,205.9880714,10.398,0.14,67.5,629026.75
3,3,2011,0,61.29,3.459,217.4653683,7.551,0.14,67.5,404753.3
10,3,2011,0,64.22,3.63,128.3995,8.744,0.14,67.5,1933469.15
15,3,2011,0,34.27,3.752,133.7361429,7.771,0.14,67.5,537035.28
2,3,2011,0,52.7,3.459,213.7646401,8.028,0.14,67.5,1879107.31
16,3,2011,0,29.36,3.372,192.058484,6.614,0.14,67.5,457504.35
42,3,2011,0,64.22,3.63,128.3995,8.744,0.14,67.5,607294.56
32,3,2011,0,36.51,3.372,192.058484,8.818,0.14,67.5,1101458.21
9,3,2011,0,54.75,3.459,217.6977326,6.416,0.14,67.5,517783.5
8,3,2011,0,49.14,3.459,217.512299,6.262,0.14,67.5,900387.29
38,3,2011,0,57.75,3.818,128.3995,14.021,0.14,67.5,357897.18
20,3,2011,0,39.53,3.582,207.1882876,7.343,0.14,67.5,1990932.77
44,3,2011,0,41.28,3.346,128.3995,7.224,0.14,67.5,284496.14
21,3,2011,0,54.69,3.459,213.7646401,8.028,0.14,67.5,763479.9
26,3,2011,0,28.13,3.6,133.7361429,7.907,0.14,67.5,946614.55
14,3,2011,0,45.01,3.582,184.613419,8.549,0.14,67.5,1931104.67
33,3,2011,0,66.51,3.63,128.3995,8.951,0.14,67.5,270921.44
27,3,2011,0,43.64,3.752,137.6269617,7.827,0.14,67.5,1613259.77
13,3,2011,0,41.28,3.346,128.3995,7.47,0.14,67.5,1852432.58
31,3,2011,0,54.69,3.459,213.7646401,8.028,0.14,67.5,1405572.93
19,3,2011,0,35.59,3.752,133.7361429,7.771,0.14,67.5,1351450.43
6,3,2011,0,57.71,3.459,215.6488731,6.858,0.14,67.5,1494497.39
17,3,2011,0,32.42,3.346,128.3995,6.866,0.14,67.5,779602.36
18,3,2011,0,38.4,3.6,133.7361429,9.131,0.14,67.5,1002714.25
39,3,2011,0,58.35,3.459,212.8611313,8.395,0.14,67.5,1283716.81
41,3,2011,0,31.6,3.372,192.058484,7.241,0.14,67.5,1159089.6
34,3,2011,0,45.87,3.461,128.3995,10.398,0.14,67.5,943951.67
45,3,2011,0,45.01,3.582,184.613419,8.549,0.14,67.5,714014.73
24,3,2011,0,39.51,3.752,133.7361429,8.252,0.14,67.5,1253218.7
11,3,2011,0,63.29,3.459,217.4653683,7.551,0.14,67.5,1314557.31
7,3,2011,0,20.7,3.372,192.058484,8.818,0.14,67.5,558963.83
30,3,2011,0,54.69,3.459,213.7646401,8.028,0.14,67.5,438529.81
1,3,2011,0,53.56,3.459,214.1110564,7.742,0.14,67.5,1553191.63
5,3,2011,0,55.74,3.459,214.6729901,6.634,0.14,67.5,293098.1
28,3,2011,0,57.75,3.818,128.3995,14.021,0.14,67.5,1380836.35
12,3,2011,0,57.75,3.818,128.3995,14.021,0.14,67.5,997672.62
35,3,2011,0,43.64,3.582,137.6269617,8.549,0.14,67.5,830601.39
40,3,2011,0,30.53,3.6,133.7361429,5.114,0.14,67.5,860255.58
23,3,2011,0,29.36,3.6,133.7361429,5.114,0.14,67.5,1042043.55
29,3,2011,0,41.42,3.6,133.7361429,10.256,0.14,67.5,493430.45
1,3,2011,0,62.76,3.488,214.3627114,7.742,0.14,67.5,1576818.06
31,3,2011,0,63.26,3.488,214.0156238,8.028,0.14,67.5,1425559.02
40,3,2011,0,35.76,3.634,133.8492258,5.114,0.14,67.5,871024.26
4,3,2011,0,51.86,3.495,128.5121935,6.51,0.14,67.5,2116475.38
33,3,2011,0,72.72,3.892,128.5121935,8.951,0.14,67.5,247234.47
25,3,2011,0,40.94,3.631,207.4283845,7.343,0.14,67.5,603393.64
30,3,2011,0,63.26,3.488,214.0156238,8.028,0.14,67.5,425470.84
36,3,2011,0,64.9,3.487,213.1096787,8.395,0.14,67.5,431412.22
10,3,2011,0,70.12,3.892,128.5121935,8.744,0.14,67.5,1884734.31
32,3,2011,0,45.25,3.406,192.1237981,8.818,0.14,67.5,1100765.5
45,3,2011,0,46.66,3.631,184.809719,8.549,0.14,67.5,733564.77
27,3,2011,0,46.65,3.796,137.7398929,7.827,0.14,67.5,1624539.21
12,3,2011,0,64.21,3.692,128.5121935,14.021,0.14,67.5,1009502.01
37,3,2011,0,64.9,3.488,213.1096787,8.395,0.14,67.5,478503.06
8,3,2011,0,56.68,3.488,217.7705442,6.262,0.14,67.5,898289.14
42,3,2011,0,70.12,3.892,128.5121935,8.744,0.14,67.5,558239.32
28,3,2011,0,64.21,3.692,128.5121935,14.021,0.14,67.5,1286413.71
2,3,2011,0,62.32,3.488,214.0156238,8.028,0.14,67.5,1902557.66
38,3,2011,0,64.21,3.692,128.5121935,14.021,0.14,67.5,349459.95
35,3,2011,0,46.65,3.631,137.7398929,8.549,0.14,67.5,800662.82
39,3,2011,0,65.28,3.488,213.1096787,8.395,0.14,67.5,1348410.05
23,3,2011,0,37.28,3.634,133.8492258,5.114,0.14,67.5,1203682.62
44,3,2011,0,44.69,3.407,128.5121935,7.224,0.14,67.5,281699.68
6,3,2011,0,65.07,3.488,215.9035078,6.858,0.14,67.5,1685375.47
3,3,2011,0,69.47,3.488,217.7235226,7.551,0.14,67.5,392109.51
34,3,2011,0,55.58,3.495,128.5121935,10.398,0.14,67.5,1014218.8
13,3,2011,0,44.69,3.407,128.5121935,7.47,0.14,67.5,1852443.78
21,3,2011,0,63.26,3.488,214.0156238,8.028,0.14,67.5,793569.0
19,3,2011,0,40.32,3.796,133.8492258,7.771,0.14,67.5,1257972.37
5,3,2011,0,64.31,3.488,214.9257339,6.634,0.14,67.5,312177.67
22,3,2011,0,43.38,3.634,137.7398929,8.458,0.14,67.5,926427.12
29,3,2011,0,43.38,3.634,133.8492258,10.256,0.14,67.5,493653.43
17,3,2011,0,34.48,3.407,128.5121935,6.866,0.14,67.5,778436.81
7,3,2011,0,27.69,3.406,192.1237981,8.818,0.14,67.5,635014.69
26,3,2011,0,31.76,3.634,133.8492258,7.907,0.14,67.5,887426.12
18,3,2011,0,41.12,3.634,133.8492258,9.131,0.14,67.5,945889.59
16,3,2011,0,36.5,3.406,192.1237981,6.614,0.14,67.5,497373.49
24,3,2011,0,43.39,3.796,133.8492258,8.252,0.14,67.5,1168397.26
11,3,2011,0,70.17,3.488,217.7235226,7.551,0.14,67.5,1391813.69
14,3,2011,0,46.66,3.631,184.809719,8.549,0.14,67.5,1932491.42
9,3,2011,0,63.82,3.488,217.9563371,6.416,0.14,67.5,515226.11
41,3,2011,0,40.19,3.406,192.1237981,7.241,0.14,67.5,1115504.26
43,3,2011,0,68.98,3.488,206.225924,10.398,0.14,67.5,635171.05
15,3,2011,0,40.23,3.796,133.8492258,7.771,0.14,67.5,551553.99
20,3,2011,0,44.8,3.631,207.4283845,7.343,0.14,67.5,1931668.64
20,3,2011,0,44.83,3.625,207.6553444,7.343,0.14,67.5,1824711.21
26,3,2011,0,22.99,3.624,133.9587419,7.907,0.14,67.5,866566.54
29,3,2011,0,38.77,3.624,133.9587419,10.256,0.14,67.5,478773.05
38,3,2011,0,54.4,3.909,128.6160645,14.021,0.14,67.5,351541.62
28,3,2011,0,54.4,3.909,128.6160645,14.021,0.14,67.5,1201059.72
14,3,2011,0,41.76,3.625,184.9943679,8.549,0.14,67.5,1879451.23
35,3,2011,0,40.11,3.625,137.8478929,8.549,0.14,67.5,762184.1
42,3,2011,0,62.53,3.716,128.6160645,8.744,0.14,67.5,522673.62
9,3,2011,0,68.79,3.473,218.2007506,6.416,0.14,67.5,497488.4
12,3,2011,0,54.4,3.909,128.6160645,14.021,0.14,67.5,954107.32
45,3,2011,0,41.76,3.625,184.9943679,8.549,0.14,67.5,719737.25
36,3,2011,0,71.07,3.488,213.3436744,8.395,0.14,67.5,390732.02
17,3,2011,0,36.71,3.435,128.6160645,6.866,0.14,67.5,781267.76
32,3,2011,0,46.7,3.414,192.1964844,8.818,0.14,67.5,1068719.22
10,3,2011,0,62.53,3.716,128.6160645,8.744,0.14,67.5,1815798.85
4,3,2011,0,59.1,3.48,128.6160645,6.51,0.14,67.5,1944164.32
1,3,2011,0,69.97,3.473,214.5999389,7.742,0.14,67.5,1541102.38
31,3,2011,0,70.33,3.473,214.2521573,8.028,0.14,67.5,1357036.1
15,3,2011,0,32.63,3.789,133.9587419,7.771,0.14,67.5,527389.28
6,3,2011,0,70.83,3.473,216.1438163,6.858,0.14,67.5,1438465.81
21,3,2011,0,70.33,3.473,214.2521573,8.028,0.14,67.5,753711.32
18,3,2011,0,36.65,3.624,133.9587419,9.131,0.14,67.5,944523.3
34,3,2011,0,53.11,3.48,128.6160645,10.398,0.14,67.5,922898.38
25,3,2011,0,38.51,3.625,207.6553444,7.343,0.14,67.5,616324.24
7,3,2011,0,25.69,3.414,192.1964844,8.818,0.14,67.5,559061.58
5,3,2011,0,70.71,3.473,215.1640872,6.634,0.14,67.5,294732.5
40,3,2011,0,28.89,3.624,133.9587419,5.114,0.14,67.5,834621.39
44,3,2011,0,42.38,3.435,128.6160645,7.224,0.14,67.5,285031.81
37,3,2011,0,71.07,3.473,213.3436744,8.395,0.14,67.5,522105.93
2,3,2011,0,69.42,3.473,214.2521573,8.028,0.14,67.5,1766162.05
16,3,2011,0,32.61,3.414,192.1964844,6.614,0.14,67.5,465279.68
22,3,2011,0,38.77,3.624,137.8478929,8.458,0.14,67.5,933528.39
13,3,2011,0,42.38,3.435,128.6160645,7.47,0.14,67.5,1807545.43
3,3,2011,0,72.94,3.473,217.9674705,7.551,0.14,67.5,380683.67
33,3,2011,0,63.34,3.716,128.6160645,8.951,0.14,67.5,238084.08
43,3,2011,0,65.53,3.473,206.4496175,10.398,0.14,67.5,585989.1
39,3,2011,0,71.17,3.473,213.3436744,8.395,0.14,67.5,1284334.79
19,3,2011,0,33.26,3.789,133.9587419,7.771,0.14,67.5,1266564.94
41,3,2011,0,41.11,3.414,192.1964844,7.241,0.14,67.5,1140578.16
23,3,2011,0,29.11,3.624,133.9587419,5.114,0.14,67.5,1148624.83
30,3,2011,0,70.33,3.473,214.2521573,8.028,0.14,67.5,431754.01
27,3,2011,0,40.11,3.789,137.8478929,7.827,0.14,67.5,1554651.08
11,3,2011,0,73.74,3.473,217.9674705,7.551,0.14,67.5,1229777.24
24,3,2011,0,36.88,3.789,133.9587419,8.252,0.14,67.5,1158693.12
8,3,2011,0,59.74,3.473,218.0145862,6.262,0.14,67.5,827968.36
33,4,2011,0,71.41,3.772,128.7199355,8.687,0.1,69.8,232769.09
44,4,2011,0,42.49,3.487,128.7199355,6.906,0.1,69.8,281514.26
13,4,2011,0,42.49,3.487,128.7199355,7.193,0.1,69.8,1864238.64
32,4,2011,0,44.83,3.461,192.2691707,8.595,0.1,69.8,1051121.02
4,4,2011,0,56.99,3.521,128.7199355,5.946,0.1,69.8,1900246.47
1,4,2011,0,59.17,3.524,214.8371664,7.682,0.1,69.8,1495064.75
17,4,2011,0,39.38,3.487,128.7199355,6.774,0.1,69.8,795859.23
40,4,2011,0,28.6,3.638,134.0682581,4.781,0.1,69.8,841889.08
31,4,2011,0,56.36,3.524,214.4886908,7.931,0.1,69.8,1344890.73
6,4,2011,0,62.25,3.524,216.3841249,6.855,0.1,69.8,1459276.77
16,4,2011,0,35.75,3.461,192.2691707,6.339,0.1,69.8,459756.11
18,4,2011,0,35.06,3.638,134.0682581,8.975,0.1,69.8,938083.17
24,4,2011,0,35.73,3.811,134.0682581,8.212,0.1,69.8,1163803.3
19,4,2011,0,30.68,3.811,134.0682581,7.658,0.1,69.8,1305950.22
25,4,2011,0,28.5,3.638,207.8823043,7.287,0.1,69.8,618377.79
9,4,2011,0,56.12,3.524,218.445164,6.38,0.1,69.8,520962.14
15,4,2011,0,30.34,3.811,134.0682581,7.658,0.1,69.8,542556.05
21,4,2011,0,56.36,3.524,214.4886908,7.931,0.1,69.8,732056.37
43,4,2011,0,67.79,3.524,206.6733111,10.581,0.1,69.8,611585.54
39,4,2011,0,66.57,3.524,213.5776701,8.3,0.1,69.8,1316849.36
20,4,2011,0,32.43,3.638,207.8823043,7.287,0.1,69.8,1927993.09
8,4,2011,0,49.86,3.524,218.2586281,6.297,0.1,69.8,878762.3
7,4,2011,0,24.83,3.461,192.2691707,8.595,0.1,69.8,513409.67
12,4,2011,0,63.63,3.772,128.7199355,13.736,0.1,69.8,1005463.49
28,4,2011,0,63.63,3.772,128.7199355,13.736,0.1,69.8,1336838.41
37,4,2011,0,67.31,3.524,213.5776701,8.3,0.1,69.8,534578.78
3,4,2011,0,68.76,3.524,218.2114184,7.574,0.1,69.8,374556.08
42,4,2011,0,67.64,3.772,128.7199355,8.494,0.1,69.8,508432.17
22,4,2011,0,36.04,3.638,137.9558929,8.252,0.1,69.8,951588.37
29,4,2011,0,36.04,3.638,134.0682581,9.966,0.1,69.8,475615.26
23,4,2011,0,29.44,3.638,134.0682581,4.781,0.1,69.8,1182694.95
27,4,2011,0,37.27,3.811,137.9558929,7.725,0.1,69.8,1628868.28
2,4,2011,0,55.43,3.524,214.4886908,7.931,0.1,69.8,1800171.36
45,4,2011,0,37.27,3.638,185.1790167,8.521,0.1,69.8,712425.76
34,4,2011,0,55.46,3.521,128.7199355,10.581,0.1,69.8,884233.67
36,4,2011,0,67.31,3.529,213.5776701,8.3,0.1,69.8,385672.11
5,4,2011,0,61.5,3.524,215.4024406,6.489,0.1,69.8,314316.55
30,4,2011,0,56.36,3.524,214.4886908,7.931,0.1,69.8,437926.79
35,4,2011,0,37.27,3.638,137.9558929,8.512,0.1,69.8,762620.94
14,4,2011,0,37.27,3.638,185.1790167,8.521,0.1,69.8,1869110.55
11,4,2011,0,69.1,3.524,218.2114184,7.574,0.1,69.8,1258674.12
41,4,2011,0,38.16,3.461,192.2691707,6.934,0.1,69.8,1179125.48
10,4,2011,0,67.64,3.772,128.7199355,8.494,0.1,69.8,1827733.18
38,4,2011,0,63.63,3.772,128.7199355,13.736,0.1,69.8,382098.13
26,4,2011,0,22.99,3.638,134.0682581,7.818,0.1,69.8,849231.61
30,4,2011,0,68.62,3.622,214.7252242,7.931,0.1,69.8,443889.5
29,4,2011,0,44.42,3.72,134.1777742,9.966,0.1,69.8,505304.33
22,4,2011,0,44.42,3.72,138.0638929,8.252,0.1,69.8,969046.69
12,4,2011,0,64.47,4.003,128.8238065,13.736,0.1,69.8,998362.05
3,4,2011,0,72.55,3.622,218.4553663,7.574,0.1,69.8,384075.31
16,4,2011,0,38.04,3.532,192.3418571,6.339,0.1,69.8,439276.5
34,4,2011,0,58.59,3.605,128.8238065,10.581,0.1,69.8,975479.83
17,4,2011,0,39.16,3.547,128.8238065,6.774,0.1,69.8,811855.72
43,4,2011,0,70.35,3.622,206.8970046,10.581,0.1,69.8,650418.75
5,4,2011,0,69.64,3.622,215.6407939,6.489,0.1,69.8,307333.62
20,4,2011,0,47.09,3.72,208.1092642,7.287,0.1,69.8,2027056.39
24,4,2011,0,44.7,3.895,134.1777742,8.212,0.1,69.8,1273670.32
15,4,2011,0,40.94,3.895,134.1777742,7.658,0.1,69.8,587370.81
31,4,2011,0,68.62,3.622,214.7252242,7.931,0.1,69.8,1416790.17
21,4,2011,0,68.62,3.622,214.7252242,7.931,0.1,69.8,744782.89
36,4,2011,0,69.39,3.645,213.8116658,8.3,0.1,69.8,428727.61
27,4,2011,0,46.87,3.895,138.0638929,7.725,0.1,69.8,1689844.18
11,4,2011,0,73.57,3.622,218.4553663,7.574,0.1,69.8,1327401.06
23,4,2011,0,36.74,3.72,134.1777742,4.781,0.1,69.8,1248901.98
42,4,2011,0,73.03,3.818,128.8238065,8.494,0.1,69.8,620087.35
28,4,2011,0,64.47,4.003,128.8238065,13.736,0.1,69.8,1414713.5
41,4,2011,0,42.87,3.532,192.3418571,6.934,0.1,69.8,1206252.12
8,4,2011,0,65.62,3.622,218.50267,6.297,0.1,69.8,949825.83
7,4,2011,0,30.64,3.532,192.3418571,8.595,0.1,69.8,500552.16
2,4,2011,0,67.0,3.622,214.7252242,7.931,0.1,69.8,1847552.61
37,4,2011,0,69.39,3.622,213.8116658,8.3,0.1,69.8,543703.16
38,4,2011,0,64.47,4.003,128.8238065,13.736,0.1,69.8,392152.3
44,4,2011,0,42.75,3.547,128.8238065,6.906,0.1,69.8,292498.61
35,4,2011,0,46.87,3.72,138.0638929,8.512,0.1,69.8,813352.41
14,4,2011,0,48.71,3.72,185.3636656,8.521,0.1,69.8,2037798.88
10,4,2011,0,73.03,3.818,128.8238065,8.494,0.1,69.8,1870720.73
6,4,2011,0,70.35,3.622,216.6244334,6.855,0.1,69.8,1534594.0
39,4,2011,0,69.45,3.622,213.8116658,8.3,0.1,69.8,1350646.16
9,4,2011,0,71.4,3.622,218.6895775,6.38,0.1,69.8,561625.92
25,4,2011,0,42.11,3.72,208.1092642,7.287,0.1,69.8,648606.13
19,4,2011,0,41.26,3.895,134.1777742,7.658,0.1,69.8,1419911.91
13,4,2011,0,42.75,3.547,128.8238065,7.193,0.1,69.8,1887465.04
18,4,2011,0,43.32,3.72,134.1777742,8.975,0.1,69.8,1018541.3
40,4,2011,0,34.77,3.72,134.1777742,4.781,0.1,69.8,947753.32
1,4,2011,0,67.84,3.622,215.0743939,7.682,0.1,69.8,1614259.35
33,4,2011,0,75.11,3.818,128.8238065,8.687,0.1,69.8,271924.73
32,4,2011,0,48.81,3.532,192.3418571,8.595,0.1,69.8,1102975.59
45,4,2011,0,48.71,3.72,185.3636656,8.521,0.1,69.8,750182.71
4,4,2011,0,62.61,3.605,128.8238065,5.946,0.1,69.8,2074953.46
26,4,2011,0,29.09,3.72,134.1777742,7.818,0.1,69.8,985229.81
32,4,2011,0,45.97,3.611,192.4225954,8.595,0.1,69.8,1120508.14
40,4,2011,0,43.69,3.823,134.2784667,4.781,0.1,69.8,874446.32
9,4,2011,0,71.9,3.743,218.9134935,6.38,0.1,69.8,528420.28
23,4,2011,0,45.51,3.823,134.2784667,4.781,0.1,69.8,1263680.51
43,4,2011,0,65.01,3.743,207.1015429,10.581,0.1,69.8,635758.03
37,4,2011,0,73.25,3.743,214.026217,8.3,0.1,69.8,543775.87
6,4,2011,0,73.17,3.743,216.8446627,6.855,0.1,69.8,1448797.02
14,4,2011,0,53.69,3.821,185.5339821,8.521,0.1,69.8,1974960.86
4,4,2011,0,62.34,3.724,128.9107333,5.946,0.1,69.8,1960587.76
29,4,2011,0,48.88,3.823,134.2784667,9.966,0.1,69.8,518245.97
42,4,2011,0,61.05,4.089,128.9107333,8.494,0.1,69.8,597644.02
7,4,2011,0,27.79,3.611,192.4225954,8.595,0.1,69.8,423380.14
26,4,2011,0,39.46,3.823,134.2784667,7.818,0.1,69.8,863266.12
35,4,2011,0,52.24,3.821,138.1646952,8.512,0.1,69.8,795157.2
44,4,2011,0,41.72,3.616,128.9107333,6.906,0.1,69.8,289667.55
2,4,2011,0,69.48,3.743,214.9420631,7.931,0.1,69.8,1856467.84
8,4,2011,0,63.55,3.743,218.7262524,6.297,0.1,69.8,908278.74
11,4,2011,0,76.64,3.743,218.6788642,7.574,0.1,69.8,1312905.8
27,4,2011,0,52.24,3.981,138.1646952,7.725,0.1,69.8,1727175.61
28,4,2011,0,57.63,3.868,128.9107333,13.736,0.1,69.8,1240126.07
39,4,2011,0,73.19,3.743,214.026217,8.3,0.1,69.8,1348031.55
13,4,2011,0,41.72,3.616,128.9107333,7.193,0.1,69.8,1950994.04
19,4,2011,0,48.67,3.981,134.2784667,7.658,0.1,69.8,1392093.04
3,4,2011,0,75.88,3.743,218.6788642,7.574,0.1,69.8,366250.69
41,4,2011,0,39.94,3.611,192.4225954,6.934,0.1,69.8,1192982.07
16,4,2011,0,34.59,3.611,192.4225954,6.339,0.1,69.8,427855.24
24,4,2011,0,52.36,3.981,134.2784667,8.212,0.1,69.8,1245576.65
22,4,2011,0,48.88,3.823,138.1646952,8.252,0.1,69.8,1008557.04
5,4,2011,0,72.02,3.743,215.8592673,6.489,0.1,69.8,307913.58
30,4,2011,0,71.01,3.743,214.9420631,7.931,0.1,69.8,426666.92
33,4,2011,0,64.64,4.089,128.9107333,8.687,0.1,69.8,275749.56
36,4,2011,0,73.25,3.763,214.026217,8.3,0.1,69.8,414986.54
38,4,2011,0,57.63,3.868,128.9107333,13.736,0.1,69.8,362758.94
25,4,2011,0,51.43,3.821,208.3172811,7.287,0.1,69.8,674562.45
21,4,2011,0,71.01,3.743,214.9420631,7.931,0.1,69.8,768390.05
15,4,2011,0,48.63,3.981,134.2784667,7.658,0.1,69.8,607691.36
18,4,2011,0,49.91,3.823,134.2784667,8.975,0.1,69.8,988157.72
31,4,2011,0,71.01,3.743,214.9420631,7.931,0.1,69.8,1408464.08
17,4,2011,0,39.98,3.616,128.9107333,6.774,0.1,69.8,825283.43
20,4,2011,0,55.0,3.821,208.3172811,7.287,0.1,69.8,2057406.33
1,4,2011,0,71.27,3.743,215.2918561,7.682,0.1,69.8,1559889.0
34,4,2011,0,53.3,3.724,128.9107333,10.581,0.1,69.8,941829.0
12,4,2011,0,57.63,3.868,128.9107333,13.736,0.1,69.8,990951.77
45,4,2011,0,53.69,3.821,185.5339821,8.521,0.1,69.8,765270.02
10,4,2011,0,61.05,4.089,128.9107333,8.494,0.1,69.8,1781767.22
24,4,2011,0,46.0,4.061,134.3571,8.212,0.1,69.8,1372484.9
22,4,2011,0,47.76,3.919,138.2475036,8.252,0.1,69.8,1152781.9
34,4,2011,0,63.83,3.781,128.9553,10.581,0.1,69.8,1051518.45
12,4,2011,0,72.12,4.134,128.9553,13.736,0.1,69.8,1016019.47
21,4,2011,0,70.79,3.807,215.1096657,7.931,0.1,69.8,801302.01
13,4,2011,0,47.55,3.655,128.9553,7.193,0.1,69.8,2124316.34
10,4,2011,0,75.93,3.917,128.9553,8.494,0.1,69.8,2004831.14
25,4,2011,0,45.87,3.892,208.4779405,7.287,0.1,69.8,756588.42
36,4,2011,0,74.57,3.805,214.1921572,8.3,0.1,69.8,374574.72
23,4,2011,0,39.62,3.919,134.3571,4.781,0.1,69.8,1447301.24
11,4,2011,0,78.31,3.807,218.851237,7.574,0.1,69.8,1388118.53
35,4,2011,0,50.02,3.892,138.2475036,8.512,0.1,69.8,841778.34
14,4,2011,0,53.04,3.892,185.6684673,8.521,0.1,69.8,2256461.39
2,4,2011,0,69.39,3.807,215.1096657,7.931,0.1,69.8,1886339.6
44,4,2011,0,47.55,3.655,128.9553,6.906,0.1,69.8,280357.3
32,4,2011,0,48.69,3.636,192.5234638,8.595,0.1,69.8,1210602.91
1,4,2011,0,72.99,3.807,215.4599053,7.682,0.1,69.8,1564819.81
45,4,2011,0,53.04,3.892,185.6684673,8.521,0.1,69.8,813630.44
33,4,2011,0,79.46,3.917,128.9553,8.687,0.1,69.8,248603.3
3,4,2011,0,76.91,3.807,218.851237,7.574,0.1,69.8,391860.04
9,4,2011,0,72.35,3.807,219.0861659,6.38,0.1,69.8,549502.11
31,4,2011,0,70.79,3.807,215.1096657,7.931,0.1,69.8,1461393.91
19,4,2011,0,41.66,4.061,134.3571,7.658,0.1,69.8,1514288.82
40,4,2011,0,39.32,3.919,134.3571,4.781,0.1,69.8,965056.4
7,4,2011,0,31.84,3.636,192.5234638,8.595,0.1,69.8,466594.89
28,4,2011,0,72.12,4.134,128.9553,13.736,0.1,69.8,1297452.0
39,4,2011,0,74.98,3.807,214.1921572,8.3,0.1,69.8,1563140.85
4,4,2011,0,68.8,3.781,128.9553,5.946,0.1,69.8,2220600.76
30,4,2011,0,70.79,3.807,215.1096657,7.931,0.1,69.8,445358.73
5,4,2011,0,74.34,3.807,216.0280407,6.489,0.1,69.8,328415.44
17,4,2011,0,42.24,3.655,128.9553,6.774,0.1,69.8,1060770.11
27,4,2011,0,50.02,4.061,138.2475036,7.725,0.1,69.8,1921655.48
16,4,2011,0,40.74,3.636,192.5234638,6.339,0.1,69.8,368600.0
37,4,2011,0,74.57,3.807,214.1921572,8.3,0.1,69.8,526434.37
43,4,2011,0,74.49,3.807,207.2581929,10.581,0.1,69.8,638280.67
8,4,2011,0,65.11,3.807,218.8986857,6.297,0.1,69.8,937473.13
15,4,2011,0,41.37,4.061,134.3571,7.658,0.1,69.8,655318.26
20,4,2011,0,52.56,3.892,208.4779405,7.287,0.1,69.8,2313861.81
6,4,2011,0,74.24,3.807,217.0146941,6.855,0.1,69.8,1639358.93
29,4,2011,0,47.76,3.919,134.3571,9.966,0.1,69.8,589252.69
41,4,2011,0,42.86,3.636,192.5234638,6.934,0.1,69.8,1304481.75
26,4,2011,0,33.81,3.919,134.3571,7.818,0.1,69.8,921700.61
38,4,2011,0,72.12,4.134,128.9553,13.736,0.1,69.8,362952.34
18,4,2011,0,45.99,3.919,134.3571,8.975,0.1,69.8,1105860.06
42,4,2011,0,75.93,3.917,128.9553,8.494,0.1,69.8,534597.69
30,4,2011,0,70.19,3.81,215.2772683,7.931,0.1,69.8,423687.2
41,4,2011,0,39.81,3.663,192.6243322,6.934,0.1,69.8,1178841.05
24,4,2011,0,60.48,4.117,134.4357333,8.212,0.1,69.8,1197761.17
20,4,2011,0,62.97,3.962,208.6386,7.287,0.1,69.8,1881788.19
5,4,2011,0,74.75,3.81,216.1968142,6.489,0.1,69.8,307291.56
22,4,2011,0,57.2,3.988,138.3303119,8.252,0.1,69.8,926133.8
34,4,2011,0,57.73,3.781,128.9998667,10.581,0.1,69.8,895973.02
15,4,2011,0,55.46,4.117,134.4357333,7.658,0.1,69.8,560764.41
25,4,2011,0,58.43,3.962,208.6386,7.287,0.1,69.8,649245.0
21,4,2011,0,70.19,3.81,215.2772683,7.931,0.1,69.8,783250.75
19,4,2011,0,54.23,4.117,134.4357333,7.658,0.1,69.8,1297237.7
29,4,2011,0,57.2,3.988,134.4357333,9.966,0.1,69.8,493078.64
12,4,2011,0,68.27,4.151,128.9998667,13.736,0.1,69.8,994966.1
38,4,2011,0,68.27,4.151,128.9998667,13.736,0.1,69.8,344225.99
42,4,2011,0,73.38,4.151,128.9998667,8.494,0.1,69.8,496010.17
2,4,2011,0,69.21,3.81,215.2772683,7.931,0.1,69.8,1745545.28
6,4,2011,0,75.27,3.81,217.1847255,6.855,0.1,69.8,1479249.9
16,4,2011,0,37.77,3.663,192.6243322,6.339,0.1,69.8,378100.31
36,4,2011,0,76.1,3.837,214.3580974,8.3,0.1,69.8,340708.78
27,4,2011,0,61.71,4.117,138.3303119,7.725,0.1,69.8,1642074.64
33,4,2011,0,77.44,4.151,128.9998667,8.687,0.1,69.8,248561.86
10,4,2011,0,73.38,4.151,128.9998667,8.494,0.1,69.8,1873646.34
13,4,2011,0,43.85,3.683,128.9998667,7.193,0.1,69.8,1895583.12
4,4,2011,0,64.22,3.781,128.9998667,5.946,0.1,69.8,1878167.44
31,4,2011,0,70.19,3.81,215.2772683,7.931,0.1,69.8,1331137.96
8,4,2011,0,62.29,3.81,219.071119,6.297,0.1,69.8,855014.77
39,4,2011,0,76.47,3.81,214.3580974,8.3,0.1,69.8,1379651.87
44,4,2011,0,43.85,3.683,128.9998667,6.906,0.1,69.8,281247.97
28,4,2011,0,68.27,4.151,128.9998667,13.736,0.1,69.8,1222367.9
45,4,2011,0,66.18,3.962,185.8029526,8.521,0.1,69.8,786561.61
18,4,2011,0,58.82,3.988,134.4357333,8.975,0.1,69.8,974114.39
32,4,2011,0,44.86,3.663,192.6243322,8.595,0.1,69.8,1107494.55
35,4,2011,0,61.71,3.962,138.3303119,8.512,0.1,69.8,811824.06
40,4,2011,0,52.68,3.988,134.4357333,4.781,0.1,69.8,847246.5
7,4,2011,0,26.79,3.663,192.6243322,8.595,0.1,69.8,410429.73
23,4,2011,0,54.2,3.988,134.4357333,4.781,0.1,69.8,1173307.4
17,4,2011,0,40.14,3.683,128.9998667,6.774,0.1,69.8,806979.15
14,4,2011,0,66.18,3.962,185.8029526,8.521,0.1,69.8,1930617.64
3,4,2011,0,78.69,3.81,219.0236099,7.574,0.1,69.8,367405.4
43,4,2011,0,71.34,3.81,207.4148429,10.581,0.1,69.8,611464.21
11,4,2011,0,79.97,3.81,219.0236099,7.574,0.1,69.8,1357589.89
26,4,2011,0,47.17,3.988,134.4357333,7.818,0.1,69.8,873450.29
1,4,2011,0,72.03,3.81,215.6279544,7.682,0.1,69.8,1455090.69
9,4,2011,0,70.85,3.81,219.2588382,6.38,0.1,69.8,532226.2
37,4,2011,0,76.1,3.81,214.3580974,8.3,0.1,69.8,502918.18
37,5,2011,0,69.56,3.906,214.5240376,8.3,0.09,74.3,547513.3
8,5,2011,0,58.92,3.906,219.2435524,6.297,0.09,74.3,941457.34
19,5,2011,0,50.43,4.192,134.5143667,7.658,0.09,74.3,1451953.95
31,5,2011,0,61.87,3.906,215.4448709,7.931,0.09,74.3,1388755.61
43,5,2011,0,66.77,3.906,207.5714929,10.581,0.09,74.3,649148.74
36,5,2011,0,69.56,3.917,214.5240376,8.3,0.09,74.3,393401.4
39,5,2011,0,68.75,3.906,214.5240376,8.3,0.09,74.3,1370920.87
23,5,2011,0,50.07,4.078,134.5143667,4.781,0.09,74.3,1359921.13
28,5,2011,0,68.4,4.193,129.0444333,13.736,0.09,74.3,1515890.38
13,5,2011,0,47.75,3.744,129.0444333,7.193,0.09,74.3,1986380.4
2,5,2011,0,61.48,3.906,215.4448709,7.931,0.09,74.3,1837743.6
10,5,2011,0,73.56,4.193,129.0444333,8.494,0.09,74.3,1841369.99
32,5,2011,0,46.65,3.735,192.7252006,8.595,0.09,74.3,1181793.55
33,5,2011,0,77.92,4.193,129.0444333,8.687,0.09,74.3,257031.19
17,5,2011,0,45.66,3.744,129.0444333,6.774,0.09,74.3,882132.28
27,5,2011,0,56.48,4.192,138.4131202,7.725,0.09,74.3,1757041.96
6,5,2011,0,65.42,3.906,217.3547569,6.855,0.09,74.3,1504651.57
4,5,2011,0,63.41,3.866,129.0444333,5.946,0.09,74.3,2063682.76
7,5,2011,0,26.54,3.735,192.7252006,8.595,0.09,74.3,407012.47
3,5,2011,0,69.45,3.906,219.1959827,7.574,0.09,74.3,413042.12
16,5,2011,0,38.64,3.735,192.7252006,6.339,0.09,74.3,423805.22
26,5,2011,0,45.0,4.078,134.5143667,7.818,0.09,74.3,1024778.23
41,5,2011,0,41.2,3.735,192.7252006,6.934,0.09,74.3,1244956.91
44,5,2011,0,47.75,3.744,129.0444333,6.906,0.09,74.3,299354.67
20,5,2011,0,53.41,4.046,208.7992595,7.287,0.09,74.3,2090838.44
9,5,2011,0,62.2,3.906,219.4315106,6.38,0.09,74.3,545251.1
14,5,2011,0,58.21,4.046,185.9374378,8.521,0.09,74.3,2095599.93
11,5,2011,0,71.39,3.906,219.1959827,7.574,0.09,74.3,1331453.41
15,5,2011,0,49.87,4.192,134.5143667,7.658,0.09,74.3,630522.67
24,5,2011,0,55.75,4.192,134.5143667,8.212,0.09,74.3,1339630.35
29,5,2011,0,53.63,4.078,134.5143667,9.966,0.09,74.3,534372.53
42,5,2011,0,73.56,4.193,129.0444333,8.494,0.09,74.3,612337.35
1,5,2011,0,64.61,3.906,215.7960035,7.682,0.09,74.3,1629391.28
21,5,2011,0,61.87,3.906,215.4448709,7.931,0.09,74.3,718898.33
12,5,2011,0,68.4,4.193,129.0444333,13.736,0.09,74.3,1021154.48
38,5,2011,0,68.4,4.193,129.0444333,13.736,0.09,74.3,422186.65
22,5,2011,0,53.63,4.078,138.4131202,8.252,0.09,74.3,1032076.06
5,5,2011,0,66.27,3.906,216.3655877,6.489,0.09,74.3,322904.68
35,5,2011,0,56.48,4.046,138.4131202,8.512,0.09,74.3,835181.18
40,5,2011,0,50.81,4.078,134.5143667,4.781,0.09,74.3,1016752.55
25,5,2011,0,49.5,4.046,208.7992595,7.287,0.09,74.3,659446.55
18,5,2011,0,54.17,4.078,134.5143667,8.975,0.09,74.3,1065427.37
30,5,2011,0,61.87,3.906,215.4448709,7.931,0.09,74.3,438789.52
34,5,2011,0,54.4,3.866,129.0444333,10.581,0.09,74.3,965853.58
45,5,2011,0,58.21,4.046,185.9374378,8.521,0.09,74.3,810150.64
12,5,2011,0,70.93,4.202,129.089,13.736,0.09,74.3,977033.5
44,5,2011,0,52.4,3.77,129.089,6.906,0.09,74.3,307095.31
8,5,2011,0,72.96,3.899,219.4159857,6.297,0.09,74.3,895763.41
45,5,2011,0,60.38,4.066,186.0719231,8.521,0.09,74.3,793889.1
1,5,2011,0,75.64,3.899,215.9640526,7.682,0.09,74.3,1604775.58
39,5,2011,0,77.39,3.899,214.6899778,8.3,0.09,74.3,1325022.77
19,5,2011,0,54.2,4.211,134.593,7.658,0.09,74.3,1429143.06
41,5,2011,0,50.29,3.767,192.826069,6.934,0.09,74.3,1270025.74
5,5,2011,0,77.38,3.899,216.5343611,6.489,0.09,74.3,290930.01
24,5,2011,0,58.49,4.211,134.593,8.212,0.09,74.3,1311950.16
11,5,2011,0,80.93,3.899,219.3683556,7.574,0.09,74.3,1277959.42
34,5,2011,0,63.05,3.872,129.089,10.581,0.09,74.3,966232.69
22,5,2011,0,57.71,4.095,138.4959286,8.252,0.09,74.3,1001558.74
27,5,2011,0,60.07,4.211,138.4959286,7.725,0.09,74.3,1763545.32
35,5,2011,0,60.07,4.066,138.4959286,8.512,0.09,74.3,826155.95
30,5,2011,0,75.04,3.899,215.6124735,7.931,0.09,74.3,424614.59
16,5,2011,0,43.29,3.767,192.826069,6.339,0.09,74.3,410406.95
7,5,2011,0,36.61,3.767,192.826069,8.595,0.09,74.3,414094.05
13,5,2011,0,52.4,3.77,129.089,7.193,0.09,74.3,1958823.56
28,5,2011,0,70.93,4.202,129.089,13.736,0.09,74.3,1253316.3
33,5,2011,0,78.24,4.202,129.089,8.687,0.09,74.3,279466.87
17,5,2011,0,49.26,3.77,129.089,6.774,0.09,74.3,870625.49
2,5,2011,0,74.61,3.899,215.6124735,7.931,0.09,74.3,1838513.07
18,5,2011,0,58.48,4.095,134.593,8.975,0.09,74.3,993172.98
29,5,2011,0,57.71,4.095,134.593,9.966,0.09,74.3,549551.02
10,5,2011,0,74.04,4.202,129.089,8.494,0.09,74.3,1712995.44
4,5,2011,0,70.65,3.872,129.089,5.946,0.09,74.3,2002362.37
31,5,2011,0,75.04,3.899,215.6124735,7.931,0.09,74.3,1408118.22
25,5,2011,0,60.1,4.066,208.9599189,7.287,0.09,74.3,684783.15
15,5,2011,0,57.07,4.211,134.593,7.658,0.09,74.3,630482.91
20,5,2011,0,62.26,4.066,208.9599189,7.287,0.09,74.3,2036748.53
40,5,2011,0,54.09,4.095,134.593,4.781,0.09,74.3,903864.02
26,5,2011,0,48.2,4.095,134.593,7.818,0.09,74.3,941008.85
14,5,2011,0,60.38,4.066,186.0719231,8.521,0.09,74.3,2004330.3
32,5,2011,0,56.09,3.767,192.826069,8.595,0.09,74.3,1138162.76
9,5,2011,0,77.66,3.899,219.6041829,6.38,0.09,74.3,539126.0
23,5,2011,0,55.12,4.095,134.593,4.781,0.09,74.3,1254914.87
37,5,2011,0,76.73,3.899,214.6899778,8.3,0.09,74.3,511871.63
43,5,2011,0,76.03,3.899,207.7281429,10.581,0.09,74.3,684655.91
3,5,2011,0,79.87,3.899,219.3683556,7.574,0.09,74.3,386312.68
6,5,2011,0,76.95,3.899,217.5247882,6.855,0.09,74.3,1453185.65
36,5,2011,0,76.73,3.92,214.6899778,8.3,0.09,74.3,395316.65
21,5,2011,0,75.04,3.899,215.6124735,7.931,0.09,74.3,754236.7
38,5,2011,0,70.93,4.202,129.089,13.736,0.09,74.3,366977.79
42,5,2011,0,74.04,4.202,129.089,8.494,0.09,74.3,603024.75
42,5,2011,0,72.62,3.99,129.0756774,8.494,0.09,74.3,524559.95
13,5,2011,0,52.12,3.802,129.0756774,7.193,0.09,74.3,1860923.55
7,5,2011,0,36.16,3.828,192.831317,8.595,0.09,74.3,424670.98
4,5,2011,0,70.49,3.881,129.0756774,5.946,0.09,74.3,2015563.48
32,5,2011,0,45.71,3.828,192.831317,8.595,0.09,74.3,1145084.76
21,5,2011,0,68.36,3.907,215.3834778,7.931,0.09,74.3,744836.56
31,5,2011,0,68.36,3.907,215.3834778,7.931,0.09,74.3,1387365.19
40,5,2011,0,56.38,4.101,134.6803871,4.781,0.09,74.3,907110.83
37,5,2011,0,73.02,3.907,214.465412,8.3,0.09,74.3,533564.42
38,5,2011,0,66.59,4.169,129.0756774,13.736,0.09,74.3,365730.76
44,5,2011,0,52.12,3.802,129.0756774,6.906,0.09,74.3,303559.23
16,5,2011,0,43.95,3.828,192.831317,6.339,0.09,74.3,435397.19
20,5,2011,0,59.01,4.062,208.7583165,7.287,0.09,74.3,1953416.06
45,5,2011,0,62.28,4.062,185.9661154,8.521,0.09,74.3,727163.67
9,5,2011,0,70.49,3.907,219.3622809,6.38,0.09,74.3,518266.9
25,5,2011,0,56.56,4.062,208.7583165,7.287,0.09,74.3,677971.33
34,5,2011,0,61.47,3.881,129.0756774,10.581,0.09,74.3,945018.83
43,5,2011,0,74.21,3.907,207.5200622,10.581,0.09,74.3,648330.18
29,5,2011,0,58.56,4.101,134.6803871,9.966,0.09,74.3,492932.51
30,5,2011,0,68.36,3.907,215.3834778,7.931,0.09,74.3,435102.2
41,5,2011,0,41.11,3.828,192.831317,6.934,0.09,74.3,1244542.33
3,5,2011,0,75.79,3.907,219.127216,7.574,0.09,74.3,364603.13
26,5,2011,0,48.86,4.101,134.6803871,7.818,0.09,74.3,938334.62
39,5,2011,0,73.31,3.907,214.465412,8.3,0.09,74.3,1373907.21
36,5,2011,0,73.02,3.925,214.465412,8.3,0.09,74.3,376183.44
35,5,2011,0,60.22,4.062,138.587106,8.512,0.09,74.3,776838.56
8,5,2011,0,65.54,3.907,219.1746922,6.297,0.09,74.3,836049.89
6,5,2011,0,72.01,3.907,217.2896095,6.855,0.09,74.3,1382783.83
27,5,2011,0,60.22,4.202,138.587106,7.725,0.09,74.3,1725268.56
28,5,2011,0,66.59,4.169,129.0756774,13.736,0.09,74.3,1151282.31
24,5,2011,0,59.84,4.202,134.6803871,8.212,0.09,74.3,1234281.7
12,5,2011,0,66.59,4.169,129.0756774,13.736,0.09,74.3,924134.99
17,5,2011,0,51.93,3.802,129.0756774,6.774,0.09,74.3,844443.35
18,5,2011,0,57.55,4.101,134.6803871,8.975,0.09,74.3,994610.43
22,5,2011,0,58.56,4.101,138.587106,8.252,0.09,74.3,970307.83
15,5,2011,0,57.19,4.202,134.6803871,7.658,0.09,74.3,593941.9
19,5,2011,0,52.8,4.202,134.6803871,7.658,0.09,74.3,1355234.3
2,5,2011,0,67.14,3.907,215.3834778,7.931,0.09,74.3,1688281.86
11,5,2011,0,76.97,3.907,219.127216,7.574,0.09,74.3,1239466.97
10,5,2011,0,72.62,3.99,129.0756774,8.494,0.09,74.3,1720908.01
14,5,2011,0,62.28,4.062,185.9661154,8.521,0.09,74.3,1959967.8
33,5,2011,0,76.07,3.99,129.0756774,8.687,0.09,74.3,239206.26
1,5,2011,0,67.63,3.907,215.7339202,7.682,0.09,74.3,1428218.27
23,5,2011,0,56.67,4.101,134.6803871,4.781,0.09,74.3,1337617.55
5,5,2011,0,71.37,3.907,216.3023847,6.489,0.09,74.3,299614.33
24,5,2011,0,65.74,4.134,134.7677742,8.212,0.09,74.3,1311153.72
2,5,2011,0,76.42,3.786,215.1544822,7.931,0.09,74.3,1797732.56
5,5,2011,0,80.14,3.786,216.0704083,6.489,0.09,74.3,297149.69
29,5,2011,0,62.59,4.034,134.7677742,9.966,0.09,74.3,550735.64
41,5,2011,0,50.56,3.795,192.8365651,6.934,0.09,74.3,1278304.33
20,5,2011,0,69.12,3.985,208.556714,7.287,0.09,74.3,1944433.17
40,5,2011,0,63.11,4.034,134.7677742,4.781,0.09,74.3,972373.81
26,5,2011,0,56.74,4.034,134.7677742,7.818,0.09,74.3,996723.58
11,5,2011,0,85.61,3.786,218.8860765,7.574,0.09,74.3,1216876.52
7,5,2011,0,37.51,3.795,192.8365651,8.595,0.09,74.3,457216.87
32,5,2011,0,55.13,3.795,192.8365651,8.595,0.09,74.3,1175447.49
17,5,2011,0,51.04,3.778,129.0623548,6.774,0.09,74.3,892056.64
35,5,2011,0,66.43,3.985,138.6782834,8.512,0.09,74.3,850708.6
14,5,2011,0,69.7,3.985,185.8603077,8.521,0.09,74.3,2080694.24
9,5,2011,0,80.42,3.786,219.1203788,6.38,0.09,74.3,553834.04
44,5,2011,0,54.62,3.778,129.0623548,6.906,0.09,74.3,308442.49
25,5,2011,0,67.18,3.985,208.556714,7.287,0.09,74.3,718373.94
21,5,2011,0,76.86,3.786,215.1544822,7.931,0.09,74.3,744389.81
36,5,2011,0,81.28,3.786,214.2408462,8.3,0.09,74.3,348655.2
18,5,2011,0,64.6,4.034,134.7677742,8.975,0.09,74.3,1065214.14
27,5,2011,0,66.43,4.134,138.6782834,7.725,0.09,74.3,1820723.17
12,5,2011,0,76.67,4.087,129.0623548,13.736,0.09,74.3,964332.51
23,5,2011,0,63.27,4.034,134.7677742,4.781,0.09,74.3,1361945.18
19,5,2011,0,63.2,4.134,134.7677742,7.658,0.09,74.3,1388553.11
10,5,2011,0,78.62,3.933,129.0623548,8.494,0.09,74.3,1743000.38
8,5,2011,0,73.14,3.786,218.9333986,6.297,0.09,74.3,857939.41
33,5,2011,0,82.32,3.933,129.0623548,8.687,0.09,74.3,239431.85
1,5,2011,0,77.72,3.786,215.5037878,7.682,0.09,74.3,1466046.67
3,5,2011,0,84.41,3.786,218.8860765,7.574,0.09,74.3,369350.6
13,5,2011,0,54.62,3.778,129.0623548,7.193,0.09,74.3,1866369.93
4,5,2011,0,73.65,3.771,129.0623548,5.946,0.09,74.3,1986597.95
31,5,2011,0,76.86,3.786,215.1544822,7.931,0.09,74.3,1342273.64
6,5,2011,0,80.83,3.786,217.0544307,6.855,0.09,74.3,1523979.11
42,5,2011,0,78.62,3.933,129.0623548,8.494,0.09,74.3,503295.29
39,5,2011,0,82.1,3.786,214.2408462,8.3,0.09,74.3,1406124.14
45,5,2011,0,69.7,3.985,185.8603077,8.521,0.09,74.3,817653.25
22,5,2011,0,62.59,4.034,138.6782834,8.252,0.09,74.3,1021568.34
16,5,2011,0,45.17,3.795,192.8365651,6.339,0.09,74.3,444718.68
28,5,2011,0,76.67,4.087,129.0623548,13.736,0.09,74.3,1160043.98
43,5,2011,0,80.89,3.786,207.3119816,10.581,0.09,74.3,578209.63
34,5,2011,0,65.99,3.771,129.0623548,10.581,0.09,74.3,941311.83
30,5,2011,0,76.86,3.786,215.1544822,7.931,0.09,74.3,429305.82
38,5,2011,0,76.67,4.087,129.0623548,13.736,0.09,74.3,356886.1
37,5,2011,0,81.28,3.786,214.2408462,8.3,0.09,74.3,507086.75
15,5,2011,0,65.87,4.134,134.7677742,7.658,0.09,74.3,636193.24
28,6,2011,0,71.81,4.031,129.0490323,13.736,0.09,71.5,1403779.25
18,6,2011,0,70.9,3.973,134.8551613,8.975,0.09,71.5,1178039.0
39,6,2011,0,83.59,3.699,214.0162805,8.3,0.09,71.5,1541745.59
38,6,2011,0,71.81,4.031,129.0490323,13.736,0.09,71.5,396826.06
3,6,2011,0,84.29,3.699,218.6449369,7.574,0.09,71.5,394507.84
45,6,2011,0,76.38,3.922,185.7545,8.521,0.09,71.5,877423.45
1,6,2011,0,83.0,3.699,215.2736553,7.682,0.09,71.5,1635078.41
44,6,2011,0,52.76,3.752,129.0490323,6.906,0.09,71.5,308950.04
37,6,2011,0,82.96,3.699,214.0162805,8.3,0.09,71.5,500381.23
7,6,2011,0,45.77,3.763,192.8418131,8.595,0.09,71.5,542295.37
9,6,2011,0,85.8,3.699,218.8784768,6.38,0.09,71.5,587004.29
42,6,2011,0,81.87,3.893,129.0490323,8.494,0.09,71.5,545109.3
14,6,2011,0,76.38,3.922,185.7545,8.521,0.09,71.5,2079899.47
43,6,2011,0,83.49,3.699,207.1039009,10.581,0.09,71.5,630972.15
19,6,2011,0,66.01,4.069,134.8551613,7.658,0.09,71.5,1457345.75
13,6,2011,0,52.76,3.752,129.0490323,7.193,0.09,71.5,1935593.87
31,6,2011,0,83.82,3.699,214.9254865,7.931,0.09,71.5,1430348.1
6,6,2011,0,84.01,3.699,216.819252,6.855,0.09,71.5,1705506.29
23,6,2011,0,67.21,3.973,134.8551613,4.781,0.09,71.5,1562161.97
16,6,2011,0,54.08,3.763,192.8418131,6.339,0.09,71.5,531080.31
34,6,2011,0,74.64,3.683,129.0490323,10.581,0.09,71.5,947229.24
30,6,2011,0,83.82,3.699,214.9254865,7.931,0.09,71.5,432808.48
15,6,2011,0,69.8,4.069,134.8551613,7.658,0.09,71.5,695396.19
25,6,2011,0,70.69,3.922,208.3551116,7.287,0.09,71.5,737551.74
32,6,2011,0,61.25,3.763,192.8418131,8.595,0.09,71.5,1167757.0
12,6,2011,0,71.81,4.031,129.0490323,13.736,0.09,71.5,970328.68
40,6,2011,0,66.16,3.973,134.8551613,4.781,0.09,71.5,1075687.74
10,6,2011,0,81.87,3.893,129.0490323,8.494,0.09,71.5,1792210.89
21,6,2011,0,83.82,3.699,214.9254865,7.931,0.09,71.5,773878.58
8,6,2011,0,82.05,3.699,218.6921051,6.297,0.09,71.5,929222.16
24,6,2011,0,73.12,4.069,134.8551613,8.212,0.09,71.5,1554837.62
4,6,2011,0,78.26,3.683,129.0490323,5.946,0.09,71.5,2065377.15
5,6,2011,0,83.81,3.699,215.8384319,6.489,0.09,71.5,329183.92
29,6,2011,0,70.09,3.973,134.8551613,9.966,0.09,71.5,598251.57
41,6,2011,0,54.81,3.763,192.8418131,6.934,0.09,71.5,1297584.95
20,6,2011,0,73.51,3.922,208.3551116,7.287,0.09,71.5,2182246.69
2,6,2011,0,83.07,3.699,214.9254865,7.931,0.09,71.5,1933756.21
26,6,2011,0,60.49,3.973,134.8551613,7.818,0.09,71.5,1054454.4
11,6,2011,0,86.14,3.699,218.6449369,7.574,0.09,71.5,1343637.0
27,6,2011,0,74.17,4.069,138.7694608,7.725,0.09,71.5,2053708.01
36,6,2011,0,82.96,3.69,214.0162805,8.3,0.09,71.5,373703.95
17,6,2011,0,49.61,3.752,129.0490323,6.774,0.09,71.5,895020.48
35,6,2011,0,74.17,3.922,138.7694608,8.512,0.09,71.5,955466.84
22,6,2011,0,70.09,3.973,138.7694608,8.252,0.09,71.5,1125169.92
33,6,2011,0,82.93,3.893,129.0490323,8.687,0.09,71.5,243477.03
6,6,2011,0,84.49,3.648,216.5840732,6.855,0.09,71.5,1598643.65
34,6,2011,0,74.57,3.64,129.0357097,10.581,0.09,71.5,943912.77
40,6,2011,0,64.19,3.924,134.9425484,4.781,0.09,71.5,984336.04
29,6,2011,0,69.53,3.924,134.9425484,9.966,0.09,71.5,558431.44
17,6,2011,0,54.57,3.732,129.0357097,6.774,0.09,71.5,881190.46
12,6,2011,0,78.72,3.981,129.0357097,13.736,0.09,71.5,996937.95
43,6,2011,0,85.81,3.648,206.8958203,10.581,0.09,71.5,643041.71
23,6,2011,0,65.23,3.924,134.9425484,4.781,0.09,71.5,1447028.06
44,6,2011,0,61.39,3.732,129.0357097,6.906,0.09,71.5,308770.42
14,6,2011,0,73.88,3.881,185.6486923,8.521,0.09,71.5,2132446.0
33,6,2011,0,87.02,3.981,129.0357097,8.687,0.09,71.5,258427.39
19,6,2011,0,68.26,4.025,134.9425484,7.658,0.09,71.5,1467473.63
26,6,2011,0,59.85,3.924,134.9425484,7.818,0.09,71.5,1094058.68
27,6,2011,0,73.26,4.025,138.8606382,7.725,0.09,71.5,1817914.71
2,6,2011,0,83.4,3.648,214.6964908,7.931,0.09,71.5,1929153.16
1,6,2011,0,83.13,3.648,215.0435229,7.682,0.09,71.5,1588948.32
15,6,2011,0,69.86,4.025,134.9425484,7.658,0.09,71.5,642679.81
8,6,2011,0,82.21,3.648,218.4508115,6.297,0.09,71.5,897309.41
38,6,2011,0,78.72,3.981,129.0357097,13.736,0.09,71.5,381763.02
42,6,2011,0,84.57,3.981,129.0357097,8.494,0.09,71.5,616701.99
21,6,2011,0,84.71,3.648,214.6964908,7.931,0.09,71.5,794397.89
4,6,2011,0,80.05,3.64,129.0357097,5.946,0.09,71.5,2073951.38
36,6,2011,0,82.41,3.633,213.7917147,8.3,0.09,71.5,374182.04
10,6,2011,0,84.57,3.981,129.0357097,8.494,0.09,71.5,1740063.1
31,6,2011,0,84.71,3.648,214.6964908,7.931,0.09,71.5,1425299.37
20,6,2011,0,73.64,3.881,208.1535092,7.287,0.09,71.5,2135062.04
16,6,2011,0,55.78,3.735,192.8470612,6.339,0.09,71.5,600952.06
13,6,2011,0,61.39,3.732,129.0357097,7.193,0.09,71.5,1997816.98
30,6,2011,0,84.71,3.648,214.6964908,7.931,0.09,71.5,424697.05
45,6,2011,0,73.88,3.881,185.6486923,8.521,0.09,71.5,814395.17
18,6,2011,0,69.49,3.924,134.9425484,8.975,0.09,71.5,1044079.2
28,6,2011,0,78.72,3.981,129.0357097,13.736,0.09,71.5,1339972.83
7,6,2011,0,53.3,3.735,192.8470612,8.595,0.09,71.5,621099.95
3,6,2011,0,84.84,3.648,218.4037974,7.574,0.09,71.5,391638.75
39,6,2011,0,82.75,3.648,213.7917147,8.3,0.09,71.5,1442092.08
37,6,2011,0,82.41,3.648,213.7917147,8.3,0.09,71.5,509647.25
35,6,2011,0,73.26,3.881,138.8606382,8.512,0.09,71.5,855130.21
11,6,2011,0,85.79,3.648,218.4037974,7.574,0.09,71.5,1314626.75
41,6,2011,0,61.1,3.735,192.8470612,6.934,0.09,71.5,1311690.11
9,6,2011,0,85.81,3.648,218.6365747,6.38,0.09,71.5,550076.32
5,6,2011,0,83.61,3.648,215.6064555,6.489,0.09,71.5,304984.14
24,6,2011,0,70.02,4.025,134.9425484,8.212,0.09,71.5,1373841.91
32,6,2011,0,65.49,3.735,192.8470612,8.595,0.09,71.5,1239741.34
22,6,2011,0,69.53,3.924,138.8606382,8.252,0.09,71.5,1060868.49
25,6,2011,0,71.45,3.881,208.1535092,7.287,0.09,71.5,740259.63
37,6,2011,0,84.43,3.637,213.7481256,8.3,0.09,71.5,525132.36
32,6,2011,0,67.38,3.697,192.9034759,8.595,0.09,71.5,1192031.38
43,6,2011,0,88.49,3.637,206.8560238,10.581,0.09,71.5,665781.74
25,6,2011,0,63.58,3.842,208.1265604,7.287,0.09,71.5,717373.43
40,6,2011,0,59.16,3.873,135.0837333,4.781,0.09,71.5,971422.67
26,6,2011,0,54.5,3.873,135.0837333,7.818,0.09,71.5,981646.46
45,6,2011,0,69.32,3.842,185.6719333,8.521,0.09,71.5,811153.67
36,6,2011,0,84.43,3.599,213.7481256,8.3,0.09,71.5,394645.25
42,6,2011,0,87.96,3.935,129.0432,8.494,0.09,71.5,546675.65
38,6,2011,0,86.84,3.935,129.0432,13.736,0.09,71.5,356797.0
44,6,2011,0,63.35,3.704,129.0432,6.906,0.09,71.5,300255.87
27,6,2011,0,67.03,3.989,139.0028333,7.725,0.09,71.5,1814740.09
34,6,2011,0,76.58,3.618,129.0432,10.581,0.09,71.5,968258.09
30,6,2011,0,87.54,3.637,214.6513538,7.931,0.09,71.5,435481.03
24,6,2011,0,64.34,3.989,135.0837333,8.212,0.09,71.5,1320359.23
41,6,2011,0,62.3,3.697,192.9034759,6.934,0.09,71.5,1289151.84
29,6,2011,0,63.97,3.873,135.0837333,9.966,0.09,71.5,536914.17
35,6,2011,0,67.03,3.842,139.0028333,8.512,0.09,71.5,828594.86
39,6,2011,0,85.21,3.637,213.7481256,8.3,0.09,71.5,1451392.67
28,6,2011,0,86.84,3.935,129.0432,13.736,0.09,71.5,1268503.49
31,6,2011,0,87.54,3.637,214.6513538,7.931,0.09,71.5,1491039.14
33,6,2011,0,91.11,3.935,129.0432,8.687,0.09,71.5,238172.66
23,6,2011,0,61.06,3.873,135.0837333,4.781,0.09,71.5,1470520.83
17,6,2011,0,56.61,3.704,129.0432,6.774,0.09,71.5,894686.67
21,6,2011,0,87.54,3.637,214.6513538,7.931,0.09,71.5,823220.43
8,6,2011,0,84.73,3.637,218.4021448,6.297,0.09,71.5,922048.41
12,6,2011,0,86.84,3.935,129.0432,13.736,0.09,71.5,986504.93
10,6,2011,0,87.96,3.935,129.0432,8.494,0.09,71.5,1817934.76
20,6,2011,0,66.41,3.842,208.1265604,7.287,0.09,71.5,2065191.27
13,6,2011,0,63.35,3.704,129.0432,7.193,0.09,71.5,2086433.49
7,6,2011,0,48.79,3.697,192.9034759,8.595,0.09,71.5,610991.35
18,6,2011,0,63.23,3.873,135.0837333,8.975,0.09,71.5,1045859.39
3,6,2011,0,86.96,3.637,218.3551748,7.574,0.09,71.5,403423.34
6,6,2011,0,87.08,3.637,216.5371616,6.855,0.09,71.5,1622150.33
19,6,2011,0,64.02,3.989,135.0837333,7.658,0.09,71.5,1418973.62
4,6,2011,0,83.51,3.618,129.0432,5.946,0.09,71.5,2141210.62
11,6,2011,0,87.9,3.637,218.3551748,7.574,0.09,71.5,1337506.74
5,6,2011,0,86.84,3.637,215.560463,6.489,0.09,71.5,304811.82
15,6,2011,0,63.9,3.989,135.0837333,7.658,0.09,71.5,639928.85
2,6,2011,0,86.53,3.637,214.6513538,7.931,0.09,71.5,1953771.99
1,6,2011,0,86.41,3.637,214.9980596,7.682,0.09,71.5,1532114.86
16,6,2011,0,58.34,3.697,192.9034759,6.339,0.09,71.5,581546.23
9,6,2011,0,89.15,3.637,218.5877333,6.38,0.09,71.5,558671.14
22,6,2011,0,63.97,3.873,139.0028333,8.252,0.09,71.5,1042454.61
14,6,2011,0,69.32,3.842,185.6719333,8.521,0.09,71.5,2082083.34
14,6,2011,0,74.85,3.804,185.7919609,8.521,0.09,71.5,2069523.52
25,6,2011,0,70.71,3.804,208.2306018,7.287,0.09,71.5,699270.1
42,6,2011,0,90.69,3.807,129.0663,8.494,0.09,71.5,501780.66
45,6,2011,0,74.85,3.804,185.7919609,8.521,0.09,71.5,762861.78
28,6,2011,0,88.95,3.898,129.0663,13.736,0.09,71.5,1208809.34
1,6,2011,0,83.58,3.594,215.0910982,7.682,0.09,71.5,1438830.15
21,6,2011,0,85.72,3.594,214.7441108,7.931,0.09,71.5,771298.98
32,6,2011,0,65.06,3.661,192.9982655,8.595,0.09,71.5,1163869.52
4,6,2011,0,81.85,3.57,129.0663,5.946,0.09,71.5,2008344.92
23,6,2011,0,63.8,3.851,135.2652667,4.781,0.09,71.5,1434036.18
35,6,2011,0,72.02,3.804,139.1832917,8.512,0.09,71.5,849397.57
33,6,2011,0,94.11,3.807,129.0663,8.687,0.09,71.5,238433.53
16,6,2011,0,54.36,3.661,192.9982655,6.339,0.09,71.5,569105.03
30,6,2011,0,85.72,3.594,214.7441108,7.931,0.09,71.5,422715.74
41,6,2011,0,59.54,3.661,192.9982655,6.934,0.09,71.5,1244381.98
5,6,2011,0,84.76,3.594,215.6539583,6.489,0.09,71.5,302881.64
44,6,2011,0,66.38,3.668,129.0663,6.906,0.09,71.5,296765.59
2,6,2011,0,85.17,3.594,214.7441108,7.931,0.09,71.5,1790925.8
24,6,2011,0,68.88,3.964,135.2652667,8.212,0.09,71.5,1304850.67
22,6,2011,0,68.53,3.851,139.1832917,8.252,0.09,71.5,1012584.2
27,6,2011,0,72.02,3.964,139.1832917,7.725,0.09,71.5,1811455.15
19,6,2011,0,68.4,3.964,135.2652667,7.658,0.09,71.5,1440785.7
10,6,2011,0,90.69,3.807,129.0663,8.494,0.09,71.5,1711813.13
7,6,2011,0,46.85,3.661,192.9982655,8.595,0.09,71.5,640043.97
39,6,2011,0,84.06,3.594,213.8402689,8.3,0.09,71.5,1363167.95
29,6,2011,0,68.53,3.851,135.2652667,9.966,0.09,71.5,545368.17
38,6,2011,0,88.95,3.898,129.0663,13.736,0.09,71.5,354078.95
8,6,2011,0,83.94,3.594,218.4979481,6.297,0.09,71.5,864881.24
11,6,2011,0,86.13,3.594,218.45094,7.574,0.09,71.5,1254587.84
36,6,2011,0,83.95,3.569,213.8402689,8.3,0.09,71.5,360009.94
18,6,2011,0,67.41,3.851,135.2652667,8.975,0.09,71.5,1056478.65
13,6,2011,0,66.38,3.668,129.0663,7.193,0.09,71.5,2009163.08
3,6,2011,0,84.94,3.594,218.45094,7.574,0.09,71.5,385520.71
12,6,2011,0,88.95,3.898,129.0663,13.736,0.09,71.5,997282.75
17,6,2011,0,60.99,3.668,129.0663,6.774,0.09,71.5,920719.98
26,6,2011,0,56.94,3.851,135.2652667,7.818,0.09,71.5,997474.93
43,6,2011,0,88.3,3.594,206.9424405,10.581,0.09,71.5,604925.08
20,6,2011,0,72.4,3.804,208.2306018,7.287,0.09,71.5,1950826.32
6,6,2011,0,85.51,3.594,216.6314502,6.855,0.09,71.5,1543365.9
31,6,2011,0,85.72,3.594,214.7441108,7.931,0.09,71.5,1375962.46
15,6,2011,0,69.96,3.964,135.2652667,7.658,0.09,71.5,656594.95
40,6,2011,0,62.59,3.851,135.2652667,4.781,0.09,71.5,977103.64
37,6,2011,0,83.95,3.594,213.8402689,8.3,0.09,71.5,509276.22
9,6,2011,0,86.74,3.594,218.6836874,6.38,0.09,71.5,538745.93
34,6,2011,0,77.16,3.57,129.0663,10.581,0.09,71.5,923795.04
9,7,2011,0,89.14,3.524,218.7796415,6.404,0.07,63.7,537064.03
8,7,2011,0,87.26,3.524,218.5937514,6.425,0.07,63.7,883683.35
11,7,2011,0,86.43,3.524,218.5467052,7.567,0.07,63.7,1297472.06
23,7,2011,0,65.65,3.815,135.4468,4.584,0.07,63.7,1492507.44
33,7,2011,0,98.43,3.842,129.0894,8.442,0.07,63.7,226702.36
3,7,2011,0,85.1,3.524,218.5467052,7.567,0.07,63.7,368962.72
35,7,2011,0,73.76,3.748,139.36375,8.684,0.07,63.7,874453.88
38,7,2011,0,89.85,3.842,129.0894,13.503,0.07,63.7,387334.04
13,7,2011,0,74.29,3.613,129.0894,6.877,0.07,63.7,2048035.74
36,7,2011,0,85.33,3.502,213.9324122,8.177,0.07,63.7,354270.77
26,7,2011,0,59.89,3.815,135.4468,7.767,0.07,63.7,1070119.09
16,7,2011,0,63.59,3.597,193.0930552,6.338,0.07,63.7,608737.56
39,7,2011,0,84.93,3.524,213.9324122,8.177,0.07,63.7,1429829.36
44,7,2011,0,74.29,3.613,129.0894,6.56,0.07,63.7,315273.08
30,7,2011,0,87.57,3.524,214.8368678,7.852,0.07,63.7,428782.38
5,7,2011,0,85.81,3.524,215.7474537,6.529,0.07,63.7,327093.89
7,7,2011,0,58.54,3.597,193.0930552,8.622,0.07,63.7,704344.21
40,7,2011,0,65.25,3.815,135.4468,4.584,0.07,63.7,1048866.3
10,7,2011,0,95.36,3.842,129.0894,8.257,0.07,63.7,1751369.75
19,7,2011,0,67.64,3.916,135.4468,7.806,0.07,63.7,1462731.93
21,7,2011,0,87.57,3.524,214.8368678,7.852,0.07,63.7,784639.12
37,7,2011,0,85.33,3.524,213.9324122,8.177,0.07,63.7,517021.3
6,7,2011,0,87.0,3.524,216.7257388,6.925,0.07,63.7,1694551.15
22,7,2011,0,70.8,3.815,139.36375,8.023,0.07,63.7,1077491.68
24,7,2011,0,70.27,3.916,135.4468,8.358,0.07,63.7,1445596.61
27,7,2011,0,73.76,3.916,139.36375,7.85,0.07,63.7,1949983.93
2,7,2011,0,85.69,3.524,214.8368678,7.852,0.07,63.7,1866243.0
41,7,2011,0,67.01,3.597,193.0930552,6.901,0.07,63.7,1333347.78
20,7,2011,0,69.66,3.748,208.3346432,7.274,0.07,63.7,2053165.41
17,7,2011,0,67.39,3.613,129.0894,6.745,0.07,63.7,940554.34
28,7,2011,0,89.85,3.842,129.0894,13.503,0.07,63.7,1319054.57
14,7,2011,0,74.04,3.748,185.9119885,8.625,0.07,63.7,2074668.19
42,7,2011,0,95.36,3.842,129.0894,8.257,0.07,63.7,506343.83
1,7,2011,0,85.55,3.524,215.1841368,7.962,0.07,63.7,1488538.09
43,7,2011,0,91.36,3.524,207.0288571,10.641,0.07,63.7,586781.78
4,7,2011,0,84.54,3.504,129.0894,5.644,0.07,63.7,2051533.53
34,7,2011,0,81.96,3.504,129.0894,10.641,0.07,63.7,911106.22
45,7,2011,0,74.04,3.748,185.9119885,8.625,0.07,63.7,791495.25
12,7,2011,0,89.85,3.842,129.0894,13.503,0.07,63.7,961993.34
15,7,2011,0,67.43,3.916,135.4468,7.806,0.07,63.7,674669.16
25,7,2011,0,66.61,3.748,208.3346432,7.274,0.07,63.7,706206.86
31,7,2011,0,87.57,3.524,214.8368678,7.852,0.07,63.7,1371889.27
29,7,2011,0,70.8,3.815,135.4468,9.863,0.07,63.7,567114.6
32,7,2011,0,72.86,3.597,193.0930552,8.622,0.07,63.7,1199845.29
18,7,2011,0,69.75,3.815,135.4468,8.89,0.07,63.7,1087051.26
9,7,2011,0,89.04,3.48,218.8755955,6.404,0.07,63.7,535983.13
19,7,2011,0,73.2,3.886,135.6283333,7.806,0.07,63.7,1465489.75
1,7,2011,0,85.83,3.48,215.2771754,7.962,0.07,63.7,1534849.64
5,7,2011,0,86.64,3.48,215.8409491,6.529,0.07,63.7,310804.93
44,7,2011,0,77.3,3.563,129.1125,6.56,0.07,63.7,295339.01
22,7,2011,0,74.22,3.784,139.5442083,8.023,0.07,63.7,1017050.65
37,7,2011,0,84.71,3.48,214.0245556,8.177,0.07,63.7,489059.93
6,7,2011,0,88.36,3.48,216.8200275,6.925,0.07,63.7,1709373.62
15,7,2011,0,73.47,3.886,135.6283333,7.806,0.07,63.7,635118.48
31,7,2011,0,89.16,3.48,214.9296249,7.852,0.07,63.7,1423144.47
24,7,2011,0,72.56,3.886,135.6283333,8.358,0.07,63.7,1567340.07
23,7,2011,0,69.92,3.784,135.6283333,4.584,0.07,63.7,1379488.05
32,7,2011,0,72.56,3.54,193.1878448,8.622,0.07,63.7,1110244.52
27,7,2011,0,76.87,3.886,139.5442083,7.85,0.07,63.7,2000055.27
30,7,2011,0,89.16,3.48,214.9296249,7.852,0.07,63.7,419764.37
41,7,2011,0,68.49,3.54,193.1878448,6.901,0.07,63.7,1338862.58
2,7,2011,0,87.7,3.48,214.9296249,7.852,0.07,63.7,1853161.99
45,7,2011,0,77.49,3.711,186.032016,8.625,0.07,63.7,768718.11
20,7,2011,0,74.69,3.711,208.4386847,7.274,0.07,63.7,2123787.79
34,7,2011,0,80.84,3.469,129.1125,10.641,0.07,63.7,926934.57
42,7,2011,0,88.57,3.793,129.1125,8.257,0.07,63.7,593234.27
16,7,2011,0,65.0,3.54,193.1878448,6.338,0.07,63.7,634634.66
21,7,2011,0,89.16,3.48,214.9296249,7.852,0.07,63.7,734099.4
17,7,2011,0,70.6,3.563,129.1125,6.745,0.07,63.7,915064.22
8,7,2011,0,83.57,3.48,218.6895548,6.425,0.07,63.7,861965.12
25,7,2011,0,71.64,3.711,208.4386847,7.274,0.07,63.7,698529.64
11,7,2011,0,87.17,3.48,218.6424704,7.567,0.07,63.7,1334627.96
18,7,2011,0,73.12,3.784,135.6283333,8.89,0.07,63.7,1048802.62
3,7,2011,0,85.38,3.48,218.6424704,7.567,0.07,63.7,395146.24
12,7,2011,0,89.9,3.705,129.1125,13.503,0.07,63.7,943717.38
35,7,2011,0,76.87,3.711,139.5442083,8.684,0.07,63.7,827717.85
33,7,2011,0,96.44,3.793,129.1125,8.442,0.07,63.7,262717.71
10,7,2011,0,88.57,3.793,129.1125,8.257,0.07,63.7,1699708.38
26,7,2011,0,63.34,3.784,135.6283333,7.767,0.07,63.7,1133807.03
29,7,2011,0,74.22,3.784,135.6283333,9.863,0.07,63.7,547586.07
28,7,2011,0,89.9,3.705,129.1125,13.503,0.07,63.7,1459655.85
13,7,2011,0,77.3,3.563,129.1125,6.877,0.07,63.7,2021699.38
36,7,2011,0,84.71,3.44,214.0245556,8.177,0.07,63.7,377464.62
4,7,2011,0,84.59,3.469,129.1125,5.644,0.07,63.7,2066541.86
39,7,2011,0,84.33,3.48,214.0245556,8.177,0.07,63.7,1414564.53
43,7,2011,0,87.02,3.48,207.1152738,10.641,0.07,63.7,651147.83
40,7,2011,0,67.86,3.784,135.6283333,4.584,0.07,63.7,1107366.06
7,7,2011,0,59.08,3.54,193.1878448,8.622,0.07,63.7,761793.94
38,7,2011,0,89.9,3.705,129.1125,13.503,0.07,63.7,399699.17
14,7,2011,0,77.49,3.711,186.032016,8.625,0.07,63.7,2063401.06
13,7,2011,0,75.59,3.553,129.1338387,6.877,0.07,63.7,1956813.31
16,7,2011,0,65.16,3.532,193.3125484,6.338,0.07,63.7,586841.77
15,7,2011,0,73.34,3.915,135.7837419,7.806,0.07,63.7,624114.56
14,7,2011,0,78.47,3.76,186.1399808,8.625,0.07,63.7,1953544.76
37,7,2011,0,85.63,3.575,214.1083654,8.177,0.07,63.7,498749.62
43,7,2011,0,84.67,3.575,207.1940691,10.641,0.07,63.7,631827.38
9,7,2011,0,90.45,3.575,218.9607242,6.404,0.07,63.7,512834.04
21,7,2011,0,91.05,3.575,215.0134426,7.852,0.07,63.7,728311.15
8,7,2011,0,84.26,3.575,218.7746217,6.425,0.07,63.7,849925.37
3,7,2011,0,87.14,3.575,218.7275216,7.567,0.07,63.7,373454.33
26,7,2011,0,64.43,3.827,135.7837419,7.767,0.07,63.7,1021534.7
36,7,2011,0,85.63,3.55,214.1083654,8.177,0.07,63.7,385631.48
25,7,2011,0,72.67,3.76,208.5309337,7.274,0.07,63.7,680510.23
4,7,2011,0,83.27,3.563,129.1338387,5.644,0.07,63.7,2049046.95
42,7,2011,0,86.01,3.779,129.1338387,8.257,0.07,63.7,591703.82
10,7,2011,0,86.01,3.779,129.1338387,8.257,0.07,63.7,1775068.4
19,7,2011,0,73.7,3.915,135.7837419,7.806,0.07,63.7,1391580.41
32,7,2011,0,70.55,3.532,193.3125484,8.622,0.07,63.7,1144254.26
31,7,2011,0,91.05,3.575,215.0134426,7.852,0.07,63.7,1415473.91
20,7,2011,0,74.88,3.76,208.5309337,7.274,0.07,63.7,2039875.75
27,7,2011,0,77.83,3.915,139.7006325,7.85,0.07,63.7,1762155.79
2,7,2011,0,89.83,3.575,215.0134426,7.852,0.07,63.7,1785187.29
44,7,2011,0,75.59,3.553,129.1338387,6.56,0.07,63.7,289201.21
38,7,2011,0,88.1,3.692,129.1338387,13.503,0.07,63.7,367181.71
30,7,2011,0,91.05,3.575,215.0134426,7.852,0.07,63.7,420515.63
5,7,2011,0,88.64,3.575,215.9250696,6.529,0.07,63.7,283248.62
41,7,2011,0,68.18,3.532,193.3125484,6.901,0.07,63.7,1245772.7
7,7,2011,0,54.37,3.532,193.3125484,8.622,0.07,63.7,642748.21
35,7,2011,0,77.83,3.76,139.7006325,8.684,0.07,63.7,813845.5
24,7,2011,0,74.43,3.915,135.7837419,8.358,0.07,63.7,1356938.95
29,7,2011,0,75.2,3.827,135.7837419,9.863,0.07,63.7,505246.15
18,7,2011,0,74.36,3.827,135.7837419,8.89,0.07,63.7,974916.13
28,7,2011,0,88.1,3.692,129.1338387,13.503,0.07,63.7,1197373.13
39,7,2011,0,85.96,3.575,214.1083654,8.177,0.07,63.7,1380257.12
12,7,2011,0,88.1,3.692,129.1338387,13.503,0.07,63.7,936001.98
17,7,2011,0,67.93,3.553,129.1338387,6.745,0.07,63.7,902727.76
45,7,2011,0,78.47,3.76,186.1399808,8.625,0.07,63.7,748435.2
23,7,2011,0,69.8,3.827,135.7837419,4.584,0.07,63.7,1360520.56
1,7,2011,0,88.54,3.575,215.3611087,7.962,0.07,63.7,1455119.97
34,7,2011,0,78.09,3.563,129.1338387,10.641,0.07,63.7,903882.96
6,7,2011,0,88.93,3.575,216.9044732,6.925,0.07,63.7,1526801.24
40,7,2011,0,68.9,3.827,135.7837419,4.584,0.07,63.7,953252.14
22,7,2011,0,75.2,3.827,139.7006325,8.023,0.07,63.7,961953.57
33,7,2011,0,92.83,3.779,129.1338387,8.442,0.07,63.7,265003.47
11,7,2011,0,88.3,3.575,218.7275216,7.567,0.07,63.7,1266546.73
39,7,2011,0,84.6,3.651,214.1713416,8.177,0.07,63.7,1416005.59
33,7,2011,0,97.17,3.697,129.1507742,8.442,0.07,63.7,238915.05
10,7,2011,0,88.59,3.697,129.1507742,8.257,0.07,63.7,1774342.61
36,7,2011,0,83.31,3.637,214.1713416,8.177,0.07,63.7,361311.41
12,7,2011,0,91.17,3.794,129.1507742,13.503,0.07,63.7,922231.92
19,7,2011,0,79.37,3.972,135.8738387,7.806,0.07,63.7,1377119.45
34,7,2011,0,80.75,3.627,129.1507742,10.641,0.07,63.7,913236.62
22,7,2011,0,77.79,3.882,139.7969712,8.023,0.07,63.7,964683.8
7,7,2011,0,56.22,3.545,193.5120367,8.622,0.07,63.7,688043.96
43,7,2011,0,88.58,3.651,207.2538111,10.641,0.07,63.7,597354.39
29,7,2011,0,77.79,3.882,135.8738387,9.863,0.07,63.7,507335.75
17,7,2011,0,69.82,3.563,129.1507742,6.745,0.07,63.7,899044.34
42,7,2011,0,88.59,3.697,129.1507742,8.257,0.07,63.7,511316.29
28,7,2011,0,91.17,3.794,129.1507742,13.503,0.07,63.7,1165870.54
4,7,2011,0,82.84,3.627,129.1507742,5.644,0.07,63.7,2036231.39
32,7,2011,0,76.0,3.545,193.5120367,8.622,0.07,63.7,1185674.48
45,7,2011,0,82.33,3.811,186.2177885,8.625,0.07,63.7,741625.25
25,7,2011,0,78.1,3.811,208.5937018,7.274,0.07,63.7,670854.96
31,7,2011,0,90.27,3.651,215.0749122,7.852,0.07,63.7,1401944.8
18,7,2011,0,78.68,3.882,135.8738387,8.89,0.07,63.7,991262.46
21,7,2011,0,90.27,3.651,215.0749122,7.852,0.07,63.7,784490.67
15,7,2011,0,79.97,3.972,135.8738387,7.806,0.07,63.7,607475.44
8,7,2011,0,85.46,3.651,218.8328475,6.425,0.07,63.7,829902.42
11,7,2011,0,87.8,3.651,218.7857881,7.567,0.07,63.7,1290576.44
35,7,2011,0,82.28,3.811,139.7969712,8.684,0.07,63.7,820188.42
38,7,2011,0,91.17,3.794,129.1507742,13.503,0.07,63.7,365562.67
14,7,2011,0,82.33,3.811,186.2177885,8.625,0.07,63.7,1882070.88
24,7,2011,0,79.29,3.972,135.8738387,8.358,0.07,63.7,1357672.24
1,7,2011,0,85.77,3.651,215.4222784,7.962,0.07,63.7,1396926.82
27,7,2011,0,82.28,3.972,139.7969712,7.85,0.07,63.7,1754879.45
20,7,2011,0,78.89,3.811,208.5937018,7.274,0.07,63.7,1950904.84
6,7,2011,0,88.06,3.651,216.964312,6.925,0.07,63.7,1526506.08
41,7,2011,0,74.11,3.545,193.5120367,6.901,0.07,63.7,1292830.93
44,7,2011,0,78.5,3.563,129.1507742,6.56,0.07,63.7,303108.81
5,7,2011,0,86.97,3.651,215.985753,6.529,0.07,63.7,292539.73
9,7,2011,0,89.08,3.651,219.0187895,6.404,0.07,63.7,491449.94
40,7,2011,0,73.34,3.882,135.8738387,4.584,0.07,63.7,980642.1
30,7,2011,0,90.27,3.651,215.0749122,7.852,0.07,63.7,423441.76
16,7,2011,0,65.36,3.545,193.5120367,6.338,0.07,63.7,581758.22
2,7,2011,0,89.34,3.651,215.0749122,7.852,0.07,63.7,1743816.41
26,7,2011,0,69.52,3.882,135.8738387,7.767,0.07,63.7,1017867.8
37,7,2011,0,83.31,3.651,214.1713416,8.177,0.07,63.7,505543.53
3,7,2011,0,86.19,3.651,218.7857881,7.567,0.07,63.7,360617.37
13,7,2011,0,78.5,3.563,129.1507742,6.877,0.07,63.7,1987089.36
23,7,2011,0,76.74,3.882,135.8738387,4.584,0.07,63.7,1362144.0
23,7,2011,0,69.55,3.898,135.9639355,4.584,0.07,63.7,1319767.55
33,7,2011,0,95.28,3.694,129.1677097,8.442,0.07,63.7,224806.96
42,7,2011,0,86.75,3.694,129.1677097,8.257,0.07,63.7,479256.8
11,7,2011,0,89.46,3.682,218.8440545,7.567,0.07,63.7,1212938.67
32,7,2011,0,75.91,3.547,193.711525,8.622,0.07,63.7,1169988.62
28,7,2011,0,93.29,3.805,129.1677097,13.503,0.07,63.7,1114530.29
8,7,2011,0,86.46,3.682,218.8910733,6.425,0.07,63.7,807082.19
29,7,2011,0,75.32,3.898,135.9639355,9.863,0.07,63.7,474653.06
41,7,2011,0,71.3,3.547,193.711525,6.901,0.07,63.7,1248330.1
15,7,2011,0,74.67,4.004,135.9639355,7.806,0.07,63.7,577511.02
9,7,2011,0,91.1,3.682,219.0768548,6.404,0.07,63.7,471449.98
14,7,2011,0,81.31,3.829,186.2955962,8.625,0.07,63.7,1871021.01
13,7,2011,0,77.62,3.574,129.1677097,6.877,0.07,63.7,1880785.69
18,7,2011,0,73.85,3.898,135.9639355,8.89,0.07,63.7,954148.64
6,7,2011,0,90.22,3.682,217.0241507,6.925,0.07,63.7,1483991.05
4,7,2011,0,84.36,3.659,129.1677097,5.644,0.07,63.7,1989674.07
37,7,2011,0,84.99,3.682,214.2343177,8.177,0.07,63.7,504974.95
25,7,2011,0,74.72,3.829,208.6564699,7.274,0.07,63.7,668390.82
16,7,2011,0,66.84,3.547,193.711525,6.338,0.07,63.7,582381.95
45,7,2011,0,81.31,3.829,186.2955962,8.625,0.07,63.7,704680.97
21,7,2011,0,91.56,3.682,215.1363819,7.852,0.07,63.7,751167.12
24,7,2011,0,74.84,4.004,135.9639355,8.358,0.07,63.7,1310973.06
30,7,2011,0,91.56,3.682,215.1363819,7.852,0.07,63.7,414245.96
35,7,2011,0,79.41,3.829,139.8933099,8.684,0.07,63.7,770820.27
27,7,2011,0,79.41,4.004,139.8933099,7.85,0.07,63.7,1744879.06
22,7,2011,0,75.32,3.898,139.8933099,8.023,0.07,63.7,944958.69
34,7,2011,0,78.04,3.659,129.1677097,10.641,0.07,63.7,851461.9
3,7,2011,0,88.07,3.682,218.8440545,7.567,0.07,63.7,345381.29
19,7,2011,0,74.86,4.004,135.9639355,7.806,0.07,63.7,1298775.8
2,7,2011,0,90.07,3.682,215.1363819,7.852,0.07,63.7,1680693.06
12,7,2011,0,93.29,3.805,129.1677097,13.503,0.07,63.7,890547.07
1,7,2011,0,86.83,3.682,215.4834482,7.962,0.07,63.7,1352219.79
26,7,2011,0,63.32,3.898,135.9639355,7.767,0.07,63.7,1005360.5
43,7,2011,0,83.43,3.682,207.313553,10.641,0.07,63.7,533917.52
7,7,2011,0,56.66,3.547,193.711525,8.622,0.07,63.7,653382.62
40,7,2011,0,67.45,3.898,135.9639355,4.584,0.07,63.7,929096.9
39,7,2011,0,86.24,3.682,214.2343177,8.177,0.07,63.7,1426418.53
10,7,2011,0,86.75,3.694,129.1677097,8.257,0.07,63.7,1745841.33
20,7,2011,0,77.47,3.829,208.6564699,7.274,0.07,63.7,1858440.92
44,7,2011,0,77.62,3.574,129.1677097,6.56,0.07,63.7,279677.0
5,7,2011,0,89.42,3.682,216.0464364,6.529,0.07,63.7,275142.17
38,7,2011,0,93.29,3.805,129.1677097,13.503,0.07,63.7,355131.33
36,7,2011,0,84.99,3.66,214.2343177,8.177,0.07,63.7,354361.08
31,7,2011,0,91.56,3.682,215.1363819,7.852,0.07,63.7,1308122.15
17,7,2011,0,68.59,3.574,129.1677097,6.745,0.07,63.7,861894.77
29,8,2011,0,75.33,3.903,136.0540323,9.863,0.1,55.8,503486.37
34,8,2011,0,76.71,3.662,129.1846452,10.641,0.1,55.8,942236.45
42,8,2011,0,89.8,3.803,129.1846452,8.257,0.1,55.8,572603.33
32,8,2011,0,74.83,3.554,193.9110133,8.622,0.1,55.8,1201694.14
9,8,2011,0,91.52,3.684,219.1349201,6.404,0.1,55.8,554879.67
3,8,2011,0,88.45,3.684,218.9023209,7.567,0.1,55.8,409981.25
17,8,2011,0,65.71,3.595,129.1846452,6.745,0.1,55.8,866184.92
43,8,2011,0,87.47,3.684,207.3732949,10.641,0.1,55.8,605956.59
12,8,2011,0,90.61,3.803,129.1846452,13.503,0.1,55.8,988712.52
45,8,2011,0,78.22,3.842,186.3734038,8.625,0.1,55.8,765996.92
31,8,2011,0,94.22,3.684,215.1978515,7.852,0.1,55.8,1428993.33
15,8,2011,0,73.63,4.02,136.0540323,7.806,0.1,55.8,607961.21
20,8,2011,0,77.8,3.842,208.719238,7.274,0.1,55.8,2189353.63
6,8,2011,0,91.46,3.684,217.0839894,6.925,0.1,55.8,1601584.57
40,8,2011,0,68.1,3.903,136.0540323,4.584,0.1,55.8,1063818.2
14,8,2011,0,78.22,3.842,186.3734038,8.625,0.1,55.8,2066020.69
26,8,2011,0,63.16,3.903,136.0540323,7.767,0.1,55.8,1107552.43
23,8,2011,0,69.53,3.903,136.0540323,4.584,0.1,55.8,1416344.68
25,8,2011,0,74.0,3.842,208.719238,7.274,0.1,55.8,679706.01
11,8,2011,0,90.04,3.684,218.9023209,7.567,0.1,55.8,1403198.94
5,8,2011,0,91.07,3.684,216.1071198,6.529,0.1,55.8,317738.56
19,8,2011,0,73.84,4.02,136.0540323,7.806,0.1,55.8,1408968.55
21,8,2011,0,94.22,3.684,215.1978515,7.852,0.1,55.8,783614.89
8,8,2011,0,85.15,3.684,218.9492991,6.425,0.1,55.8,892393.77
35,8,2011,0,78.14,3.842,139.9896486,8.684,0.1,55.8,826820.71
38,8,2011,0,90.61,3.803,129.1846452,13.503,0.1,55.8,437631.44
44,8,2011,0,75.56,3.595,129.1846452,6.56,0.1,55.8,298080.45
24,8,2011,0,74.64,4.02,136.0540323,8.358,0.1,55.8,1417616.81
36,8,2011,0,86.71,3.652,214.2972939,8.177,0.1,55.8,381017.75
27,8,2011,0,78.14,4.02,139.9896486,7.85,0.1,55.8,1747289.53
22,8,2011,0,75.33,3.903,139.9896486,8.023,0.1,55.8,983232.96
39,8,2011,0,87.73,3.684,214.2972939,8.177,0.1,55.8,1518790.89
7,8,2011,0,55.91,3.554,193.9110133,8.622,0.1,55.8,695392.84
10,8,2011,0,89.8,3.803,129.1846452,8.257,0.1,55.8,1886299.98
2,8,2011,0,93.34,3.684,215.1978515,7.852,0.1,55.8,1876704.26
30,8,2011,0,94.22,3.684,215.1978515,7.852,0.1,55.8,431798.64
1,8,2011,0,91.65,3.684,215.544618,7.962,0.1,55.8,1624383.75
4,8,2011,0,86.09,3.662,129.1846452,5.644,0.1,55.8,2160057.39
13,8,2011,0,75.56,3.595,129.1846452,6.877,0.1,55.8,2076231.8
37,8,2011,0,86.71,3.684,214.2972939,8.177,0.1,55.8,510787.46
41,8,2011,0,72.19,3.554,193.9110133,6.901,0.1,55.8,1402233.69
16,8,2011,0,63.96,3.554,193.9110133,6.338,0.1,55.8,592981.33
33,8,2011,0,96.93,3.803,129.1846452,8.442,0.1,55.8,242456.39
28,8,2011,0,90.61,3.803,129.1846452,13.503,0.1,55.8,1523870.89
18,8,2011,0,74.58,3.903,136.0540323,8.89,0.1,55.8,1002806.39
7,8,2011,0,54.56,3.542,194.1105017,8.622,0.1,55.8,670670.46
13,8,2011,0,75.95,3.606,129.2015806,6.877,0.1,55.8,1970341.38
16,8,2011,0,67.09,3.542,194.1105017,6.338,0.1,55.8,563884.47
22,8,2011,0,74.69,3.88,140.0859873,8.023,0.1,55.8,991779.2
27,8,2011,0,76.67,3.995,140.0859873,7.85,0.1,55.8,1758437.96
2,8,2011,0,91.58,3.638,215.2593211,7.852,0.1,55.8,1812768.26
3,8,2011,0,88.88,3.638,218.9605873,7.567,0.1,55.8,380376.85
30,8,2011,0,92.32,3.638,215.2593211,7.852,0.1,55.8,412224.67
23,8,2011,0,69.86,3.88,136.144129,4.584,0.1,55.8,1380952.05
6,8,2011,0,90.49,3.638,217.1438281,6.925,0.1,55.8,1484995.38
24,8,2011,0,72.52,3.995,136.144129,8.358,0.1,55.8,1402818.01
34,8,2011,0,80.23,3.617,129.2015806,10.641,0.1,55.8,956251.18
33,8,2011,0,96.0,3.794,129.2015806,8.442,0.1,55.8,274721.85
41,8,2011,0,67.65,3.542,194.1105017,6.901,0.1,55.8,1356689.88
40,8,2011,0,68.3,3.88,136.144129,4.584,0.1,55.8,955506.95
5,8,2011,0,90.16,3.638,216.1678032,6.529,0.1,55.8,289886.16
9,8,2011,0,91.63,3.638,219.1929854,6.404,0.1,55.8,520284.79
20,8,2011,0,73.52,3.812,208.7820061,7.274,0.1,55.8,2052246.4
44,8,2011,0,75.95,3.606,129.2015806,6.56,0.1,55.8,290399.66
26,8,2011,0,62.99,3.88,136.144129,7.767,0.1,55.8,1087644.5
1,8,2011,0,90.76,3.638,215.6057878,7.962,0.1,55.8,1525147.09
37,8,2011,0,87.64,3.638,214.3602701,8.177,0.1,55.8,502504.39
10,8,2011,0,85.61,3.794,129.2015806,8.257,0.1,55.8,1917397.63
42,8,2011,0,85.61,3.794,129.2015806,8.257,0.1,55.8,603147.26
32,8,2011,0,74.2,3.542,194.1105017,8.622,0.1,55.8,1206795.74
28,8,2011,0,91.04,3.701,129.2015806,13.503,0.1,55.8,1218764.94
4,8,2011,0,82.98,3.617,129.2015806,5.644,0.1,55.8,2105668.74
8,8,2011,0,86.05,3.638,219.0075249,6.425,0.1,55.8,856796.1
25,8,2011,0,70.93,3.812,208.7820061,7.274,0.1,55.8,667130.48
45,8,2011,0,77.0,3.812,186.4512115,8.625,0.1,55.8,724180.89
29,8,2011,0,74.69,3.88,136.144129,9.863,0.1,55.8,471311.5
18,8,2011,0,73.57,3.88,136.144129,8.89,0.1,55.8,928470.83
19,8,2011,0,70.92,3.995,136.144129,7.806,0.1,55.8,1360969.45
14,8,2011,0,77.0,3.812,186.4512115,8.625,0.1,55.8,1928773.82
15,8,2011,0,70.63,3.995,136.144129,7.806,0.1,55.8,590836.37
21,8,2011,0,92.32,3.638,215.2593211,7.852,0.1,55.8,776933.37
11,8,2011,0,90.3,3.638,218.9605873,7.567,0.1,55.8,1354188.43
36,8,2011,0,87.64,3.608,214.3602701,8.177,0.1,55.8,380188.69
12,8,2011,0,91.04,3.701,129.2015806,13.503,0.1,55.8,955913.68
38,8,2011,0,91.04,3.701,129.2015806,13.503,0.1,55.8,387844.05
43,8,2011,0,86.64,3.638,207.4330369,10.641,0.1,55.8,595626.56
17,8,2011,0,64.79,3.606,129.2015806,6.745,0.1,55.8,800819.79
31,8,2011,0,92.32,3.638,215.2593211,7.852,0.1,55.8,1443311.49
35,8,2011,0,76.67,3.812,140.0859873,8.684,0.1,55.8,819911.89
39,8,2011,0,88.27,3.638,214.3602701,8.177,0.1,55.8,1514055.97
28,8,2011,0,91.74,3.743,129.2405806,13.503,0.1,55.8,1200019.74
16,8,2011,0,68.83,3.499,194.2500634,6.338,0.1,55.8,554630.42
42,8,2011,0,87.4,3.743,129.2405806,8.257,0.1,55.8,526641.23
31,8,2011,0,90.11,3.554,215.3229307,7.852,0.1,55.8,1487542.53
6,8,2011,0,89.26,3.554,217.2069662,6.925,0.1,55.8,1493544.04
4,8,2011,0,82.77,3.55,129.2405806,5.644,0.1,55.8,2232892.1
8,8,2011,0,82.92,3.554,219.0701968,6.425,0.1,55.8,895066.5
41,8,2011,0,70.55,3.499,194.2500634,6.901,0.1,55.8,1412959.97
40,8,2011,0,64.05,3.82,136.183129,4.584,0.1,55.8,943237.12
29,8,2011,0,71.3,3.82,136.183129,9.863,0.1,55.8,498056.0
20,8,2011,0,71.25,3.747,208.8424359,7.274,0.1,55.8,1990017.93
17,8,2011,0,67.59,3.578,129.2405806,6.745,0.1,55.8,797523.04
26,8,2011,0,60.58,3.82,136.183129,7.767,0.1,55.8,1021766.75
18,8,2011,0,69.24,3.82,136.183129,8.89,0.1,55.8,932679.79
30,8,2011,0,90.11,3.554,215.3229307,7.852,0.1,55.8,414450.61
38,8,2011,0,91.74,3.743,129.2405806,13.503,0.1,55.8,362224.7
15,8,2011,0,70.41,3.942,136.183129,7.806,0.1,55.8,599488.98
5,8,2011,0,89.35,3.554,216.2311855,6.529,0.1,55.8,303643.84
7,8,2011,0,56.06,3.499,194.2500634,8.622,0.1,55.8,645156.21
39,8,2011,0,87.93,3.554,214.4239935,8.177,0.1,55.8,1629066.9
27,8,2011,0,72.97,3.942,140.1289205,7.85,0.1,55.8,1781905.24
19,8,2011,0,71.14,3.942,136.183129,7.806,0.1,55.8,1391792.69
37,8,2011,0,87.24,3.554,214.4239935,8.177,0.1,55.8,506897.98
32,8,2011,0,73.72,3.499,194.2500634,8.622,0.1,55.8,1221318.17
1,8,2011,0,89.94,3.554,215.6693107,7.962,0.1,55.8,1530761.43
45,8,2011,0,72.98,3.747,186.5093071,8.625,0.1,55.8,712362.72
14,8,2011,0,72.98,3.747,186.5093071,8.625,0.1,55.8,1896873.99
11,8,2011,0,89.51,3.554,219.023271,7.567,0.1,55.8,1484169.74
12,8,2011,0,91.74,3.743,129.2405806,13.503,0.1,55.8,966817.24
35,8,2011,0,72.97,3.747,140.1289205,8.684,0.1,55.8,820288.35
22,8,2011,0,71.3,3.82,140.1289205,8.023,0.1,55.8,973004.91
3,8,2011,0,88.44,3.554,219.023271,7.567,0.1,55.8,379716.91
24,8,2011,0,69.93,3.942,136.183129,8.358,0.1,55.8,1352039.88
25,8,2011,0,68.09,3.747,208.8424359,7.274,0.1,55.8,688958.75
34,8,2011,0,77.08,3.55,129.2405806,10.641,0.1,55.8,960418.54
21,8,2011,0,90.11,3.554,215.3229307,7.852,0.1,55.8,855546.5
33,8,2011,0,95.89,3.743,129.2405806,8.442,0.1,55.8,242771.37
36,8,2011,0,87.24,3.534,214.4239935,8.177,0.1,55.8,373267.58
43,8,2011,0,82.08,3.554,207.4953088,10.641,0.1,55.8,663396.32
9,8,2011,0,85.8,3.554,219.2556109,6.404,0.1,55.8,540819.44
2,8,2011,0,89.86,3.554,215.3229307,7.852,0.1,55.8,1844094.59
44,8,2011,0,76.68,3.578,129.2405806,6.56,0.1,55.8,290909.69
13,8,2011,0,76.68,3.578,129.2405806,6.877,0.1,55.8,2090340.98
10,8,2011,0,87.4,3.743,129.2405806,8.257,0.1,55.8,1954849.68
23,8,2011,0,67.09,3.82,136.183129,4.584,0.1,55.8,1453416.53
39,8,2011,0,86.49,3.523,214.4878416,8.177,0.1,55.8,1573898.63
32,8,2011,0,75.64,3.485,194.3796374,8.622,0.1,55.8,1183740.91
42,8,2011,0,91.59,3.663,129.2832581,8.257,0.1,55.8,503720.98
18,8,2011,0,70.32,3.796,136.2136129,8.89,0.1,55.8,1147906.46
30,8,2011,0,92.07,3.523,215.386897,7.852,0.1,55.8,387944.83
15,8,2011,0,69.19,3.906,136.2136129,7.806,0.1,55.8,605413.17
2,8,2011,0,90.45,3.523,215.386897,7.852,0.1,55.8,1821139.91
14,8,2011,0,72.55,3.704,186.5641172,8.625,0.1,55.8,2273470.62
1,8,2011,0,87.96,3.523,215.7332258,7.962,0.1,55.8,1464693.46
27,8,2011,0,72.88,3.906,140.1629528,7.85,0.1,55.8,2034400.78
28,8,2011,0,94.61,3.74,129.2832581,13.503,0.1,55.8,1166479.51
11,8,2011,0,89.09,3.523,219.0866908,7.567,0.1,55.8,1304706.75
44,8,2011,0,81.53,3.57,129.2832581,6.56,0.1,55.8,324174.79
22,8,2011,0,72.22,3.796,140.1629528,8.023,0.1,55.8,1181815.31
38,8,2011,0,94.61,3.74,129.2832581,13.503,0.1,55.8,365672.55
36,8,2011,0,86.02,3.501,214.4878416,8.177,0.1,55.8,344964.2
41,8,2011,0,71.61,3.485,194.3796374,6.901,0.1,55.8,1328740.71
16,8,2011,0,67.51,3.485,194.3796374,6.338,0.1,55.8,557312.01
33,8,2011,0,99.66,3.663,129.2832581,8.442,0.1,55.8,237095.82
21,8,2011,0,92.07,3.523,215.386897,7.852,0.1,55.8,821127.53
19,8,2011,0,69.34,3.906,136.2136129,7.806,0.1,55.8,1547729.24
35,8,2011,0,72.88,3.704,140.1629528,8.684,0.1,55.8,897037.25
25,8,2011,0,66.8,3.704,208.902476,7.274,0.1,55.8,726422.55
24,8,2011,0,69.94,3.906,136.2136129,8.358,0.1,55.8,1402372.09
5,8,2011,0,89.18,3.523,216.2950176,6.529,0.1,55.8,310338.17
7,8,2011,0,57.6,3.485,194.3796374,8.622,0.1,55.8,629994.47
10,8,2011,0,91.59,3.663,129.2832581,8.257,0.1,55.8,1728399.07
4,8,2011,0,81.47,3.523,129.2832581,5.644,0.1,55.8,1988490.21
13,8,2011,0,81.53,3.57,129.2832581,6.877,0.1,55.8,2035244.54
43,8,2011,0,87.43,3.523,207.5580023,10.641,0.1,55.8,561573.08
8,8,2011,0,84.69,3.523,219.1336097,6.425,0.1,55.8,912542.82
37,8,2011,0,86.02,3.523,214.4878416,8.177,0.1,55.8,527947.21
40,8,2011,0,65.01,3.796,136.2136129,4.584,0.1,55.8,969611.3
31,8,2011,0,92.07,3.523,215.386897,7.852,0.1,55.8,1417267.07
34,8,2011,0,77.27,3.523,129.2832581,10.641,0.1,55.8,871404.6
6,8,2011,0,90.07,3.523,217.2706543,6.925,0.1,55.8,1420405.41
23,8,2011,0,67.04,3.796,136.2136129,4.584,0.1,55.8,1637266.29
3,8,2011,0,87.67,3.523,219.0866908,7.567,0.1,55.8,366367.55
45,8,2011,0,72.55,3.704,186.5641172,8.625,0.1,55.8,833979.01
26,8,2011,0,61.1,3.796,136.2136129,7.767,0.1,55.8,1064617.62
29,8,2011,0,72.22,3.796,136.2136129,9.863,0.1,55.8,608294.98
12,8,2011,0,94.61,3.74,129.2832581,13.503,0.1,55.8,1017593.47
20,8,2011,0,70.15,3.704,208.902476,7.274,0.1,55.8,1933577.2
17,8,2011,0,72.04,3.57,129.2832581,6.745,0.1,55.8,837390.79
9,8,2011,0,88.95,3.523,219.3189965,6.404,0.1,55.8,542663.53
25,9,2011,0,67.2,3.703,208.9625161,7.274,0.08,59.5,699779.0
5,9,2011,0,90.38,3.533,216.3588498,6.529,0.08,59.5,315645.53
26,9,2011,0,59.67,3.784,136.2440968,7.767,0.08,59.5,1040143.14
22,9,2011,0,69.16,3.784,140.196985,8.023,0.08,59.5,912762.76
4,9,2011,0,77.99,3.533,129.3259355,5.644,0.08,59.5,2078420.31
3,9,2011,0,89.12,3.533,219.1501106,7.567,0.08,59.5,375988.69
7,9,2011,0,53.4,3.511,194.5092113,8.622,0.08,59.5,592355.24
6,9,2011,0,91.22,3.533,217.3343423,6.925,0.08,59.5,1481618.74
44,9,2011,0,77.0,3.58,129.3259355,6.56,0.08,59.5,309543.52
31,9,2011,0,91.94,3.533,215.4508632,7.852,0.08,59.5,1385769.03
8,9,2011,0,84.77,3.533,219.1970226,6.425,0.08,59.5,891387.14
19,9,2011,0,69.27,3.879,136.2440968,7.806,0.08,59.5,1609951.02
20,9,2011,0,70.82,3.703,208.9625161,7.274,0.08,59.5,2141765.98
16,9,2011,0,63.44,3.511,194.5092113,6.338,0.08,59.5,580805.33
10,9,2011,0,91.61,3.798,129.3259355,8.257,0.08,59.5,1758587.35
38,9,2011,0,93.66,3.798,129.3259355,13.503,0.08,59.5,416953.51
9,9,2011,0,89.33,3.533,219.382382,6.404,0.08,59.5,544643.33
24,9,2011,0,68.14,3.879,136.2440968,8.358,0.08,59.5,1196105.44
36,9,2011,0,87.5,3.481,214.5516896,8.177,0.08,59.5,350276.29
13,9,2011,0,77.0,3.58,129.3259355,6.877,0.08,59.5,1953628.82
33,9,2011,0,99.2,3.798,129.3259355,8.442,0.08,59.5,239198.36
21,9,2011,0,91.94,3.533,215.4508632,7.852,0.08,59.5,705557.8
34,9,2011,0,78.24,3.533,129.3259355,10.641,0.08,59.5,926455.64
35,9,2011,0,71.44,3.703,140.196985,8.684,0.08,59.5,813486.55
40,9,2011,0,63.79,3.784,136.2440968,4.584,0.08,59.5,957298.26
41,9,2011,0,70.37,3.511,194.5092113,6.901,0.08,59.5,1283849.38
17,9,2011,0,69.31,3.58,129.3259355,6.745,0.08,59.5,847380.07
23,9,2011,0,65.33,3.784,136.2440968,4.584,0.08,59.5,1464295.69
15,9,2011,0,67.63,3.879,136.2440968,7.806,0.08,59.5,649159.68
39,9,2011,0,88.65,3.533,214.5516896,8.177,0.08,59.5,1465089.85
14,9,2011,0,70.63,3.703,186.6189274,8.625,0.08,59.5,1750891.47
2,9,2011,0,89.64,3.533,215.4508632,7.852,0.08,59.5,1809119.7
1,9,2011,0,87.83,3.533,215.7971409,7.962,0.08,59.5,1550229.22
11,9,2011,0,91.44,3.533,219.1501106,7.567,0.08,59.5,1297792.41
28,9,2011,0,93.66,3.798,129.3259355,13.503,0.08,59.5,1468871.49
12,9,2011,0,93.66,3.798,129.3259355,13.503,0.08,59.5,1052051.45
18,9,2011,0,68.23,3.784,136.2440968,8.89,0.08,59.5,540922.94
37,9,2011,0,87.5,3.533,214.5516896,8.177,0.08,59.5,530367.83
30,9,2011,0,91.94,3.533,215.4508632,7.852,0.08,59.5,369722.32
45,9,2011,0,70.63,3.703,186.6189274,8.625,0.08,59.5,726482.39
27,9,2011,0,71.44,3.879,140.196985,7.85,0.08,59.5,1511717.53
43,9,2011,0,87.84,3.533,207.6206959,10.641,0.08,59.5,594224.9
32,9,2011,0,74.6,3.511,194.5092113,8.622,0.08,59.5,1152117.5
29,9,2011,0,69.16,3.784,136.2440968,9.863,0.08,59.5,497085.91
42,9,2011,0,91.61,3.798,129.3259355,8.257,0.08,59.5,537124.76
16,9,2011,1,56.99,3.566,194.6387853,6.338,0.08,59.5,574622.56
13,9,2011,1,70.19,3.619,129.3686129,6.877,0.08,59.5,1872921.31
20,9,2011,1,68.74,3.738,209.0225562,7.274,0.08,59.5,2050542.56
33,9,2011,1,96.22,3.771,129.3686129,8.442,0.08,59.5,281842.28
41,9,2011,1,58.31,3.566,194.6387853,6.901,0.08,59.5,1280958.97
34,9,2011,1,70.05,3.554,129.3686129,10.641,0.08,59.5,930506.14
14,9,2011,1,71.48,3.738,186.6737376,8.625,0.08,59.5,2202742.9
19,9,2011,1,68.28,3.93,136.2745806,7.806,0.08,59.5,1566712.79
1,9,2011,1,76.0,3.546,215.861056,7.962,0.08,59.5,1540471.24
10,9,2011,1,89.06,3.771,129.3686129,8.257,0.08,59.5,1670579.82
36,9,2011,1,77.94,3.499,214.6155376,8.177,0.08,59.5,352960.64
31,9,2011,1,78.87,3.546,215.5148295,7.852,0.08,59.5,1376670.27
9,9,2011,1,75.65,3.546,219.4457675,6.404,0.08,59.5,528784.86
38,9,2011,1,88.0,3.913,129.3686129,13.503,0.08,59.5,397771.68
29,9,2011,1,69.14,3.809,136.2745806,9.863,0.08,59.5,505406.72
24,9,2011,1,68.32,3.93,136.2745806,8.358,0.08,59.5,1527455.19
43,9,2011,1,79.29,3.546,207.6833894,10.641,0.08,59.5,649128.23
28,9,2011,1,88.0,3.913,129.3686129,13.503,0.08,59.5,1310087.0
39,9,2011,1,79.15,3.546,214.6155376,8.177,0.08,59.5,1429345.86
45,9,2011,1,71.48,3.738,186.6737376,8.625,0.08,59.5,746129.56
17,9,2011,1,61.94,3.619,129.3686129,6.745,0.08,59.5,1161900.18
26,9,2011,1,60.98,3.809,136.2745806,7.767,0.08,59.5,1069710.97
32,9,2011,1,61.24,3.566,194.6387853,8.622,0.08,59.5,1128237.3
35,9,2011,1,70.93,3.738,140.2310173,8.684,0.08,59.5,922440.64
6,9,2011,1,80.21,3.546,217.3980304,6.925,0.08,59.5,1483574.38
22,9,2011,1,69.14,3.809,140.2310173,8.023,0.08,59.5,1004434.54
27,9,2011,1,70.93,3.93,140.2310173,7.85,0.08,59.5,1911470.84
42,9,2011,1,89.06,3.771,129.3686129,8.257,0.08,59.5,608390.94
23,9,2011,1,66.04,3.809,136.2745806,4.584,0.08,59.5,1423289.9
30,9,2011,1,78.87,3.546,215.5148295,7.852,0.08,59.5,370897.82
18,9,2011,1,68.11,3.809,136.2745806,8.89,0.08,59.5,951549.61
4,9,2011,1,73.34,3.554,129.3686129,5.644,0.08,59.5,2093139.01
3,9,2011,1,81.72,3.546,219.2135305,7.567,0.08,59.5,377347.49
7,9,2011,1,45.61,3.566,194.6387853,8.622,0.08,59.5,613135.23
12,9,2011,1,88.0,3.913,129.3686129,13.503,0.08,59.5,922850.57
2,9,2011,1,77.97,3.546,215.5148295,7.852,0.08,59.5,1748000.65
5,9,2011,1,79.04,3.546,216.4226819,6.529,0.08,59.5,321110.22
11,9,2011,1,84.91,3.546,219.2135305,7.567,0.08,59.5,1249439.95
44,9,2011,1,70.19,3.619,129.3686129,6.56,0.08,59.5,295811.25
8,9,2011,1,69.01,3.546,219.2604355,6.425,0.08,59.5,848358.09
40,9,2011,1,64.83,3.809,136.2745806,4.584,0.08,59.5,1021391.99
15,9,2011,1,67.59,3.93,136.2745806,7.806,0.08,59.5,607593.51
37,9,2011,1,77.94,3.546,214.6155376,8.177,0.08,59.5,506273.74
21,9,2011,1,78.87,3.546,215.5148295,7.852,0.08,59.5,653989.65
25,9,2011,1,67.51,3.738,209.0225562,7.274,0.08,59.5,673248.48
6,9,2011,0,84.94,3.526,217.5797506,6.925,0.08,59.5,1351407.79
13,9,2011,0,67.54,3.641,129.4306,6.877,0.08,59.5,1923223.82
5,9,2011,0,83.55,3.526,216.6033083,6.529,0.08,59.5,278529.71
41,9,2011,0,54.82,3.596,194.7419707,6.901,0.08,59.5,1197019.39
29,9,2011,0,68.08,3.809,136.3145,9.863,0.08,59.5,474129.35
28,9,2011,0,76.36,3.918,129.4306,13.503,0.08,59.5,1159212.1
45,9,2011,0,69.17,3.742,186.8024,8.625,0.08,59.5,711367.56
1,9,2011,0,79.94,3.526,216.0410526,7.962,0.08,59.5,1514259.78
11,9,2011,0,85.11,3.526,219.3972867,7.567,0.08,59.5,1270816.01
12,9,2011,0,76.36,3.918,129.4306,13.503,0.08,59.5,889290.23
18,9,2011,0,66.23,3.809,136.3145,8.89,0.08,59.5,845715.37
39,9,2011,0,83.11,3.526,214.7934111,8.177,0.08,59.5,1372500.63
35,9,2011,0,69.65,3.742,140.2735,8.684,0.08,59.5,738792.11
22,9,2011,0,68.08,3.809,140.2735,8.023,0.08,59.5,937420.65
7,9,2011,0,43.67,3.596,194.7419707,8.622,0.08,59.5,558981.45
17,9,2011,0,61.48,3.641,129.4306,6.745,0.08,59.5,1051116.95
40,9,2011,0,58.28,3.809,136.3145,4.584,0.08,59.5,890661.79
24,9,2011,0,65.56,3.937,136.3145,8.358,0.08,59.5,1227535.97
33,9,2011,0,85.79,3.784,129.4306,8.442,0.08,59.5,262407.57
34,9,2011,0,64.94,3.532,129.4306,10.641,0.08,59.5,927249.61
23,9,2011,0,60.52,3.809,136.3145,4.584,0.08,59.5,1253329.17
16,9,2011,0,53.68,3.596,194.7419707,6.338,0.08,59.5,539081.09
30,9,2011,0,80.62,3.526,215.6944378,7.852,0.08,59.5,382914.66
44,9,2011,0,67.54,3.641,129.4306,6.56,0.08,59.5,303974.28
19,9,2011,0,62.76,3.937,136.3145,7.806,0.08,59.5,1365633.53
32,9,2011,0,60.88,3.596,194.7419707,8.622,0.08,59.5,1142499.25
42,9,2011,0,77.49,3.784,129.4306,8.257,0.08,59.5,576837.09
36,9,2011,0,82.06,3.473,214.7934111,8.177,0.08,59.5,343108.12
38,9,2011,0,76.36,3.918,129.4306,13.503,0.08,59.5,408188.88
3,9,2011,0,83.63,3.526,219.3972867,7.567,0.08,59.5,375629.51
26,9,2011,0,55.19,3.809,136.3145,7.767,0.08,59.5,951569.84
21,9,2011,0,80.62,3.526,215.6944378,7.852,0.08,59.5,653525.84
10,9,2011,0,77.49,3.784,129.4306,8.257,0.08,59.5,1650894.3
15,9,2011,0,62.1,3.937,136.3145,7.806,0.08,59.5,545052.34
14,9,2011,0,69.17,3.742,186.8024,8.625,0.08,59.5,1864637.89
9,9,2011,0,77.95,3.526,219.6297841,6.404,0.08,59.5,500274.03
20,9,2011,0,64.02,3.742,209.1893892,7.274,0.08,59.5,1979009.46
25,9,2011,0,62.05,3.742,209.1893892,7.274,0.08,59.5,628720.46
8,9,2011,0,69.09,3.526,219.4442443,6.425,0.08,59.5,870971.82
2,9,2011,0,78.85,3.526,215.6944378,7.852,0.08,59.5,1691439.52
43,9,2011,0,77.17,3.526,207.8527143,10.641,0.08,59.5,618877.13
31,9,2011,0,80.62,3.526,215.6944378,7.852,0.08,59.5,1363460.86
4,9,2011,0,72.76,3.532,129.4306,5.644,0.08,59.5,2075577.33
27,9,2011,0,69.65,3.937,140.2735,7.85,0.08,59.5,1613773.9
37,9,2011,0,82.06,3.526,214.7934111,8.177,0.08,59.5,513341.94
34,9,2011,0,66.23,3.473,129.5183333,10.641,0.08,59.5,902852.73
15,9,2011,0,59.0,3.899,136.367,7.806,0.08,59.5,545570.86
40,9,2011,0,54.09,3.758,136.367,4.584,0.08,59.5,876583.98
6,9,2011,0,78.49,3.467,217.9188471,6.925,0.08,59.5,1336044.75
41,9,2011,0,55.06,3.581,194.8099713,6.901,0.08,59.5,1173059.79
38,9,2011,0,82.95,3.789,129.5183333,13.503,0.08,59.5,394665.28
21,9,2011,0,75.68,3.467,216.0282356,7.852,0.08,59.5,681913.29
24,9,2011,0,60.61,3.899,136.367,8.358,0.08,59.5,1232376.49
36,9,2011,0,78.35,3.441,215.1233185,8.177,0.08,59.5,322405.13
9,9,2011,0,74.42,3.467,219.9746423,6.404,0.08,59.5,506743.78
17,9,2011,0,56.96,3.648,129.5183333,6.745,0.08,59.5,895535.31
42,9,2011,0,82.51,3.789,129.5183333,8.257,0.08,59.5,528486.45
11,9,2011,0,82.14,3.467,219.7414914,7.567,0.08,59.5,1235775.15
33,9,2011,0,88.93,3.789,129.5183333,8.442,0.08,59.5,234793.12
35,9,2011,0,63.61,3.711,140.32725,8.684,0.08,59.5,705802.45
32,9,2011,0,58.66,3.581,194.8099713,8.622,0.08,59.5,1116140.29
27,9,2011,0,63.61,3.899,140.32725,7.85,0.08,59.5,1606208.68
31,9,2011,0,75.68,3.467,216.0282356,7.852,0.08,59.5,1347607.74
45,9,2011,0,63.75,3.711,187.0295321,8.625,0.08,59.5,714106.42
8,9,2011,0,68.72,3.467,219.788581,6.425,0.08,59.5,806444.29
18,9,2011,0,60.44,3.758,136.367,8.89,0.08,59.5,853073.17
4,9,2011,0,69.23,3.473,129.5183333,5.644,0.08,59.5,2031406.41
26,9,2011,0,50.72,3.758,136.367,7.767,0.08,59.5,923644.6
25,9,2011,0,60.28,3.711,209.4986126,7.274,0.08,59.5,620885.93
12,9,2011,0,82.95,3.789,129.5183333,13.503,0.08,59.5,871692.74
39,9,2011,0,78.75,3.467,215.1233185,8.177,0.08,59.5,1338657.95
3,9,2011,0,80.19,3.467,219.7414914,7.567,0.08,59.5,365248.94
44,9,2011,0,63.6,3.648,129.5183333,6.56,0.08,59.5,307409.13
28,9,2011,0,82.95,3.789,129.5183333,13.503,0.08,59.5,1109105.92
22,9,2011,0,62.36,3.758,140.32725,8.023,0.08,59.5,899834.75
20,9,2011,0,62.15,3.711,209.4986126,7.274,0.08,59.5,1888119.7
30,9,2011,0,75.68,3.467,216.0282356,7.852,0.08,59.5,391837.56
14,9,2011,0,63.75,3.711,187.0295321,8.625,0.08,59.5,1871555.64
2,9,2011,0,75.58,3.467,216.0282356,7.852,0.08,59.5,1669299.78
29,9,2011,0,62.36,3.758,136.367,9.863,0.08,59.5,475696.37
1,9,2011,0,75.8,3.467,216.3758246,7.962,0.08,59.5,1380020.27
10,9,2011,0,82.51,3.789,129.5183333,8.257,0.08,59.5,1685910.53
43,9,2011,0,78.98,3.467,208.1642143,10.641,0.08,59.5,586108.13
37,9,2011,0,78.35,3.467,215.1233185,8.177,0.08,59.5,516556.94
19,9,2011,0,61.32,3.899,136.367,7.806,0.08,59.5,1300375.76
5,9,2011,0,78.01,3.467,216.9396605,6.529,0.08,59.5,291024.98
23,9,2011,0,57.14,3.758,136.367,4.584,0.08,59.5,1289082.81
16,9,2011,0,50.39,3.581,194.8099713,6.338,0.08,59.5,504856.97
13,9,2011,0,63.6,3.648,129.5183333,6.877,0.08,59.5,1847430.96
7,9,2011,0,43.67,3.581,194.8099713,8.622,0.08,59.5,536144.81
35,9,2011,0,70.92,3.645,140.381,8.684,0.08,59.5,749676.95
40,9,2011,0,63.45,3.684,136.4195,4.584,0.08,59.5,912857.1
22,9,2011,0,69.78,3.684,140.381,8.023,0.08,59.5,953314.16
25,9,2011,0,60.7,3.645,209.807836,7.274,0.08,59.5,639160.24
11,9,2011,0,84.4,3.355,220.085696,7.567,0.08,59.5,1190515.83
18,9,2011,0,69.01,3.684,136.4195,8.89,0.08,59.5,847348.08
42,9,2011,0,82.27,3.877,129.6060667,8.257,0.08,59.5,510243.79
17,9,2011,0,61.4,3.623,129.6060667,6.745,0.08,59.5,868191.05
15,9,2011,0,64.87,3.858,136.4195,7.806,0.08,59.5,521297.31
26,9,2011,0,59.42,3.684,136.4195,7.767,0.08,59.5,959339.51
1,9,2011,0,79.69,3.355,216.7105965,7.962,0.08,59.5,1394561.83
14,9,2011,0,70.66,3.645,187.2566641,8.625,0.08,59.5,1809989.29
28,9,2011,0,83.26,3.877,129.6060667,13.503,0.08,59.5,1120731.76
39,9,2011,0,81.51,3.355,215.4532259,8.177,0.08,59.5,1311775.83
12,9,2011,0,83.26,3.877,129.6060667,13.503,0.08,59.5,866401.45
29,9,2011,0,69.78,3.684,136.4195,9.863,0.08,59.5,446516.26
43,9,2011,0,78.97,3.355,208.4757143,10.641,0.08,59.5,555183.72
31,9,2011,0,78.91,3.355,216.3620333,7.852,0.08,59.5,1285534.74
32,9,2011,0,65.04,3.538,194.8779718,8.622,0.08,59.5,1088943.98
4,9,2011,0,72.15,3.371,129.6060667,5.644,0.08,59.5,1929486.63
27,9,2011,0,70.92,3.858,140.381,7.85,0.08,59.5,1599626.26
3,9,2011,0,82.58,3.355,220.085696,7.567,0.08,59.5,368477.93
33,9,2011,0,89.1,3.877,129.6060667,8.442,0.08,59.5,229731.98
21,9,2011,0,78.91,3.355,216.3620333,7.852,0.08,59.5,651970.48
36,9,2011,0,81.52,3.328,215.4532259,8.177,0.08,59.5,314910.37
41,9,2011,0,61.77,3.538,194.8779718,6.901,0.08,59.5,1160619.61
23,9,2011,0,64.76,3.684,136.4195,4.584,0.08,59.5,1275597.85
16,9,2011,0,57.61,3.538,194.8779718,6.338,0.08,59.5,450075.31
19,9,2011,0,64.99,3.858,136.4195,7.806,0.08,59.5,1330757.22
34,9,2011,0,69.44,3.371,129.6060667,10.641,0.08,59.5,871847.85
10,9,2011,0,82.27,3.877,129.6060667,8.257,0.08,59.5,1627707.31
44,9,2011,0,68.28,3.623,129.6060667,6.56,0.08,59.5,299757.75
20,9,2011,0,63.44,3.645,209.807836,7.274,0.08,59.5,1945808.26
2,9,2011,0,78.14,3.355,216.3620333,7.852,0.08,59.5,1650394.44
30,9,2011,0,78.91,3.355,216.3620333,7.852,0.08,59.5,387001.13
37,9,2011,0,81.52,3.355,215.4532259,8.177,0.08,59.5,516402.1
38,9,2011,0,83.26,3.877,129.6060667,13.503,0.08,59.5,366819.84
6,9,2011,0,82.51,3.355,218.2579435,6.925,0.08,59.5,1307551.92
13,9,2011,0,68.28,3.623,129.6060667,6.877,0.08,59.5,1835662.69
24,9,2011,0,68.0,3.858,136.4195,8.358,0.08,59.5,1246242.61
45,9,2011,0,70.66,3.645,187.2566641,8.625,0.08,59.5,698986.34
5,9,2011,0,81.16,3.355,217.2760127,6.529,0.08,59.5,292315.38
7,9,2011,0,47.34,3.538,194.8779718,8.622,0.08,59.5,488880.26
9,9,2011,0,78.45,3.355,220.3195004,6.404,0.08,59.5,508567.04
8,9,2011,0,72.2,3.355,220.1329176,6.425,0.08,59.5,809049.37
32,10,2011,0,62.62,3.498,194.9459724,8.513,0.07,60.8,1149448.02
14,10,2011,0,55.82,3.583,187.4837962,8.523,0.07,60.8,2078796.76
26,10,2011,0,46.84,3.633,136.472,7.598,0.07,60.8,1130022.99
37,10,2011,0,71.2,3.285,215.7831333,7.716,0.07,60.8,522816.85
43,10,2011,0,74.17,3.285,208.7872143,10.148,0.07,60.8,642828.62
5,10,2011,0,71.64,3.285,217.6123648,6.3,0.07,60.8,309111.47
6,10,2011,0,74.1,3.285,218.59704,6.551,0.07,60.8,1481739.2
28,10,2011,0,70.44,3.827,129.6938,12.89,0.07,60.8,1557314.58
20,10,2011,0,52.42,3.583,210.1170595,7.082,0.07,60.8,2135982.79
39,10,2011,0,71.68,3.285,215.7831333,7.716,0.07,60.8,1443884.39
17,10,2011,0,54.4,3.592,129.6938,6.617,0.07,60.8,918006.9
12,10,2011,0,70.44,3.827,129.6938,12.89,0.07,60.8,951244.66
29,10,2011,0,56.44,3.633,136.472,9.357,0.07,60.8,514993.0
25,10,2011,0,50.82,3.583,210.1170595,7.082,0.07,60.8,671522.87
30,10,2011,0,71.64,3.285,216.6958311,7.441,0.07,60.8,417528.26
3,10,2011,0,75.54,3.285,220.4299007,7.197,0.07,60.8,403342.4
38,10,2011,0,70.44,3.827,129.6938,12.89,0.07,60.8,449516.29
7,10,2011,0,40.65,3.498,194.9459724,8.513,0.07,60.8,525866.36
27,10,2011,0,56.91,3.775,140.43475,7.906,0.07,60.8,1672339.27
31,10,2011,0,71.64,3.285,216.6958311,7.441,0.07,60.8,1427383.24
45,10,2011,0,55.82,3.583,187.4837962,8.523,0.07,60.8,753447.05
13,10,2011,0,60.62,3.592,129.6938,6.392,0.07,60.8,2067232.56
2,10,2011,0,69.92,3.285,216.6958311,7.441,0.07,60.8,1837553.43
44,10,2011,0,60.62,3.592,129.6938,6.078,0.07,60.8,312577.36
22,10,2011,0,56.44,3.633,140.43475,7.706,0.07,60.8,993436.67
24,10,2011,0,53.87,3.775,136.472,8.454,0.07,60.8,1405914.39
34,10,2011,0,60.42,3.299,129.6938,10.148,0.07,60.8,954069.45
33,10,2011,0,81.16,3.827,129.6938,8.01,0.07,60.8,262159.13
18,10,2011,0,54.65,3.633,136.472,8.471,0.07,60.8,1019741.1
40,10,2011,0,50.21,3.633,136.472,4.42,0.07,60.8,1070389.98
21,10,2011,0,71.64,3.285,216.6958311,7.441,0.07,60.8,663452.46
42,10,2011,0,75.01,3.827,129.6938,7.874,0.07,60.8,649111.23
36,10,2011,0,71.2,3.262,215.7831333,7.716,0.07,60.8,346137.87
10,10,2011,0,75.01,3.827,129.6938,7.874,0.07,60.8,1788227.6
15,10,2011,0,51.24,3.775,136.472,7.866,0.07,60.8,579068.88
41,10,2011,0,58.74,3.498,194.9459724,6.759,0.07,60.8,1277882.77
8,10,2011,0,67.61,3.285,220.4772543,6.123,0.07,60.8,929976.55
16,10,2011,0,48.91,3.498,194.9459724,6.232,0.07,60.8,482926.93
9,10,2011,0,72.62,3.285,220.6643585,6.054,0.07,60.8,553836.98
1,10,2011,0,69.31,3.285,217.0453684,7.866,0.07,60.8,1630989.95
19,10,2011,0,53.1,3.775,136.472,7.866,0.07,60.8,1461718.87
4,10,2011,0,65.79,3.299,129.6938,5.143,0.07,60.8,2166737.65
11,10,2011,0,76.97,3.285,220.4299007,7.197,0.07,60.8,1346271.06
23,10,2011,0,49.0,3.633,136.472,4.42,0.07,60.8,1463501.99
35,10,2011,0,56.91,3.583,140.43475,8.745,0.07,60.8,791637.53
34,10,2011,0,54.72,3.283,129.7706452,10.148,0.07,60.8,911788.79
3,10,2011,0,73.75,3.274,220.7486167,7.197,0.07,60.8,368282.57
12,10,2011,0,67.31,3.805,129.7706452,12.89,0.07,60.8,927600.01
9,10,2011,0,67.27,3.274,220.9836849,6.054,0.07,60.8,529515.66
40,10,2011,0,53.9,3.583,136.5150968,4.42,0.07,60.8,936751.68
26,10,2011,0,53.91,3.583,136.5150968,7.598,0.07,60.8,987886.08
23,10,2011,0,56.79,3.583,136.5150968,4.42,0.07,60.8,1257778.34
17,10,2011,0,47.69,3.567,129.7706452,6.617,0.07,60.8,884042.63
45,10,2011,0,63.82,3.541,187.6917481,8.523,0.07,60.8,720946.99
20,10,2011,0,62.54,3.541,210.4027602,7.082,0.07,60.8,2010107.68
37,10,2011,0,74.16,3.274,216.0885258,7.716,0.07,60.8,513636.01
18,10,2011,0,60.26,3.583,136.5150968,8.471,0.07,60.8,953533.95
31,10,2011,0,69.79,3.274,217.0048261,7.441,0.07,60.8,1378340.18
25,10,2011,0,58.95,3.541,210.4027602,7.082,0.07,60.8,646915.47
4,10,2011,0,63.75,3.283,129.7706452,5.143,0.07,60.8,2074548.85
7,10,2011,0,32.65,3.491,195.0261012,8.513,0.07,60.8,501959.19
5,10,2011,0,72.36,3.274,217.9237458,6.3,0.07,60.8,286117.72
8,10,2011,0,61.74,3.274,220.7960935,6.123,0.07,60.8,863188.26
24,10,2011,0,60.21,3.744,136.5150968,8.454,0.07,60.8,1333315.03
33,10,2011,0,76.49,3.698,129.7706452,8.01,0.07,60.8,272487.33
21,10,2011,0,69.79,3.274,217.0048261,7.441,0.07,60.8,671379.44
22,10,2011,0,62.63,3.583,140.4784194,7.706,0.07,60.8,944337.32
41,10,2011,0,47.43,3.491,195.0261012,6.759,0.07,60.8,1247130.22
19,10,2011,0,61.86,3.744,136.5150968,7.866,0.07,60.8,1318905.53
13,10,2011,0,51.74,3.567,129.7706452,6.392,0.07,60.8,1929659.07
44,10,2011,0,51.74,3.567,129.7706452,6.078,0.07,60.8,293031.78
10,10,2011,0,70.27,3.698,129.7706452,7.874,0.07,60.8,1704753.02
2,10,2011,0,71.67,3.274,217.0048261,7.441,0.07,60.8,1743882.19
30,10,2011,0,69.79,3.274,217.0048261,7.441,0.07,60.8,410711.99
38,10,2011,0,67.31,3.805,129.7706452,12.89,0.07,60.8,400430.78
27,10,2011,0,64.78,3.744,140.4784194,7.906,0.07,60.8,1682652.51
16,10,2011,0,39.97,3.491,195.0261012,6.232,0.07,60.8,498241.06
35,10,2011,0,64.78,3.541,140.4784194,8.745,0.07,60.8,772859.25
6,10,2011,0,71.24,3.274,218.9109844,6.551,0.07,60.8,1386520.99
14,10,2011,0,63.82,3.541,187.6917481,8.523,0.07,60.8,1890870.75
36,10,2011,0,74.16,3.234,216.0885258,7.716,0.07,60.8,342076.99
1,10,2011,0,71.74,3.274,217.3552733,7.866,0.07,60.8,1493525.93
39,10,2011,0,73.79,3.274,216.0885258,7.716,0.07,60.8,1384721.84
11,10,2011,0,75.56,3.274,220.7486167,7.197,0.07,60.8,1286388.96
28,10,2011,0,67.31,3.805,129.7706452,12.89,0.07,60.8,1220984.94
15,10,2011,0,61.3,3.744,136.5150968,7.866,0.07,60.8,537300.94
42,10,2011,0,70.27,3.698,129.7706452,7.874,0.07,60.8,613531.11
32,10,2011,0,50.15,3.491,195.0261012,8.513,0.07,60.8,1175420.26
29,10,2011,0,62.63,3.583,136.5150968,9.357,0.07,60.8,475776.45
43,10,2011,0,68.09,3.274,209.0752166,10.148,0.07,60.8,590984.56
29,10,2011,0,59.3,3.618,136.5017742,9.357,0.07,60.8,505068.22
39,10,2011,0,67.65,3.353,216.2468287,7.716,0.07,60.8,1465283.29
38,10,2011,0,73.05,3.842,129.7821613,12.89,0.07,60.8,402709.17
10,10,2011,0,77.91,3.842,129.7821613,7.874,0.07,60.8,1745928.56
37,10,2011,0,67.89,3.353,216.2468287,7.716,0.07,60.8,522784.33
13,10,2011,0,54.66,3.579,129.7821613,6.392,0.07,60.8,1973544.27
12,10,2011,0,73.05,3.842,129.7821613,12.89,0.07,60.8,938604.58
30,10,2011,0,65.16,3.353,217.1650042,7.441,0.07,60.8,428958.53
36,10,2011,0,67.89,3.308,216.2468287,7.716,0.07,60.8,328633.34
16,10,2011,0,46.99,3.548,195.1789994,6.232,0.07,60.8,560104.16
34,10,2011,0,58.93,3.361,129.7821613,10.148,0.07,60.8,953693.23
11,10,2011,0,70.91,3.353,220.9144005,7.197,0.07,60.8,1325107.53
33,10,2011,0,81.74,3.842,129.7821613,8.01,0.07,60.8,233543.08
35,10,2011,0,59.62,3.57,140.4616048,8.745,0.07,60.8,811328.4
8,10,2011,0,59.97,3.353,220.9619484,6.123,0.07,60.8,905984.49
15,10,2011,0,51.67,3.757,136.5017742,7.866,0.07,60.8,603318.89
9,10,2011,0,65.46,3.353,221.1498206,6.054,0.07,60.8,557075.21
31,10,2011,0,65.16,3.353,217.1650042,7.441,0.07,60.8,1409310.4
32,10,2011,0,48.87,3.548,195.1789994,8.513,0.07,60.8,1151258.74
17,10,2011,0,47.27,3.579,129.7821613,6.617,0.07,60.8,877380.22
14,10,2011,0,59.6,3.57,187.7846197,8.523,0.07,60.8,2009004.59
7,10,2011,0,37.49,3.548,195.1789994,8.513,0.07,60.8,558691.43
6,10,2011,0,68.53,3.353,219.0740167,6.551,0.07,60.8,1417922.37
20,10,2011,0,53.69,3.57,210.5473252,7.082,0.07,60.8,2104241.9
25,10,2011,0,50.22,3.57,210.5473252,7.082,0.07,60.8,690675.5
21,10,2011,0,65.16,3.353,217.1650042,7.441,0.07,60.8,729036.06
40,10,2011,0,51.61,3.618,136.5017742,4.42,0.07,60.8,942319.65
22,10,2011,0,59.3,3.618,140.4616048,7.706,0.07,60.8,981567.22
41,10,2011,0,45.62,3.548,195.1789994,6.759,0.07,60.8,1214944.29
2,10,2011,0,64.53,3.353,217.1650042,7.441,0.07,60.8,1834680.25
43,10,2011,0,70.3,3.353,209.2222327,10.148,0.07,60.8,594625.96
3,10,2011,0,69.03,3.353,220.9144005,7.197,0.07,60.8,394976.36
18,10,2011,0,55.83,3.618,136.5017742,8.471,0.07,60.8,1048212.62
28,10,2011,0,73.05,3.842,129.7821613,12.89,0.07,60.8,1203172.05
5,10,2011,0,66.9,3.353,218.0852999,6.3,0.07,60.8,306069.18
26,10,2011,0,45.23,3.618,136.5017742,7.598,0.07,60.8,974907.28
45,10,2011,0,59.6,3.57,187.7846197,8.523,0.07,60.8,771686.4
24,10,2011,0,56.6,3.757,136.5017742,8.454,0.07,60.8,1283563.43
44,10,2011,0,54.66,3.579,129.7821613,6.078,0.07,60.8,305969.81
23,10,2011,0,52.12,3.618,136.5017742,4.42,0.07,60.8,1441032.59
4,10,2011,0,64.79,3.361,129.7821613,5.143,0.07,60.8,2207742.13
42,10,2011,0,77.91,3.842,129.7821613,7.874,0.07,60.8,537276.41
19,10,2011,0,52.05,3.757,136.5017742,7.866,0.07,60.8,1374863.1
1,10,2011,0,63.71,3.353,217.5159762,7.866,0.07,60.8,1502562.78
27,10,2011,0,59.62,3.757,140.4616048,7.906,0.07,60.8,1689591.44
13,10,2011,0,47.41,3.567,129.7936774,6.392,0.07,60.8,1948733.81
21,10,2011,0,65.46,3.372,217.3251824,7.441,0.07,60.8,738812.0
35,10,2011,0,51.81,3.569,140.4447903,8.745,0.07,60.8,808821.5
29,10,2011,0,49.31,3.604,136.4884516,9.357,0.07,60.8,515119.64
33,10,2011,0,76.73,3.843,129.7936774,8.01,0.07,60.8,231319.96
10,10,2011,0,72.79,3.843,129.7936774,7.874,0.07,60.8,1771792.97
18,10,2011,0,45.61,3.604,136.4884516,8.471,0.07,60.8,1106642.63
24,10,2011,0,48.0,3.757,136.4884516,8.454,0.07,60.8,1307142.75
44,10,2011,0,47.41,3.567,129.7936774,6.078,0.07,60.8,306336.07
28,10,2011,0,67.41,3.727,129.7936774,12.89,0.07,60.8,1242746.06
39,10,2011,0,71.05,3.372,216.4051315,7.716,0.07,60.8,1472663.1
2,10,2011,0,65.87,3.372,217.3251824,7.441,0.07,60.8,1769296.25
6,10,2011,0,69.51,3.372,219.237049,6.551,0.07,60.8,1419445.12
16,10,2011,0,41.97,3.55,195.3318977,6.232,0.07,60.8,505918.21
7,10,2011,0,28.82,3.55,195.3318977,8.513,0.07,60.8,527339.52
4,10,2011,0,55.31,3.362,129.7936774,5.143,0.07,60.8,2151659.59
8,10,2011,0,56.86,3.372,221.1278032,6.123,0.07,60.8,876712.31
19,10,2011,0,46.49,3.757,136.4884516,7.866,0.07,60.8,1396612.36
27,10,2011,0,51.81,3.757,140.4447903,7.906,0.07,60.8,1710372.4
38,10,2011,0,67.41,3.727,129.7936774,12.89,0.07,60.8,378539.17
15,10,2011,0,45.54,3.757,136.4884516,7.866,0.07,60.8,589842.69
42,10,2011,0,72.79,3.843,129.7936774,7.874,0.07,60.8,515599.7
31,10,2011,0,65.46,3.372,217.3251824,7.441,0.07,60.8,1346862.72
37,10,2011,0,71.31,3.372,216.4051315,7.716,0.07,60.8,517355.44
26,10,2011,0,35.06,3.604,136.4884516,7.598,0.07,60.8,972256.98
20,10,2011,0,49.36,3.569,210.6918901,7.082,0.07,60.8,2065421.52
30,10,2011,0,65.46,3.372,217.3251824,7.441,0.07,60.8,426151.88
3,10,2011,0,71.04,3.372,221.0801842,7.197,0.07,60.8,389540.62
9,10,2011,0,63.96,3.372,221.3159563,6.054,0.07,60.8,548527.49
14,10,2011,0,51.78,3.569,187.8774913,8.523,0.07,60.8,2056846.12
43,10,2011,0,66.82,3.372,209.3692488,10.148,0.07,60.8,572516.57
41,10,2011,0,37.02,3.55,195.3318977,6.759,0.07,60.8,1274463.02
32,10,2011,0,42.76,3.55,195.3318977,8.513,0.07,60.8,1185391.96
36,10,2011,0,71.31,3.306,216.4051315,7.716,0.07,60.8,306193.81
5,10,2011,0,69.27,3.372,218.2468539,6.3,0.07,60.8,307035.11
22,10,2011,0,49.31,3.604,140.4447903,7.706,0.07,60.8,1099351.68
25,10,2011,0,46.28,3.569,210.6918901,7.082,0.07,60.8,724443.97
40,10,2011,0,42.09,3.604,136.4884516,4.42,0.07,60.8,941675.95
23,10,2011,0,42.57,3.604,136.4884516,4.42,0.07,60.8,1407191.96
11,10,2011,0,72.66,3.372,221.0801842,7.197,0.07,60.8,1310684.1
1,10,2011,0,66.57,3.372,217.6766791,7.866,0.07,60.8,1445249.09
34,10,2011,0,54.56,3.362,129.7936774,10.148,0.07,60.8,958063.87
17,10,2011,0,41.89,3.567,129.7936774,6.617,0.07,60.8,936508.43
45,10,2011,0,51.78,3.569,187.8774913,8.523,0.07,60.8,781694.57
12,10,2011,0,67.41,3.727,129.7936774,12.89,0.07,60.8,990926.38
22,11,2011,0,42.81,3.586,140.4279758,7.706,0.08,63.7,1106575.59
5,11,2011,0,56.71,3.332,218.408408,6.3,0.08,63.7,353652.23
34,11,2011,0,48.04,3.322,129.8051935,10.148,0.08,63.7,992621.93
15,11,2011,0,43.39,3.738,136.475129,7.866,0.08,63.7,615121.78
7,11,2011,0,23.41,3.527,195.4847959,8.513,0.08,63.7,564536.01
2,11,2011,0,55.53,3.332,217.4853605,7.441,0.08,63.7,1959707.9
10,11,2011,0,68.57,3.828,129.8051935,7.874,0.08,63.7,1904438.59
38,11,2011,0,59.77,3.828,129.8051935,12.89,0.08,63.7,436970.1
18,11,2011,0,38.29,3.586,136.475129,8.471,0.08,63.7,1100625.06
28,11,2011,0,59.77,3.828,129.8051935,12.89,0.08,63.7,1576654.67
11,11,2011,0,61.13,3.332,221.245968,7.197,0.08,63.7,1458287.38
21,11,2011,0,56.01,3.332,217.4853605,7.441,0.08,63.7,767358.37
42,11,2011,0,68.57,3.828,129.8051935,7.874,0.08,63.7,597667.21
36,11,2011,0,58.97,3.287,216.5634344,7.716,0.08,63.7,313387.11
39,11,2011,0,58.04,3.332,216.5634344,7.716,0.08,63.7,1553629.59
30,11,2011,0,56.01,3.332,217.4853605,7.441,0.08,63.7,432359.04
20,11,2011,0,43.88,3.551,210.8364551,7.082,0.08,63.7,2284106.6
26,11,2011,0,31.7,3.586,136.475129,7.598,0.08,63.7,988950.75
37,11,2011,0,58.97,3.332,216.5634344,7.716,0.08,63.7,555925.6
3,11,2011,0,59.31,3.332,221.245968,7.197,0.08,63.7,459443.22
45,11,2011,0,43.92,3.551,187.9703629,8.523,0.08,63.7,833429.22
9,11,2011,0,54.46,3.332,221.4820921,6.054,0.08,63.7,597855.07
40,11,2011,0,35.4,3.586,136.475129,4.42,0.08,63.7,1011321.18
14,11,2011,0,43.92,3.551,187.9703629,8.523,0.08,63.7,2174056.71
31,11,2011,0,56.01,3.332,217.4853605,7.441,0.08,63.7,1426405.46
41,11,2011,0,35.04,3.527,195.4847959,6.759,0.08,63.7,1315684.86
17,11,2011,0,37.52,3.538,129.8051935,6.617,0.08,63.7,927657.63
16,11,2011,0,33.43,3.527,195.4847959,6.232,0.08,63.7,511059.95
23,11,2011,0,39.18,3.586,136.475129,4.42,0.08,63.7,1428436.33
25,11,2011,0,40.88,3.551,210.8364551,7.082,0.08,63.7,718393.61
32,11,2011,0,37.95,3.527,195.4847959,8.513,0.08,63.7,1204628.28
43,11,2011,0,59.08,3.332,209.516265,10.148,0.08,63.7,641905.37
27,11,2011,0,44.46,3.738,140.4279758,7.906,0.08,63.7,1621109.3
12,11,2011,0,59.77,3.828,129.8051935,12.89,0.08,63.7,1051944.79
1,11,2011,0,54.98,3.332,217.837382,7.866,0.08,63.7,1697229.58
35,11,2011,0,44.46,3.551,140.4279758,8.745,0.08,63.7,653468.75
24,11,2011,0,39.87,3.738,136.475129,8.454,0.08,63.7,1385860.38
4,11,2011,0,49.86,3.322,129.8051935,5.143,0.08,63.7,2281217.31
33,11,2011,0,71.91,3.828,129.8051935,8.01,0.08,63.7,236157.12
44,11,2011,0,43.51,3.538,129.8051935,6.078,0.08,63.7,307126.34
29,11,2011,0,42.81,3.586,136.475129,9.357,0.08,63.7,620735.72
13,11,2011,0,43.51,3.538,129.8051935,6.392,0.08,63.7,2036317.54
6,11,2011,0,58.54,3.332,219.4000812,6.551,0.08,63.7,1523420.38
8,11,2011,0,49.68,3.332,221.2936581,6.123,0.08,63.7,947815.05
19,11,2011,0,44.97,3.738,136.475129,7.866,0.08,63.7,1480289.64
25,11,2011,0,44.81,3.53,210.9810201,7.082,0.08,63.7,719235.07
9,11,2011,0,58.28,3.297,221.6482278,6.054,0.08,63.7,594574.12
5,11,2011,0,60.71,3.297,218.5699621,6.3,0.08,63.7,311906.7
37,11,2011,0,63.5,3.297,216.7217373,7.716,0.08,63.7,501268.78
24,11,2011,0,46.78,3.719,136.4618065,8.454,0.08,63.7,1425078.59
40,11,2011,0,40.75,3.57,136.4618065,4.42,0.08,63.7,1037687.07
8,11,2011,0,50.56,3.297,221.4595129,6.123,0.08,63.7,917088.48
7,11,2011,0,19.53,3.505,195.6376941,8.513,0.08,63.7,556015.59
1,11,2011,0,59.11,3.297,217.9980849,7.866,0.08,63.7,1594938.89
16,11,2011,0,29.56,3.505,195.6376941,6.232,0.08,63.7,513181.31
14,11,2011,0,47.65,3.53,188.0632345,8.523,0.08,63.7,2081534.65
41,11,2011,0,32.87,3.505,195.6376941,6.759,0.08,63.7,1302499.23
36,11,2011,0,63.5,3.254,216.7217373,7.716,0.08,63.7,328498.92
22,11,2011,0,47.8,3.57,140.4111613,7.706,0.08,63.7,1051740.29
35,11,2011,0,49.69,3.53,140.4111613,8.745,0.08,63.7,880576.33
42,11,2011,0,55.28,3.677,129.8167097,7.874,0.08,63.7,643125.29
29,11,2011,0,47.8,3.57,136.4618065,9.357,0.08,63.7,531600.62
26,11,2011,0,40.08,3.57,136.4618065,7.598,0.08,63.7,1077640.13
32,11,2011,0,38.1,3.505,195.6376941,8.513,0.08,63.7,1182733.0
33,11,2011,0,58.75,3.677,129.8167097,8.01,0.08,63.7,271961.04
43,11,2011,0,51.26,3.297,209.6632811,10.148,0.08,63.7,615975.5
31,11,2011,0,59.8,3.297,217.6455387,7.441,0.08,63.7,1444783.64
6,11,2011,0,61.33,3.297,219.5631135,6.551,0.08,63.7,1536176.54
17,11,2011,0,27.61,3.513,129.8167097,6.617,0.08,63.7,914759.2
12,11,2011,0,48.76,3.824,129.8167097,12.89,0.08,63.7,1095091.53
39,11,2011,0,63.11,3.297,216.7217373,7.716,0.08,63.7,1456957.38
28,11,2011,0,48.76,3.824,129.8167097,12.89,0.08,63.7,1402654.95
13,11,2011,0,33.8,3.513,129.8167097,6.392,0.08,63.7,2111592.09
11,11,2011,0,64.2,3.297,221.4117517,7.197,0.08,63.7,1366053.69
20,11,2011,0,47.27,3.53,210.9810201,7.082,0.08,63.7,2269975.85
27,11,2011,0,49.69,3.719,140.4111613,7.906,0.08,63.7,1800728.07
34,11,2011,0,41.04,3.286,129.8167097,10.148,0.08,63.7,991570.02
30,11,2011,0,59.8,3.297,217.6455387,7.441,0.08,63.7,409686.63
4,11,2011,0,47.12,3.286,129.8167097,5.143,0.08,63.7,2203028.96
10,11,2011,0,55.28,3.677,129.8167097,7.874,0.08,63.7,2076570.84
38,11,2011,0,48.76,3.824,129.8167097,12.89,0.08,63.7,411116.95
23,11,2011,0,44.04,3.57,136.4618065,4.42,0.08,63.7,1436940.78
18,11,2011,0,45.69,3.57,136.4618065,8.471,0.08,63.7,1079931.63
2,11,2011,0,59.33,3.297,217.6455387,7.441,0.08,63.7,1920725.15
3,11,2011,0,61.7,3.297,221.4117517,7.197,0.08,63.7,407764.25
19,11,2011,0,48.22,3.719,136.4618065,7.866,0.08,63.7,1502078.93
15,11,2011,0,47.13,3.719,136.4618065,7.866,0.08,63.7,618949.82
21,11,2011,0,59.8,3.297,217.6455387,7.441,0.08,63.7,757369.87
44,11,2011,0,33.8,3.513,129.8167097,6.078,0.08,63.7,312233.56
45,11,2011,0,47.65,3.53,188.0632345,8.523,0.08,63.7,808624.82
14,11,2011,0,51.34,3.53,188.1983654,8.523,0.08,63.7,1969360.72
22,11,2011,0,50.62,3.571,140.4127857,7.706,0.08,63.7,1007579.44
27,11,2011,0,51.42,3.717,140.4127857,7.906,0.08,63.7,1723739.44
23,11,2011,0,45.48,3.571,136.4666667,4.42,0.08,63.7,1345631.96
4,11,2011,0,50.44,3.294,129.8268333,5.143,0.08,63.7,2243946.59
41,11,2011,0,36.64,3.479,195.7184713,6.759,0.08,63.7,1230118.02
6,11,2011,0,63.89,3.308,219.7897137,6.551,0.08,63.7,1524390.07
43,11,2011,0,57.75,3.308,209.8651071,10.148,0.08,63.7,628115.61
45,11,2011,0,51.34,3.53,188.1983654,8.523,0.08,63.7,773603.77
37,11,2011,0,66.28,3.308,216.9395861,7.716,0.08,63.7,527495.09
29,11,2011,0,50.62,3.571,136.4666667,9.357,0.08,63.7,504601.29
17,11,2011,0,32.93,3.489,129.8268333,6.617,0.08,63.7,877724.31
31,11,2011,0,61.9,3.308,217.8670218,7.441,0.08,63.7,1445174.79
20,11,2011,0,49.3,3.53,211.1847207,7.082,0.08,63.7,2169933.82
3,11,2011,0,63.91,3.308,221.6432852,7.197,0.08,63.7,398838.97
9,11,2011,0,58.8,3.308,221.8803923,6.054,0.08,63.7,542414.27
34,11,2011,0,46.0,3.294,129.8268333,10.148,0.08,63.7,947552.44
30,11,2011,0,61.9,3.308,217.8670218,7.441,0.08,63.7,436462.63
16,11,2011,0,31.73,3.479,195.7184713,6.232,0.08,63.7,480353.64
12,11,2011,0,54.2,3.813,129.8268333,12.89,0.08,63.7,970641.34
2,11,2011,0,62.01,3.308,217.8670218,7.441,0.08,63.7,1902762.5
18,11,2011,0,47.88,3.571,136.4666667,8.471,0.08,63.7,1056992.18
15,11,2011,0,46.53,3.717,136.4666667,7.866,0.08,63.7,597856.51
44,11,2011,0,40.65,3.489,129.8268333,6.078,0.08,63.7,310531.04
21,11,2011,0,61.9,3.308,217.8670218,7.441,0.08,63.7,737014.09
19,11,2011,0,48.21,3.717,136.4666667,7.866,0.08,63.7,1411835.57
11,11,2011,0,66.17,3.308,221.6432852,7.197,0.08,63.7,1315091.63
35,11,2011,0,51.42,3.53,140.4127857,8.745,0.08,63.7,820964.1
5,11,2011,0,64.33,3.308,218.793912,6.3,0.08,63.7,307944.37
24,11,2011,0,48.17,3.717,136.4666667,8.454,0.08,63.7,1297535.69
40,11,2011,0,41.85,3.571,136.4666667,4.42,0.08,63.7,905399.99
38,11,2011,0,54.2,3.813,129.8268333,12.89,0.08,63.7,392003.13
28,11,2011,0,54.2,3.813,129.8268333,12.89,0.08,63.7,1255081.22
7,11,2011,0,29.53,3.479,195.7184713,8.513,0.08,63.7,539826.56
1,11,2011,0,62.25,3.308,218.2205088,7.866,0.08,63.7,1539483.7
36,11,2011,0,66.28,3.26,216.9395861,7.716,0.08,63.7,332901.94
42,11,2011,0,58.97,3.669,129.8268333,7.874,0.08,63.7,567673.87
39,11,2011,0,66.09,3.308,216.9395861,7.716,0.08,63.7,1510397.27
32,11,2011,0,42.61,3.479,195.7184713,8.513,0.08,63.7,1181651.55
33,11,2011,0,63.35,3.669,129.8268333,8.01,0.08,63.7,251294.5
25,11,2011,0,46.41,3.53,211.1847207,7.082,0.08,63.7,728525.6
26,11,2011,0,37.78,3.571,136.4666667,7.598,0.08,63.7,946091.79
8,11,2011,0,51.72,3.308,221.6911738,6.123,0.08,63.7,897032.19
13,11,2011,0,40.65,3.489,129.8268333,6.392,0.08,63.7,2016323.51
10,11,2011,0,58.97,3.669,129.8268333,7.874,0.08,63.7,1869087.85
23,11,2011,1,35.23,3.536,136.4788,4.42,0.08,63.7,2057059.53
6,11,2011,1,62.78,3.236,220.0417412,6.551,0.08,63.7,2249811.55
15,11,2011,1,41.1,3.689,136.4788,7.866,0.08,63.7,1066478.1
19,11,2011,1,42.75,3.689,136.4788,7.866,0.08,63.7,1974646.78
37,11,2011,1,66.41,3.236,217.1812533,7.716,0.08,63.7,522554.04
31,11,2011,1,56.43,3.236,218.1130269,7.441,0.08,63.7,1934099.65
42,11,2011,1,60.68,3.76,129.8364,7.874,0.08,63.7,577698.37
34,11,2011,1,45.99,3.225,129.8364,10.148,0.08,63.7,1345595.82
8,11,2011,1,49.61,3.236,221.9491571,6.123,0.08,63.7,1235163.86
38,11,2011,1,53.25,3.622,129.8364,12.89,0.08,63.7,393715.71
26,11,2011,1,31.07,3.536,136.4788,7.598,0.08,63.7,1282320.05
16,11,2011,1,31.39,3.424,195.7704,6.232,0.08,63.7,712422.4
13,11,2011,1,38.89,3.445,129.8364,6.392,0.08,63.7,2864170.61
24,11,2011,1,41.83,3.689,136.4788,8.454,0.08,63.7,1761235.67
30,11,2011,1,56.43,3.236,218.1130269,7.441,0.08,63.7,452163.93
21,11,2011,1,56.43,3.236,218.1130269,7.441,0.08,63.7,1219263.4
4,11,2011,1,47.96,3.225,129.8364,5.143,0.08,63.7,3004702.33
5,11,2011,1,61.93,3.236,219.0428204,6.3,0.08,63.7,507900.07
40,11,2011,1,32.76,3.536,136.4788,4.42,0.08,63.7,1230011.95
7,11,2011,1,27.6,3.424,195.7704,8.513,0.08,63.7,949075.87
36,11,2011,1,66.41,3.181,217.1812533,7.716,0.08,63.7,332811.55
18,11,2011,1,41.97,3.536,136.4788,8.471,0.08,63.7,1624170.99
33,11,2011,1,62.35,3.76,129.8364,8.01,0.08,63.7,255996.47
44,11,2011,1,38.89,3.445,129.8364,6.078,0.08,63.7,309129.01
32,11,2011,1,40.22,3.424,195.7704,8.513,0.08,63.7,1684468.66
25,11,2011,1,43.49,3.492,211.4120757,7.082,0.08,63.7,1116211.39
11,11,2011,1,70.03,3.236,221.9011185,7.197,0.08,63.7,1848953.48
2,11,2011,1,56.36,3.236,218.1130269,7.441,0.08,63.7,2614202.3
35,11,2011,1,47.88,3.492,140.4217857,8.745,0.08,63.7,1733822.4
43,11,2011,1,55.7,3.236,210.0888571,10.148,0.08,63.7,669965.22
22,11,2011,1,46.28,3.536,140.4217857,7.706,0.08,63.7,1535857.49
45,11,2011,1,48.71,3.492,188.3504,8.523,0.08,63.7,1170672.94
27,11,2011,1,47.88,3.689,140.4217857,7.906,0.08,63.7,2504400.71
20,11,2011,1,46.38,3.492,211.4120757,7.082,0.08,63.7,2906233.25
10,11,2011,1,60.68,3.76,129.8364,7.874,0.08,63.7,2950198.64
3,11,2011,1,68.0,3.236,221.9011185,7.197,0.08,63.7,556925.19
41,11,2011,1,36.37,3.424,195.7704,6.759,0.08,63.7,1906713.35
9,11,2011,1,54.32,3.236,222.1389683,6.054,0.08,63.7,814753.5
28,11,2011,1,53.25,3.622,129.8364,12.89,0.08,63.7,1929738.27
1,11,2011,1,60.14,3.236,218.4676211,7.866,0.08,63.7,2033320.66
29,11,2011,1,46.28,3.536,136.4788,9.357,0.08,63.7,913165.19
14,11,2011,1,48.71,3.492,188.3504,8.523,0.08,63.7,2685351.81
17,11,2011,1,32.81,3.445,129.8364,6.617,0.08,63.7,1225700.28
39,11,2011,1,66.36,3.236,217.1812533,7.716,0.08,63.7,2338832.4
12,11,2011,1,53.25,3.622,129.8364,12.89,0.08,63.7,1591920.42
44,12,2011,0,33.94,3.389,129.8459667,6.078,0.07,69.9,284309.34
45,12,2011,0,50.19,3.452,188.5024346,8.523,0.07,69.9,875699.81
15,12,2011,0,45.67,3.666,136.4909333,7.866,0.07,69.9,699028.66
8,12,2011,0,40.82,3.172,222.2071405,6.123,0.07,69.9,986601.46
35,12,2011,0,50.55,3.452,140.4307857,8.745,0.07,69.9,903606.03
1,12,2011,0,48.91,3.172,218.7147333,7.866,0.07,69.9,1584083.95
22,12,2011,0,49.11,3.501,140.4307857,7.706,0.07,69.9,1167621.14
24,12,2011,0,47.21,3.666,136.4909333,8.454,0.07,69.9,1335647.1
33,12,2011,0,59.12,3.701,129.8459667,8.01,0.07,69.9,220060.35
21,12,2011,0,48.72,3.172,218.3590319,7.441,0.07,69.9,793184.25
34,12,2011,0,39.75,3.176,129.8459667,10.148,0.07,69.9,988742.08
23,12,2011,0,43.6,3.501,136.4909333,4.42,0.07,69.9,1552886.59
3,12,2011,0,54.97,3.172,222.1589519,7.197,0.07,69.9,472511.32
9,12,2011,0,46.84,3.172,222.3975443,6.054,0.07,69.9,613115.21
14,12,2011,0,50.19,3.452,188.5024346,8.523,0.07,69.9,2143080.57
37,12,2011,0,53.57,3.172,217.4229206,7.716,0.07,69.9,527117.81
31,12,2011,0,48.72,3.172,218.3590319,7.441,0.07,69.9,1388809.43
43,12,2011,0,47.49,3.172,210.3126071,10.148,0.07,69.9,585028.26
13,12,2011,0,33.94,3.389,129.8459667,6.392,0.07,69.9,2051315.66
25,12,2011,0,42.85,3.452,211.6394306,7.082,0.07,69.9,878314.57
42,12,2011,0,57.29,3.701,129.8459667,7.874,0.07,69.9,511883.36
32,12,2011,0,33.8,3.378,195.8223287,8.513,0.07,69.9,1179773.88
36,12,2011,0,53.57,3.164,217.4229206,7.716,0.07,69.9,293350.51
2,12,2011,0,48.74,3.172,218.3590319,7.441,0.07,69.9,1954952.0
12,12,2011,0,52.5,3.701,129.8459667,12.89,0.07,69.9,1071383.1
11,12,2011,0,56.89,3.172,222.1589519,7.197,0.07,69.9,1399322.44
10,12,2011,0,57.29,3.701,129.8459667,7.874,0.07,69.9,2068097.18
26,12,2011,0,36.74,3.501,136.4909333,7.598,0.07,69.9,1012498.49
4,12,2011,0,38.71,3.176,129.8459667,5.143,0.07,69.9,2180999.26
20,12,2011,0,46.32,3.452,211.6394306,7.082,0.07,69.9,2298776.83
5,12,2011,0,51.14,3.172,219.2917287,6.3,0.07,69.9,376225.61
39,12,2011,0,53.14,3.172,217.4229206,7.716,0.07,69.9,1632894.58
40,12,2011,0,38.51,3.501,136.4909333,4.42,0.07,69.9,1059676.62
17,12,2011,0,26.47,3.389,129.8459667,6.617,0.07,69.9,945267.68
6,12,2011,0,51.18,3.172,220.2937686,6.551,0.07,69.9,1688531.34
27,12,2011,0,50.55,3.666,140.4307857,7.906,0.07,69.9,1806924.74
18,12,2011,0,46.25,3.501,136.4909333,8.471,0.07,69.9,1188047.61
7,12,2011,0,20.38,3.378,195.8223287,8.513,0.07,69.9,591907.88
30,12,2011,0,48.72,3.172,218.3590319,7.441,0.07,69.9,412385.75
41,12,2011,0,34.53,3.378,195.8223287,6.759,0.07,69.9,1292436.23
19,12,2011,0,45.67,3.666,136.4909333,7.866,0.07,69.9,1484708.38
38,12,2011,0,52.5,3.701,129.8459667,12.89,0.07,69.9,411252.02
28,12,2011,0,52.5,3.701,129.8459667,12.89,0.07,69.9,1368130.35
29,12,2011,0,49.11,3.501,136.4909333,9.357,0.07,69.9,579874.22
16,12,2011,0,27.83,3.378,195.8223287,6.232,0.07,69.9,530492.84
17,12,2011,0,17.56,3.341,129.8555333,6.617,0.07,69.9,976522.93
40,12,2011,0,34.48,3.47,136.5030667,4.42,0.07,69.9,1158708.98
42,12,2011,0,42.58,3.644,129.8555333,7.874,0.07,69.9,619133.48
20,12,2011,0,41.64,3.415,211.8667856,7.082,0.07,69.9,2546123.78
33,12,2011,0,47.7,3.644,129.8555333,8.01,0.07,69.9,270373.05
32,12,2011,0,17.94,3.331,195.8742575,8.513,0.07,69.9,1415746.91
24,12,2011,0,42.3,3.627,136.5030667,8.454,0.07,69.9,1529615.54
5,12,2011,0,44.12,3.158,219.540637,6.3,0.07,69.9,367433.77
21,12,2011,0,41.44,3.158,218.605037,7.441,0.07,69.9,897747.13
11,12,2011,0,50.63,3.158,222.4167852,7.197,0.07,69.9,1646655.94
1,12,2011,0,43.93,3.158,218.9618456,7.866,0.07,69.9,1799682.38
16,12,2011,0,14.44,3.331,195.8742575,6.232,0.07,69.9,574798.86
2,12,2011,0,41.76,3.158,218.605037,7.441,0.07,69.9,2290549.32
36,12,2011,0,50.64,3.147,217.6645878,7.716,0.07,69.9,312298.37
3,12,2011,0,49.26,3.158,222.4167852,7.197,0.07,69.9,468772.8
22,12,2011,0,45.35,3.47,140.4397857,7.706,0.07,69.9,1308967.44
31,12,2011,0,41.44,3.158,218.605037,7.441,0.07,69.9,1556798.94
28,12,2011,0,42.17,3.644,129.8555333,12.89,0.07,69.9,1467024.3
7,12,2011,0,11.17,3.331,195.8742575,8.513,0.07,69.9,653845.45
26,12,2011,0,34.24,3.47,136.5030667,7.598,0.07,69.9,1148987.46
12,12,2011,0,42.17,3.644,129.8555333,12.89,0.07,69.9,1189646.45
9,12,2011,0,37.65,3.158,222.6561203,6.054,0.07,69.9,630327.28
44,12,2011,0,24.82,3.341,129.8555333,6.078,0.07,69.9,304300.91
43,12,2011,0,34.23,3.158,210.5363571,10.148,0.07,69.9,617898.07
4,12,2011,0,31.64,3.153,129.8555333,5.143,0.07,69.9,2508955.24
41,12,2011,0,17.05,3.331,195.8742575,6.759,0.07,69.9,1548661.45
18,12,2011,0,42.36,3.47,136.5030667,8.471,0.07,69.9,1368471.23
14,12,2011,0,46.57,3.415,188.6544692,8.523,0.07,69.9,2470581.29
34,12,2011,0,24.69,3.153,129.8555333,10.148,0.07,69.9,1084243.91
6,12,2011,0,43.64,3.158,220.5457961,6.551,0.07,69.9,1903385.14
37,12,2011,0,50.64,3.158,217.6645878,7.716,0.07,69.9,537224.52
30,12,2011,0,41.44,3.158,218.605037,7.441,0.07,69.9,436741.02
8,12,2011,0,30.51,3.158,222.4651238,6.123,0.07,69.9,1051922.95
39,12,2011,0,49.36,3.158,217.6645878,7.716,0.07,69.9,1781528.77
29,12,2011,0,45.35,3.47,136.5030667,9.357,0.07,69.9,633240.53
10,12,2011,0,42.58,3.644,129.8555333,7.874,0.07,69.9,2429310.9
23,12,2011,0,36.4,3.47,136.5030667,4.42,0.07,69.9,1841173.6
35,12,2011,0,46.28,3.415,140.4397857,8.745,0.07,69.9,948964.99
45,12,2011,0,46.57,3.415,188.6544692,8.523,0.07,69.9,957155.31
25,12,2011,0,38.69,3.415,211.8667856,7.082,0.07,69.9,916446.02
38,12,2011,0,42.17,3.644,129.8555333,12.89,0.07,69.9,435401.64
13,12,2011,0,24.82,3.341,129.8555333,6.392,0.07,69.9,2462779.06
19,12,2011,0,40.18,3.627,136.5030667,7.866,0.07,69.9,1713769.06
15,12,2011,0,38.53,3.627,136.5030667,7.866,0.07,69.9,764565.55
27,12,2011,0,46.28,3.627,140.4397857,7.906,0.07,69.9,2014665.98
30,12,2011,0,50.56,3.159,218.8217928,7.441,0.07,69.9,441265.08
18,12,2011,0,35.52,3.445,136.5335161,8.471,0.07,69.9,1516924.23
35,12,2011,0,40.68,3.413,140.4700795,8.745,0.07,69.9,1115255.65
44,12,2011,0,27.85,3.282,129.8980645,6.078,0.07,69.9,311144.16
21,12,2011,0,50.56,3.159,218.8217928,7.441,0.07,69.9,1027584.51
33,12,2011,0,53.18,3.489,129.8980645,8.01,0.07,69.9,259638.35
31,12,2011,0,50.56,3.159,218.8217928,7.441,0.07,69.9,1611196.61
37,12,2011,0,58.31,3.159,217.8781339,7.716,0.07,69.9,533905.67
20,12,2011,0,37.16,3.413,212.0685039,7.082,0.07,69.9,2762816.65
24,12,2011,0,36.0,3.611,136.5335161,8.454,0.07,69.9,1624994.43
5,12,2011,0,54.42,3.159,219.7596266,6.3,0.07,69.9,379530.3
13,12,2011,0,27.85,3.282,129.8980645,6.392,0.07,69.9,2760346.71
10,12,2011,0,50.53,3.489,129.8980645,7.874,0.07,69.9,2555031.18
39,12,2011,0,58.58,3.159,217.8781339,7.716,0.07,69.9,1991824.05
27,12,2011,0,40.68,3.611,140.4700795,7.906,0.07,69.9,2205919.86
36,12,2011,0,58.31,3.133,217.8781339,7.716,0.07,69.9,341503.92
29,12,2011,0,39.11,3.445,136.5335161,9.357,0.07,69.9,736805.66
38,12,2011,0,43.29,3.6,129.8980645,12.89,0.07,69.9,404283.84
15,12,2011,0,35.49,3.611,136.5335161,7.866,0.07,69.9,870415.49
45,12,2011,0,39.93,3.413,188.7979349,8.523,0.07,69.9,1078905.68
25,12,2011,0,33.09,3.413,212.0685039,7.082,0.07,69.9,997502.47
23,12,2011,0,32.99,3.445,136.5335161,4.42,0.07,69.9,2173621.2
43,12,2011,0,43.78,3.159,210.7365392,10.148,0.07,69.9,665007.08
7,12,2011,0,15.2,3.266,195.9841685,8.513,0.07,69.9,720242.19
8,12,2011,0,39.79,3.159,222.6910959,6.123,0.07,69.9,1118163.94
14,12,2011,0,39.93,3.413,188.7979349,8.523,0.07,69.9,2594363.09
6,12,2011,0,53.27,3.159,220.7671856,6.551,0.07,69.9,2034695.56
34,12,2011,0,32.31,3.149,129.8980645,10.148,0.07,69.9,1151052.86
11,12,2011,0,59.69,3.159,222.6426418,7.197,0.07,69.9,1783910.06
4,12,2011,0,36.44,3.149,129.8980645,5.143,0.07,69.9,2771397.17
41,12,2011,0,25.01,3.266,195.9841685,6.759,0.07,69.9,1682368.32
19,12,2011,0,37.07,3.611,136.5335161,7.866,0.07,69.9,1852179.15
17,12,2011,0,21.07,3.282,129.8980645,6.617,0.07,69.9,1067754.06
9,12,2011,0,47.31,3.159,222.8825484,6.054,0.07,69.9,705557.97
2,12,2011,0,50.13,3.159,218.8217928,7.441,0.07,69.9,2432736.52
16,12,2011,0,22.5,3.266,195.9841685,6.232,0.07,69.9,679481.9
40,12,2011,0,29.53,3.445,136.5335161,4.42,0.07,69.9,1198670.19
26,12,2011,0,28.24,3.445,136.5335161,7.598,0.07,69.9,1204807.83
28,12,2011,0,43.29,3.6,129.8980645,12.89,0.07,69.9,1429954.66
12,12,2011,0,43.29,3.6,129.8980645,12.89,0.07,69.9,1293404.18
3,12,2011,0,57.95,3.159,222.6426418,7.197,0.07,69.9,510747.62
22,12,2011,0,39.11,3.445,140.4700795,7.706,0.07,69.9,1453153.33
32,12,2011,0,26.23,3.266,195.9841685,8.513,0.07,69.9,1556017.91
42,12,2011,0,50.53,3.489,129.8980645,7.874,0.07,69.9,598437.98
1,12,2011,0,51.63,3.159,219.1794533,7.866,0.07,69.9,1881176.67
30,12,2011,0,46.54,3.112,218.9995495,7.441,0.07,69.9,492022.68
7,12,2011,0,12.19,3.173,196.1713893,8.513,0.07,69.9,1059715.27
3,12,2011,0,53.41,3.112,222.8258628,7.197,0.07,69.9,551221.21
14,12,2011,0,42.27,3.389,188.9299752,8.523,0.07,69.9,3369068.99
2,12,2011,0,46.66,3.112,218.9995495,7.441,0.07,69.9,3224369.8
43,12,2011,0,42.63,3.112,210.9052972,10.148,0.07,69.9,676290.46
25,12,2011,0,36.56,3.389,212.2360401,7.082,0.07,69.9,1290532.97
16,12,2011,0,20.79,3.173,196.1713893,6.232,0.07,69.9,950691.96
9,12,2011,0,44.43,3.112,223.0661125,6.054,0.07,69.9,905324.68
21,12,2011,0,46.54,3.112,218.9995495,7.441,0.07,69.9,1384552.17
20,12,2011,0,40.19,3.389,212.2360401,7.082,0.07,69.9,3555371.03
27,12,2011,0,41.59,3.587,140.528765,7.906,0.07,69.9,2739019.75
36,12,2011,0,55.41,3.098,218.0541851,7.716,0.07,69.9,325262.46
32,12,2011,0,25.97,3.173,196.1713893,8.513,0.07,69.9,1959526.96
5,12,2011,0,50.33,3.112,219.9387246,6.3,0.07,69.9,458562.24
18,12,2011,0,35.78,3.413,136.5883871,8.471,0.07,69.9,1882393.4
26,12,2011,0,22.53,3.413,136.5883871,7.598,0.07,69.9,1515175.01
28,12,2011,0,45.4,3.541,129.9845484,12.89,0.07,69.9,1796203.51
22,12,2011,0,39.83,3.413,140.528765,7.706,0.07,69.9,1863195.68
12,12,2011,0,45.4,3.541,129.9845484,12.89,0.07,69.9,1617612.03
40,12,2011,0,24.46,3.413,136.5883871,4.42,0.07,69.9,1601585.7
42,12,2011,0,48.36,3.541,129.9845484,7.874,0.07,69.9,575676.13
17,12,2011,0,18.76,3.186,129.9845484,6.617,0.07,69.9,1289156.9
38,12,2011,0,45.4,3.541,129.9845484,12.89,0.07,69.9,419717.41
15,12,2011,0,34.93,3.587,136.5883871,7.866,0.07,69.9,1182691.87
45,12,2011,0,42.27,3.389,188.9299752,8.523,0.07,69.9,1521957.99
23,12,2011,0,27.8,3.413,136.5883871,4.42,0.07,69.9,2587953.32
8,12,2011,0,38.16,3.112,222.8743862,6.123,0.07,69.9,1462254.05
19,12,2011,0,36.09,3.587,136.5883871,7.866,0.07,69.9,2480159.47
6,12,2011,0,49.45,3.112,220.9477245,6.551,0.07,69.9,2644633.02
34,12,2011,0,32.45,3.103,129.9845484,10.148,0.07,69.9,1593655.96
11,12,2011,0,54.29,3.112,222.8258628,7.197,0.07,69.9,2213518.5
4,12,2011,0,35.92,3.103,129.9845484,5.143,0.07,69.9,3676388.98
29,12,2011,0,39.83,3.413,136.5883871,9.357,0.07,69.9,1016637.39
35,12,2011,0,41.59,3.389,140.528765,8.745,0.07,69.9,1550214.02
1,12,2011,0,47.96,3.112,219.3577216,7.866,0.07,69.9,2270188.99
44,12,2011,0,24.76,3.186,129.9845484,6.078,0.07,69.9,376233.89
33,12,2011,0,53.39,3.541,129.9845484,8.01,0.07,69.9,256235.19
24,12,2011,0,36.93,3.587,136.5883871,8.454,0.07,69.9,2168344.23
39,12,2011,0,54.62,3.112,218.0541851,7.716,0.07,69.9,2554482.84
13,12,2011,0,24.76,3.186,129.9845484,6.392,0.07,69.9,3556766.03
41,12,2011,0,25.59,3.173,196.1713893,6.759,0.07,69.9,2263722.68
37,12,2011,0,55.41,3.112,218.0541851,7.716,0.07,69.9,605791.46
10,12,2011,0,48.36,3.541,129.9845484,7.874,0.07,69.9,3487986.89
31,12,2011,0,46.54,3.112,218.9995495,7.441,0.07,69.9,2026176.14
34,12,2011,1,28.84,3.119,130.0710323,10.148,0.07,69.9,965512.36
11,12,2011,1,48.86,3.129,223.0090839,7.197,0.07,69.9,1352084.21
39,12,2011,1,47.6,3.129,218.2302364,7.716,0.07,69.9,1537139.56
6,12,2011,1,46.8,3.129,221.1282634,6.551,0.07,69.9,1598080.52
44,12,2011,1,31.53,3.119,130.0710323,6.078,0.07,69.9,263917.85
43,12,2011,1,41.83,3.129,211.0740553,10.148,0.07,69.9,505405.85
25,12,2011,1,32.42,3.389,212.4035763,7.082,0.07,69.9,683665.37
23,12,2011,1,22.3,3.402,136.6432581,4.42,0.07,69.9,1213486.95
45,12,2011,1,37.79,3.389,189.0620155,8.523,0.07,69.9,869403.63
24,12,2011,1,33.45,3.566,136.6432581,8.454,0.07,69.9,1363973.16
13,12,2011,1,31.53,3.119,130.0710323,6.392,0.07,69.9,1969056.91
10,12,2011,1,48.92,3.428,130.0710323,7.874,0.07,69.9,1930690.37
2,12,2011,1,44.57,3.129,219.1773063,7.441,0.07,69.9,1874226.52
35,12,2011,1,37.85,3.389,140.5874505,8.745,0.07,69.9,904650.55
7,12,2011,1,15.56,3.119,196.3586101,8.513,0.07,69.9,815915.52
5,12,2011,1,45.62,3.129,220.1178226,6.3,0.07,69.9,349624.88
28,12,2011,1,44.64,3.428,130.0710323,12.89,0.07,69.9,1270036.53
33,12,2011,1,51.6,3.428,130.0710323,8.01,0.07,69.9,215359.21
22,12,2011,1,36.28,3.402,140.5874505,7.706,0.07,69.9,982661.14
1,12,2011,1,44.55,3.129,219.5359898,7.866,0.07,69.9,1497462.72
18,12,2011,1,32.36,3.402,136.6432581,8.471,0.07,69.9,1010562.49
36,12,2011,1,48.26,3.132,218.2302364,7.716,0.07,69.9,287425.22
9,12,2011,1,43.41,3.129,223.2496766,6.054,0.07,69.9,549788.36
32,12,2011,1,32.99,3.119,196.3586101,8.513,0.07,69.9,1102367.65
12,12,2011,1,44.64,3.428,130.0710323,12.89,0.07,69.9,1111638.07
40,12,2011,1,18.75,3.402,136.6432581,4.42,0.07,69.9,908853.15
16,12,2011,1,23.91,3.119,196.3586101,6.232,0.07,69.9,665861.06
29,12,2011,1,36.28,3.402,136.6432581,9.357,0.07,69.9,551743.05
21,12,2011,1,45.16,3.129,219.1773063,7.441,0.07,69.9,804362.36
17,12,2011,1,26.73,3.119,130.0710323,6.617,0.07,69.9,777207.3
41,12,2011,1,34.12,3.119,196.3586101,6.759,0.07,69.9,1264014.16
4,12,2011,1,36.89,3.119,130.0710323,5.143,0.07,69.9,2007105.86
8,12,2011,1,36.33,3.129,223.0576765,6.123,0.07,69.9,858572.22
30,12,2011,1,45.16,3.129,219.1773063,7.441,0.07,69.9,376777.45
20,12,2011,1,36.35,3.389,212.4035763,7.082,0.07,69.9,2043245.0
38,12,2011,1,44.64,3.428,130.0710323,12.89,0.07,69.9,342667.35
37,12,2011,1,48.26,3.129,218.2302364,7.716,0.07,69.9,451327.61
27,12,2011,1,37.85,3.566,140.5874505,7.906,0.07,69.9,1650604.6
31,12,2011,1,45.16,3.129,219.1773063,7.441,0.07,69.9,1355405.95
26,12,2011,1,18.8,3.402,136.6432581,7.598,0.07,69.9,972834.42
42,12,2011,1,48.92,3.428,130.0710323,7.874,0.07,69.9,454412.28
14,12,2011,1,37.79,3.389,189.0620155,8.523,0.07,69.9,1914148.89
3,12,2011,1,48.29,3.129,223.0090839,7.197,0.07,69.9,410553.88
15,12,2011,1,31.44,3.566,136.6432581,7.866,0.07,69.9,603460.79
19,12,2011,1,31.65,3.566,136.6432581,7.866,0.07,69.9,1405168.06
18,1,2012,0,31.27,3.439,136.698129,8.075,0.08,75.0,977286.07
40,1,2012,0,23.29,3.439,136.698129,4.261,0.08,75.0,954576.86
37,1,2012,0,57.18,3.157,218.4062876,7.244,0.08,75.0,558343.57
12,1,2012,0,50.43,3.599,130.1575161,12.187,0.08,75.0,945823.65
23,1,2012,0,24.29,3.439,136.698129,4.261,0.08,75.0,1150662.55
9,1,2012,0,47.54,3.157,223.4332408,5.667,0.08,75.0,519585.67
42,1,2012,0,59.85,3.443,130.1575161,7.545,0.08,75.0,636372.37
15,1,2012,0,30.24,3.585,136.698129,7.943,0.08,75.0,516087.65
13,1,2012,0,33.8,3.08,130.1575161,6.104,0.08,75.0,1865752.78
32,1,2012,0,36.75,3.095,196.5458309,8.256,0.08,75.0,1099937.25
39,1,2012,0,55.83,3.157,218.4062876,7.244,0.08,75.0,1478537.93
6,1,2012,0,50.82,3.157,221.3088023,6.132,0.08,75.0,1395339.71
38,1,2012,0,50.43,3.599,130.1575161,12.187,0.08,75.0,478483.2
17,1,2012,0,27.64,3.08,130.1575161,6.403,0.08,75.0,1198104.22
36,1,2012,0,57.18,3.129,218.4062876,7.244,0.08,75.0,329467.82
21,1,2012,0,48.1,3.157,219.355063,7.057,0.08,75.0,640181.86
20,1,2012,0,33.42,3.422,212.5711125,6.961,0.08,75.0,1964701.94
27,1,2012,0,35.8,3.585,140.6461359,8.009,0.08,75.0,1535287.4
7,1,2012,0,18.67,3.095,196.5458309,8.256,0.08,75.0,713117.66
3,1,2012,0,52.42,3.157,223.1923049,6.833,0.08,75.0,398178.21
45,1,2012,0,35.88,3.422,189.1940558,8.424,0.08,75.0,714081.05
5,1,2012,0,50.21,3.157,220.2969205,5.943,0.08,75.0,312078.71
30,1,2012,0,48.1,3.157,219.355063,7.057,0.08,75.0,457030.86
2,1,2012,0,46.75,3.157,219.355063,7.057,0.08,75.0,1799520.14
4,1,2012,0,38.64,3.158,130.1575161,4.607,0.08,75.0,2047766.07
25,1,2012,0,30.23,3.422,212.5711125,6.961,0.08,75.0,636419.12
28,1,2012,0,50.43,3.599,130.1575161,12.187,0.08,75.0,1466046.07
29,1,2012,0,34.61,3.439,136.698129,8.988,0.08,75.0,469773.85
33,1,2012,0,60.92,3.443,130.1575161,7.603,0.08,75.0,267058.08
1,1,2012,0,49.01,3.157,219.7142581,7.348,0.08,75.0,1550369.92
41,1,2012,0,37.21,3.095,196.5458309,6.589,0.08,75.0,1208191.61
8,1,2012,0,43.47,3.157,223.2409668,5.825,0.08,75.0,872113.23
26,1,2012,0,22.94,3.439,136.698129,7.467,0.08,75.0,971557.62
24,1,2012,0,32.86,3.585,136.698129,8.659,0.08,75.0,1251581.89
43,1,2012,0,47.59,3.157,211.2428134,9.653,0.08,75.0,670993.01
11,1,2012,0,54.44,3.157,223.1923049,6.833,0.08,75.0,1283885.55
14,1,2012,0,35.88,3.422,189.1940558,8.424,0.08,75.0,1859144.96
31,1,2012,0,48.1,3.157,219.355063,7.057,0.08,75.0,1401232.52
10,1,2012,0,59.85,3.443,130.1575161,7.545,0.08,75.0,1683401.78
22,1,2012,0,34.61,3.439,140.6461359,7.503,0.08,75.0,895358.2
44,1,2012,0,33.8,3.08,130.1575161,5.774,0.08,75.0,325327.93
35,1,2012,0,35.8,3.422,140.6461359,8.744,0.08,75.0,671708.09
19,1,2012,0,31.84,3.585,136.698129,7.943,0.08,75.0,1266570.4
16,1,2012,0,26.49,3.095,196.5458309,6.162,0.08,75.0,564538.07
34,1,2012,0,36.39,3.158,130.1575161,9.653,0.08,75.0,953844.85
10,1,2012,0,51.0,3.477,130.244,7.545,0.08,75.0,1711562.73
20,1,2012,0,37.79,3.513,212.7386486,6.961,0.08,75.0,1911510.64
7,1,2012,0,7.46,3.077,196.7330517,8.256,0.08,75.0,593875.46
26,1,2012,0,25.55,3.523,136.753,7.467,0.08,75.0,836305.65
5,1,2012,0,48.86,3.261,220.4760185,5.943,0.08,75.0,291454.52
33,1,2012,0,54.61,3.477,130.244,7.603,0.08,75.0,279447.22
35,1,2012,0,41.3,3.513,140.7048214,8.744,0.08,75.0,625135.11
21,1,2012,0,45.0,3.261,219.5328198,7.057,0.08,75.0,631181.25
39,1,2012,0,54.66,3.261,218.5823389,7.244,0.08,75.0,1369125.37
28,1,2012,0,48.07,3.657,130.244,12.187,0.08,75.0,1161190.29
38,1,2012,0,48.07,3.657,130.244,12.187,0.08,75.0,423260.82
29,1,2012,0,39.0,3.523,136.753,8.988,0.08,75.0,444756.37
18,1,2012,0,35.25,3.523,136.753,8.075,0.08,75.0,890130.25
30,1,2012,0,45.0,3.261,219.5328198,7.057,0.08,75.0,447023.91
8,1,2012,0,36.46,3.261,223.4242571,5.825,0.08,75.0,817661.76
42,1,2012,0,51.0,3.477,130.244,7.545,0.08,75.0,664348.2
24,1,2012,0,36.5,3.666,136.753,8.659,0.08,75.0,1155594.2
37,1,2012,0,56.28,3.261,218.5823389,7.244,0.08,75.0,546221.4
40,1,2012,0,25.9,3.523,136.753,4.261,0.08,75.0,780607.52
22,1,2012,0,39.0,3.523,140.7048214,7.503,0.08,75.0,855437.57
13,1,2012,0,25.61,3.056,130.244,6.104,0.08,75.0,1794962.64
44,1,2012,0,25.61,3.056,130.244,5.774,0.08,75.0,312361.88
12,1,2012,0,48.07,3.657,130.244,12.187,0.08,75.0,865467.86
1,1,2012,0,48.53,3.261,219.8925263,7.348,0.08,75.0,1459601.17
31,1,2012,0,45.0,3.261,219.5328198,7.057,0.08,75.0,1377485.12
41,1,2012,0,27.49,3.077,196.7330517,6.589,0.08,75.0,1134767.28
2,1,2012,0,45.99,3.261,219.5328198,7.057,0.08,75.0,1744725.48
4,1,2012,0,34.41,3.263,130.244,4.607,0.08,75.0,1941676.61
6,1,2012,0,48.33,3.261,221.4893412,6.132,0.08,75.0,1344243.17
11,1,2012,0,53.1,3.261,223.3755259,6.833,0.08,75.0,1264736.59
23,1,2012,0,28.49,3.523,136.753,4.261,0.08,75.0,1031451.35
15,1,2012,0,36.26,3.666,136.753,7.943,0.08,75.0,454183.42
34,1,2012,0,33.99,3.263,130.244,9.653,0.08,75.0,913755.12
45,1,2012,0,41.18,3.513,189.3260962,8.424,0.08,75.0,676615.53
17,1,2012,0,20.28,3.056,130.244,6.403,0.08,75.0,873576.96
14,1,2012,0,41.18,3.513,189.3260962,8.424,0.08,75.0,1696248.27
19,1,2012,0,37.08,3.666,136.753,7.943,0.08,75.0,1182198.7
16,1,2012,0,19.55,3.077,196.7330517,6.162,0.08,75.0,508520.09
27,1,2012,0,41.3,3.666,140.7048214,8.009,0.08,75.0,1492399.13
3,1,2012,0,51.86,3.261,223.3755259,6.833,0.08,75.0,367438.62
9,1,2012,0,42.44,3.261,223.6168049,5.667,0.08,75.0,474964.6
32,1,2012,0,28.99,3.077,196.7330517,8.256,0.08,75.0,1071598.36
25,1,2012,0,34.6,3.513,212.7386486,6.961,0.08,75.0,614764.31
36,1,2012,0,56.28,3.254,218.5823389,7.244,0.08,75.0,325976.34
43,1,2012,0,43.68,3.261,211.4115714,9.653,0.08,75.0,663529.64
13,1,2012,0,32.71,3.047,130.2792258,6.104,0.08,75.0,1811606.21
4,1,2012,0,42.09,3.273,130.2792258,4.607,0.08,75.0,2005097.76
42,1,2012,0,54.51,3.66,130.2792258,7.545,0.08,75.0,579499.93
17,1,2012,0,27.26,3.047,130.2792258,6.403,0.08,75.0,809272.65
31,1,2012,0,52.21,3.268,219.6258417,7.057,0.08,75.0,1372504.9
29,1,2012,0,29.16,3.542,136.8564194,8.988,0.08,75.0,446863.31
32,1,2012,0,36.86,3.055,196.7796652,8.256,0.08,75.0,1080012.04
15,1,2012,0,21.39,3.705,136.8564194,7.943,0.08,75.0,492721.85
34,1,2012,0,39.28,3.273,130.2792258,9.653,0.08,75.0,910899.05
39,1,2012,0,58.04,3.268,218.6755292,7.244,0.08,75.0,1394841.03
40,1,2012,0,14.02,3.542,136.8564194,4.261,0.08,75.0,811365.42
6,1,2012,0,55.37,3.268,221.5831306,6.132,0.08,75.0,1326255.7
16,1,2012,0,29.3,3.055,196.7796652,6.162,0.08,75.0,474389.75
8,1,2012,0,46.81,3.268,223.5188055,5.825,0.08,75.0,813954.82
19,1,2012,0,23.44,3.705,136.8564194,7.943,0.08,75.0,1237104.73
44,1,2012,0,32.71,3.047,130.2792258,5.774,0.08,75.0,316948.39
1,1,2012,0,54.11,3.268,219.9856893,7.348,0.08,75.0,1394393.84
25,1,2012,0,23.87,3.533,212.8336399,6.961,0.08,75.0,594744.89
24,1,2012,0,25.73,3.705,136.8564194,8.659,0.08,75.0,1151993.85
12,1,2012,0,46.2,3.66,130.2792258,12.187,0.08,75.0,855922.64
28,1,2012,0,46.2,3.66,130.2792258,12.187,0.08,75.0,1129540.48
37,1,2012,0,58.9,3.268,218.6755292,7.244,0.08,75.0,543894.07
2,1,2012,0,51.7,3.268,219.6258417,7.057,0.08,75.0,1711769.11
45,1,2012,0,31.85,3.533,189.4214733,8.424,0.08,75.0,700392.21
38,1,2012,0,46.2,3.66,130.2792258,12.187,0.08,75.0,405215.91
21,1,2012,0,52.21,3.268,219.6258417,7.057,0.08,75.0,651178.2
27,1,2012,0,30.35,3.705,140.8086118,8.009,0.08,75.0,1542131.05
22,1,2012,0,29.16,3.542,140.8086118,7.503,0.08,75.0,897027.44
20,1,2012,0,27.65,3.533,212.8336399,6.961,0.08,75.0,1892775.94
35,1,2012,0,30.35,3.533,140.8086118,8.744,0.08,75.0,669850.04
10,1,2012,0,54.51,3.66,130.2792258,7.545,0.08,75.0,1675562.94
11,1,2012,0,56.43,3.268,223.4700552,6.833,0.08,75.0,1207303.29
7,1,2012,0,27.41,3.055,196.7796652,8.256,0.08,75.0,578002.85
14,1,2012,0,31.85,3.533,189.4214733,8.424,0.08,75.0,1789113.32
3,1,2012,0,56.2,3.268,223.4700552,6.833,0.08,75.0,365818.61
5,1,2012,0,54.65,3.268,220.5694104,5.943,0.08,75.0,287523.98
43,1,2012,0,52.72,3.268,211.4997811,9.653,0.08,75.0,619225.65
18,1,2012,0,24.2,3.542,136.8564194,8.075,0.08,75.0,937522.77
26,1,2012,0,15.22,3.542,136.8564194,7.467,0.08,75.0,838751.5
9,1,2012,0,51.56,3.268,223.7114288,5.667,0.08,75.0,480130.04
30,1,2012,0,52.21,3.268,219.6258417,7.057,0.08,75.0,438760.62
41,1,2012,0,31.56,3.055,196.7796652,6.589,0.08,75.0,1116295.24
33,1,2012,0,55.99,3.66,130.2792258,7.603,0.08,75.0,244899.2
23,1,2012,0,15.33,3.542,136.8564194,4.261,0.08,75.0,1146992.13
36,1,2012,0,58.9,3.275,218.6755292,7.244,0.08,75.0,330927.21
41,1,2012,0,33.15,3.038,196.8262786,6.589,0.08,75.0,1079398.81
25,1,2012,0,32.24,3.567,212.9286312,6.961,0.08,75.0,589554.29
14,1,2012,0,37.93,3.567,189.5168505,8.424,0.08,75.0,1595362.27
43,1,2012,0,52.1,3.29,211.5879908,9.653,0.08,75.0,587685.38
7,1,2012,0,26.9,3.038,196.8262786,8.256,0.08,75.0,541037.98
6,1,2012,0,53.95,3.29,221.6769199,6.132,0.08,75.0,1315610.66
10,1,2012,0,53.59,3.675,130.3144516,7.545,0.08,75.0,1632406.0
28,1,2012,0,50.43,3.675,130.3144516,12.187,0.08,75.0,1132948.48
11,1,2012,0,58.36,3.29,223.5645845,6.833,0.08,75.0,1162675.85
29,1,2012,0,35.68,3.568,136.9598387,8.988,0.08,75.0,395987.24
34,1,2012,0,39.81,3.29,130.3144516,9.653,0.08,75.0,872450.37
4,1,2012,0,40.31,3.29,130.3144516,4.607,0.08,75.0,1928720.51
31,1,2012,0,50.79,3.29,219.7188636,7.057,0.08,75.0,1259941.48
33,1,2012,0,56.33,3.675,130.3144516,7.603,0.08,75.0,236920.49
26,1,2012,0,24.16,3.568,136.9598387,7.467,0.08,75.0,820059.89
24,1,2012,0,31.92,3.737,136.9598387,8.659,0.08,75.0,1057290.41
35,1,2012,0,36.96,3.567,140.9124021,8.744,0.08,75.0,588722.99
19,1,2012,0,32.41,3.737,136.9598387,7.943,0.08,75.0,1279623.26
32,1,2012,0,36.67,3.038,196.8262786,8.256,0.08,75.0,1051864.6
15,1,2012,0,30.87,3.737,136.9598387,7.943,0.08,75.0,466045.63
27,1,2012,0,36.96,3.737,140.9124021,8.009,0.08,75.0,1263534.86
30,1,2012,0,50.79,3.29,219.7188636,7.057,0.08,75.0,433037.66
9,1,2012,0,49.38,3.29,223.8060527,5.667,0.08,75.0,482451.21
18,1,2012,0,30.44,3.568,136.9598387,8.075,0.08,75.0,825584.22
37,1,2012,0,62.73,3.29,218.7687195,7.244,0.08,75.0,514116.58
23,1,2012,0,25.71,3.568,136.9598387,4.261,0.08,75.0,1037476.38
45,1,2012,0,37.93,3.567,189.5168505,8.424,0.08,75.0,624081.64
2,1,2012,0,50.5,3.29,219.7188636,7.057,0.08,75.0,1660906.14
36,1,2012,0,62.73,3.313,218.7687195,7.244,0.08,75.0,301444.94
21,1,2012,0,50.79,3.29,219.7188636,7.057,0.08,75.0,611258.71
20,1,2012,0,37.19,3.567,212.9286312,6.961,0.08,75.0,1761016.51
3,1,2012,0,58.06,3.29,223.5645845,6.833,0.08,75.0,349518.1
38,1,2012,0,50.43,3.675,130.3144516,12.187,0.08,75.0,412882.31
42,1,2012,0,53.59,3.675,130.3144516,7.545,0.08,75.0,538978.67
13,1,2012,0,34.32,3.058,130.3144516,6.104,0.08,75.0,1733983.09
22,1,2012,0,35.68,3.568,140.9124021,7.503,0.08,75.0,786459.23
12,1,2012,0,50.43,3.675,130.3144516,12.187,0.08,75.0,888203.69
16,1,2012,0,28.17,3.038,196.8262786,6.162,0.08,75.0,453979.19
39,1,2012,0,60.65,3.29,218.7687195,7.244,0.08,75.0,1320301.61
1,1,2012,0,54.26,3.29,220.0788523,7.348,0.08,75.0,1319325.59
40,1,2012,0,22.91,3.568,136.9598387,4.261,0.08,75.0,770157.29
5,1,2012,0,54.63,3.29,220.6628023,5.943,0.08,75.0,295974.22
44,1,2012,0,34.32,3.058,130.3144516,5.774,0.08,75.0,308295.38
17,1,2012,0,29.99,3.058,130.3144516,6.403,0.08,75.0,769522.33
8,1,2012,0,45.52,3.29,223.6133539,5.825,0.08,75.0,778178.53
34,2,2012,0,38.64,3.354,130.3496774,9.653,0.1,75.3,939367.14
22,2,2012,0,40.58,3.633,141.0161924,7.503,0.1,75.3,958487.75
11,2,2012,0,60.24,3.36,223.6591137,6.833,0.1,75.3,1376732.18
1,2,2012,0,56.55,3.36,220.1720153,7.348,0.1,75.3,1636339.65
7,2,2012,0,22.2,3.031,196.8728921,8.256,0.1,75.3,580453.32
26,2,2012,0,25.24,3.633,137.0632581,7.467,0.1,75.3,939158.25
28,2,2012,0,50.58,3.702,130.3496774,12.187,0.1,75.3,1531599.44
23,2,2012,0,29.71,3.633,137.0632581,4.261,0.1,75.3,1261872.67
38,2,2012,0,50.58,3.702,130.3496774,12.187,0.1,75.3,457711.68
40,2,2012,0,27.86,3.633,137.0632581,4.261,0.1,75.3,979552.34
12,2,2012,0,50.58,3.702,130.3496774,12.187,0.1,75.3,1058767.95
15,2,2012,0,35.3,3.796,137.0632581,7.943,0.1,75.3,523831.64
19,2,2012,0,36.22,3.796,137.0632581,7.943,0.1,75.3,1345311.65
17,2,2012,0,26.26,3.077,130.3496774,6.403,0.1,75.3,864852.85
42,2,2012,0,56.85,3.543,130.3496774,7.545,0.1,75.3,588448.21
45,2,2012,0,42.96,3.617,189.6122277,8.424,0.1,75.3,757330.95
5,2,2012,0,57.35,3.36,220.7561941,5.943,0.1,75.3,333948.0
6,2,2012,0,57.45,3.36,221.7707093,6.132,0.1,75.3,1496305.78
13,2,2012,0,31.39,3.077,130.3496774,6.104,0.1,75.3,1927780.74
32,2,2012,0,35.89,3.031,196.8728921,8.256,0.1,75.3,1156826.31
14,2,2012,0,42.96,3.617,189.6122277,8.424,0.1,75.3,1877410.36
37,2,2012,0,61.33,3.36,218.8619099,7.244,0.1,75.3,555424.24
24,2,2012,0,38.61,3.796,137.0632581,8.659,0.1,75.3,1249696.97
25,2,2012,0,34.98,3.617,213.0236225,6.961,0.1,75.3,642776.4
4,2,2012,0,41.81,3.354,130.3496774,4.607,0.1,75.3,2173373.91
44,2,2012,0,31.39,3.077,130.3496774,5.774,0.1,75.3,325986.05
35,2,2012,0,42.52,3.617,141.0161924,8.744,0.1,75.3,746901.03
8,2,2012,0,45.56,3.36,223.7079023,5.825,0.1,75.3,927610.69
30,2,2012,0,55.83,3.36,219.8118854,7.057,0.1,75.3,434080.74
18,2,2012,0,37.62,3.633,137.0632581,8.075,0.1,75.3,1049772.04
29,2,2012,0,40.58,3.633,137.0632581,8.988,0.1,75.3,493159.35
9,2,2012,0,54.43,3.36,223.9006766,5.667,0.1,75.3,549967.89
33,2,2012,0,59.53,3.543,130.3496774,7.603,0.1,75.3,256091.32
31,2,2012,0,55.83,3.36,219.8118854,7.057,0.1,75.3,1391479.91
20,2,2012,0,39.93,3.617,213.0236225,6.961,0.1,75.3,2203523.2
3,2,2012,0,59.33,3.36,223.6591137,6.833,0.1,75.3,424960.66
41,2,2012,0,31.65,3.031,196.8728921,6.589,0.1,75.3,1208825.6
36,2,2012,0,61.33,3.421,218.8619099,7.244,0.1,75.3,310982.87
10,2,2012,0,56.85,3.543,130.3496774,7.545,0.1,75.3,1867403.01
21,2,2012,0,55.83,3.36,219.8118854,7.057,0.1,75.3,680725.43
39,2,2012,0,60.69,3.36,218.8619099,7.244,0.1,75.3,1396150.15
27,2,2012,0,42.52,3.796,141.0161924,8.009,0.1,75.3,1564246.02
16,2,2012,0,25.53,3.031,196.8728921,6.162,0.1,75.3,475905.1
2,2,2012,0,55.21,3.36,219.8118854,7.057,0.1,75.3,1935299.94
43,2,2012,0,51.92,3.36,211.6762005,9.653,0.1,75.3,629176.71
39,2,2012,1,52.89,3.409,218.9551002,7.244,0.1,75.3,1442988.44
27,2,2012,1,37.86,3.826,141.1199827,8.009,0.1,75.3,1651605.35
40,2,2012,1,23.92,3.655,137.1666774,4.261,0.1,75.3,999785.48
32,2,2012,1,23.34,3.103,196.9195056,8.256,0.1,75.3,1129422.86
12,2,2012,1,52.27,3.722,130.3849032,12.187,0.1,75.3,1199330.85
15,2,2012,1,31.91,3.826,137.1666774,7.943,0.1,75.3,628218.22
35,2,2012,1,37.86,3.64,141.1199827,8.744,0.1,75.3,849779.14
42,2,2012,1,55.73,3.722,130.3849032,7.545,0.1,75.3,674919.45
37,2,2012,1,54.49,3.409,218.9551002,7.244,0.1,75.3,527041.46
13,2,2012,1,33.73,3.116,130.3849032,6.104,0.1,75.3,2069284.57
30,2,2012,1,46.52,3.409,219.9049073,7.057,0.1,75.3,451365.99
38,2,2012,1,52.27,3.722,130.3849032,12.187,0.1,75.3,469787.38
18,2,2012,1,32.83,3.655,137.1666774,8.075,0.1,75.3,1161615.51
23,2,2012,1,26.6,3.655,137.1666774,4.261,0.1,75.3,1358444.07
2,2,2012,1,46.98,3.409,219.9049073,7.057,0.1,75.3,2103322.68
21,2,2012,1,46.52,3.409,219.9049073,7.057,0.1,75.3,770652.79
20,2,2012,1,33.47,3.64,213.1186138,6.961,0.1,75.3,2462978.28
45,2,2012,1,37.0,3.64,189.7076048,8.424,0.1,75.3,803657.12
9,2,2012,1,44.03,3.409,223.9953006,5.667,0.1,75.3,609736.12
5,2,2012,1,48.57,3.409,220.849586,5.943,0.1,75.3,349239.88
28,2,2012,1,52.27,3.722,130.3849032,12.187,0.1,75.3,1572966.15
26,2,2012,1,23.89,3.655,137.1666774,7.467,0.1,75.3,1081005.64
11,2,2012,1,52.23,3.409,223.753643,6.833,0.1,75.3,1574287.76
41,2,2012,1,22.0,3.103,196.9195056,6.589,0.1,75.3,1238844.56
10,2,2012,1,55.73,3.722,130.3849032,7.545,0.1,75.3,2218595.8
7,2,2012,1,18.79,3.103,196.9195056,8.256,0.1,75.3,563460.77
43,2,2012,1,46.54,3.409,211.7644101,9.653,0.1,75.3,662198.65
34,2,2012,1,36.7,3.411,130.3849032,9.653,0.1,75.3,1047658.09
33,2,2012,1,59.94,3.722,130.3849032,7.603,0.1,75.3,282552.58
29,2,2012,1,35.68,3.655,137.1666774,8.988,0.1,75.3,545840.05
6,2,2012,1,48.58,3.409,221.8644987,6.132,0.1,75.3,1620603.92
31,2,2012,1,46.52,3.409,219.9049073,7.057,0.1,75.3,1527688.58
25,2,2012,1,32.47,3.64,213.1186138,6.961,0.1,75.3,658984.38
17,2,2012,1,23.63,3.116,130.3849032,6.403,0.1,75.3,880165.7
24,2,2012,1,33.82,3.826,137.1666774,8.659,0.1,75.3,1403460.87
19,2,2012,1,32.61,3.826,137.1666774,7.943,0.1,75.3,1499496.67
36,2,2012,1,54.49,3.462,218.9551002,7.244,0.1,75.3,335741.9
22,2,2012,1,35.68,3.655,141.1199827,7.503,0.1,75.3,1034448.07
16,2,2012,1,23.69,3.103,196.9195056,6.162,0.1,75.3,473766.97
4,2,2012,1,33.0,3.411,130.3849032,4.607,0.1,75.3,2374660.64
8,2,2012,1,35.71,3.409,223.8024507,5.825,0.1,75.3,1021400.42
44,2,2012,1,33.73,3.116,130.3849032,5.774,0.1,75.3,325377.97
3,2,2012,1,51.65,3.409,223.753643,6.833,0.1,75.3,473292.47
14,2,2012,1,37.0,3.64,189.7076048,8.424,0.1,75.3,2077256.24
1,2,2012,1,48.02,3.409,220.2651783,7.348,0.1,75.3,1802477.43
4,2,2012,0,34.19,3.493,130.4546207,4.607,0.1,75.3,2427640.17
27,2,2012,0,37.24,3.874,141.2140357,8.009,0.1,75.3,1606221.56
16,2,2012,0,31.19,3.113,196.9432711,6.162,0.1,75.3,494069.49
41,2,2012,0,22.52,3.113,196.9432711,6.589,0.1,75.3,1330451.46
19,2,2012,0,30.95,3.874,137.2583103,7.943,0.1,75.3,1424720.27
45,2,2012,0,36.85,3.695,189.8424834,8.424,0.1,75.3,858853.75
15,2,2012,0,30.26,3.874,137.2583103,7.943,0.1,75.3,598502.83
23,2,2012,0,27.01,3.703,137.2583103,4.261,0.1,75.3,1365546.69
34,2,2012,0,37.25,3.493,130.4546207,9.653,0.1,75.3,1123446.51
9,2,2012,0,43.81,3.51,224.1588663,5.667,0.1,75.3,658965.05
2,2,2012,0,43.82,3.51,220.0651993,7.057,0.1,75.3,2196688.46
32,2,2012,0,24.26,3.113,196.9432711,8.256,0.1,75.3,1243812.59
14,2,2012,0,36.85,3.695,189.8424834,8.424,0.1,75.3,2020550.99
25,2,2012,0,32.23,3.695,213.2732106,6.961,0.1,75.3,654088.02
43,2,2012,0,49.38,3.51,211.916835,9.653,0.1,75.3,660632.05
17,2,2012,0,30.76,3.119,130.4546207,6.403,0.1,75.3,927084.65
13,2,2012,0,36.57,3.119,130.4546207,6.104,0.1,75.3,2214477.06
3,2,2012,0,52.39,3.51,223.9170153,6.833,0.1,75.3,475591.08
31,2,2012,0,45.03,3.51,220.0651993,7.057,0.1,75.3,1570813.52
29,2,2012,0,36.25,3.703,137.2583103,8.988,0.1,75.3,559606.91
22,2,2012,0,36.25,3.703,141.2140357,7.503,0.1,75.3,1004749.41
1,2,2012,0,45.32,3.51,220.4257586,7.348,0.1,75.3,1819870.0
33,2,2012,0,57.8,3.781,130.4546207,7.603,0.1,75.3,266300.98
30,2,2012,0,45.03,3.51,220.0651993,7.057,0.1,75.3,435109.11
44,2,2012,0,36.57,3.119,130.4546207,5.774,0.1,75.3,320691.21
36,2,2012,0,54.38,3.503,219.1148297,7.244,0.1,75.3,326316.73
38,2,2012,0,51.8,3.781,130.4546207,12.187,0.1,75.3,415513.97
28,2,2012,0,51.8,3.781,130.4546207,12.187,0.1,75.3,1501503.68
6,2,2012,0,49.03,3.51,222.026359,6.132,0.1,75.3,1632616.09
5,2,2012,0,48.25,3.51,221.0106341,5.943,0.1,75.3,356427.98
24,2,2012,0,33.92,3.874,137.2583103,8.659,0.1,75.3,1326370.08
40,2,2012,0,25.56,3.703,137.2583103,4.261,0.1,75.3,975500.87
26,2,2012,0,23.9,3.703,137.2583103,7.467,0.1,75.3,965788.76
39,2,2012,0,52.75,3.51,219.1148297,7.244,0.1,75.3,1511041.69
20,2,2012,0,31.11,3.695,213.2732106,6.961,0.1,75.3,2309025.16
42,2,2012,0,54.12,3.781,130.4546207,7.545,0.1,75.3,606671.5
18,2,2012,0,32.87,3.703,137.2583103,8.075,0.1,75.3,1115985.81
12,2,2012,0,51.8,3.781,130.4546207,12.187,0.1,75.3,1240048.85
8,2,2012,0,37.51,3.51,223.9658621,5.825,0.1,75.3,1096232.89
35,2,2012,0,37.24,3.695,141.2140357,8.744,0.1,75.3,824568.39
10,2,2012,0,54.12,3.781,130.4546207,7.545,0.1,75.3,2168709.76
7,2,2012,0,27.03,3.113,196.9432711,8.256,0.1,75.3,620908.18
37,2,2012,0,54.38,3.51,219.1148297,7.244,0.1,75.3,541071.29
21,2,2012,0,45.03,3.51,220.0651993,7.057,0.1,75.3,834663.52
11,2,2012,0,52.77,3.51,223.9170153,6.833,0.1,75.3,1569607.94
10,2,2012,0,56.02,3.95,130.5502069,7.545,0.1,75.3,2039415.74
2,2,2012,0,54.63,3.555,220.275944,7.057,0.1,75.3,1861802.7
43,2,2012,0,53.53,3.555,212.1174212,9.653,0.1,75.3,613042.97
38,2,2012,0,53.13,3.95,130.5502069,12.187,0.1,75.3,409411.61
35,2,2012,0,41.74,3.739,141.3007857,8.744,0.1,75.3,805028.74
7,2,2012,0,24.41,3.129,196.9499007,8.256,0.1,75.3,603041.14
36,2,2012,0,62.21,3.55,219.3244636,7.244,0.1,75.3,313270.45
44,2,2012,0,35.38,3.145,130.5502069,5.774,0.1,75.3,315641.8
41,2,2012,0,27.89,3.129,196.9499007,6.589,0.1,75.3,1224915.66
4,2,2012,0,41.31,3.541,130.5502069,4.607,0.1,75.3,2226662.17
3,2,2012,0,60.12,3.555,224.1320199,6.833,0.1,75.3,418925.47
42,2,2012,0,56.02,3.95,130.5502069,7.545,0.1,75.3,564304.15
6,2,2012,0,59.17,3.555,222.2392726,6.132,0.1,75.3,1465187.71
5,2,2012,0,57.75,3.555,221.2224243,5.943,0.1,75.3,312220.47
40,2,2012,0,29.88,3.751,137.3411034,4.261,0.1,75.3,919301.81
39,2,2012,0,61.1,3.555,219.3244636,7.244,0.1,75.3,1412065.04
8,2,2012,0,46.33,3.555,224.1809207,5.825,0.1,75.3,928537.54
37,2,2012,0,62.21,3.555,219.3244636,7.244,0.1,75.3,518696.89
9,2,2012,0,53.67,3.555,224.3741384,5.667,0.1,75.3,563578.79
45,2,2012,0,42.86,3.739,190.0069881,8.424,0.1,75.3,753060.78
1,2,2012,0,57.25,3.555,220.636902,7.348,0.1,75.3,1539387.83
11,2,2012,0,61.11,3.555,224.1320199,6.833,0.1,75.3,1379473.03
34,2,2012,0,39.89,3.541,130.5502069,9.653,0.1,75.3,950154.24
18,2,2012,0,36.34,3.751,137.3411034,8.075,0.1,75.3,1037861.11
17,2,2012,0,30.01,3.145,130.5502069,6.403,0.1,75.3,843864.43
29,2,2012,0,39.0,3.751,137.3411034,8.988,0.1,75.3,488782.63
28,2,2012,0,53.13,3.95,130.5502069,12.187,0.1,75.3,1323487.91
25,2,2012,0,35.51,3.739,213.4725116,6.961,0.1,75.3,613501.05
21,2,2012,0,54.81,3.555,220.275944,7.057,0.1,75.3,747099.07
23,2,2012,0,31.12,3.751,137.3411034,4.261,0.1,75.3,1272948.27
15,2,2012,0,33.18,3.917,137.3411034,7.943,0.1,75.3,561137.06
33,2,2012,0,59.41,3.95,130.5502069,7.603,0.1,75.3,242526.7
13,2,2012,0,35.38,3.145,130.5502069,6.104,0.1,75.3,1929768.03
12,2,2012,0,53.13,3.95,130.5502069,12.187,0.1,75.3,1112034.72
22,2,2012,0,39.0,3.751,141.3007857,7.503,0.1,75.3,912958.95
24,2,2012,0,37.35,3.917,137.3411034,8.659,0.1,75.3,1303233.15
30,2,2012,0,54.81,3.555,220.275944,7.057,0.1,75.3,425215.71
31,2,2012,0,54.81,3.555,220.275944,7.057,0.1,75.3,1392543.37
26,2,2012,0,28.06,3.751,137.3411034,7.467,0.1,75.3,917924.47
27,2,2012,0,41.74,3.917,141.3007857,8.009,0.1,75.3,1648602.39
19,2,2012,0,33.91,3.917,137.3411034,7.943,0.1,75.3,1352470.09
16,2,2012,0,26.21,3.129,196.9499007,6.162,0.1,75.3,495720.3
32,2,2012,0,33.41,3.129,196.9499007,8.256,0.1,75.3,1091822.72
20,2,2012,0,39.79,3.739,213.4725116,6.961,0.1,75.3,2045837.55
14,2,2012,0,42.86,3.739,190.0069881,8.424,0.1,75.3,1875040.16
11,3,2012,0,62.61,3.63,224.3470245,6.833,0.13,76.2,1438383.44
17,3,2012,0,26.28,3.242,130.6457931,6.403,0.13,76.2,856178.47
14,3,2012,0,41.55,3.816,190.1714927,8.424,0.13,76.2,1926004.99
29,3,2012,0,37.47,3.827,137.4238966,8.988,0.13,76.2,500801.72
6,3,2012,0,60.32,3.63,222.4521862,6.132,0.13,76.2,1550385.65
2,3,2012,0,58.79,3.63,220.4866886,7.057,0.13,76.2,1952555.66
21,3,2012,0,59.3,3.63,220.4866886,7.057,0.13,76.2,764385.4
26,3,2012,0,22.49,3.827,137.4238966,7.467,0.13,76.2,955641.74
33,3,2012,0,60.91,3.882,130.6457931,7.603,0.13,76.2,248051.53
15,3,2012,0,33.24,3.983,137.4238966,7.943,0.13,76.2,541292.64
34,3,2012,0,42.74,3.619,130.6457931,9.653,0.13,76.2,990263.7
31,3,2012,0,59.3,3.63,220.4866886,7.057,0.13,76.2,1427881.22
13,3,2012,0,32.36,3.242,130.6457931,6.104,0.13,76.2,1969742.76
32,3,2012,0,33.4,3.191,196.9565303,8.256,0.13,76.2,1153332.89
25,3,2012,0,36.01,3.816,213.6718127,6.961,0.13,76.2,643155.89
38,3,2012,0,52.27,4.178,130.6457931,12.187,0.13,76.2,471115.38
8,3,2012,0,50.95,3.63,224.3959793,5.825,0.13,76.2,952264.91
12,3,2012,0,52.27,4.178,130.6457931,12.187,0.13,76.2,1147636.96
35,3,2012,0,40.07,3.816,141.3875357,8.744,0.13,76.2,766571.1
16,3,2012,0,23.4,3.191,196.9565303,6.162,0.13,76.2,464189.09
19,3,2012,0,34.83,3.983,137.4238966,7.943,0.13,76.2,1308977.05
27,3,2012,0,40.07,3.983,141.3875357,8.009,0.13,76.2,1509323.09
20,3,2012,0,39.98,3.816,213.6718127,6.961,0.13,76.2,2148822.76
5,3,2012,0,60.66,3.63,221.4342146,5.943,0.13,76.2,359206.21
1,3,2012,0,60.96,3.63,220.8480454,7.348,0.13,76.2,1688420.76
4,3,2012,0,50.38,3.619,130.6457931,4.607,0.13,76.2,2206319.9
43,3,2012,0,56.43,3.63,212.3180074,9.653,0.13,76.2,693249.98
37,3,2012,0,64.54,3.63,219.5340975,7.244,0.13,76.2,525559.17
30,3,2012,0,59.3,3.63,220.4866886,7.057,0.13,76.2,438640.61
22,3,2012,0,37.47,3.827,141.3875357,7.503,0.13,76.2,974866.65
40,3,2012,0,23.79,3.827,137.4238966,4.261,0.13,76.2,927732.02
44,3,2012,0,32.36,3.242,130.6457931,5.774,0.13,76.2,316687.22
45,3,2012,0,41.55,3.816,190.1714927,8.424,0.13,76.2,782796.01
23,3,2012,0,25.91,3.827,137.4238966,4.261,0.13,76.2,1322852.2
42,3,2012,0,57.62,3.882,130.6457931,7.545,0.13,76.2,585895.34
7,3,2012,0,21.64,3.191,196.9565303,8.256,0.13,76.2,551058.13
28,3,2012,0,52.27,4.178,130.6457931,12.187,0.13,76.2,1451740.57
41,3,2012,0,27.39,3.191,196.9565303,6.589,0.13,76.2,1239813.26
36,3,2012,0,64.54,3.619,219.5340975,7.244,0.13,76.2,315396.72
39,3,2012,0,64.05,3.63,219.5340975,7.244,0.13,76.2,1453047.02
18,3,2012,0,33.59,3.827,137.4238966,8.075,0.13,76.2,1047178.91
9,3,2012,0,57.2,3.63,224.5894104,5.667,0.13,76.2,619498.28
10,3,2012,0,57.62,3.882,130.6457931,7.545,0.13,76.2,1990371.02
3,3,2012,0,61.65,3.63,224.3470245,6.833,0.13,76.2,469752.56
24,3,2012,0,35.36,3.983,137.4238966,8.659,0.13,76.2,1213994.39
34,3,2012,0,42.7,3.667,130.7413793,9.653,0.13,76.2,976393.43
8,3,2012,0,49.59,3.669,224.6110379,5.825,0.13,76.2,960115.56
33,3,2012,0,62.2,3.963,130.7413793,7.603,0.13,76.2,287346.29
6,3,2012,0,57.89,3.669,222.6650998,6.132,0.13,76.2,1569304.4
38,3,2012,0,54.54,4.25,130.7413793,12.187,0.13,76.2,452792.53
10,3,2012,0,57.65,3.963,130.7413793,7.545,0.13,76.2,1917483.1
39,3,2012,0,61.64,3.669,219.7437314,7.244,0.13,76.2,1470764.35
42,3,2012,0,57.65,3.963,130.7413793,7.545,0.13,76.2,659816.15
20,3,2012,0,41.14,3.848,213.8711137,6.961,0.13,76.2,2139265.4
22,3,2012,0,41.72,3.876,141.4742857,7.503,0.13,76.2,991127.01
1,3,2012,0,58.76,3.669,221.0591887,7.348,0.13,76.2,1675431.16
13,3,2012,0,38.24,3.38,130.7413793,6.104,0.13,76.2,1986445.65
24,3,2012,0,41.5,4.021,137.5066897,8.659,0.13,76.2,1325835.7
11,3,2012,0,61.44,3.669,224.5620291,6.833,0.13,76.2,1413382.76
40,3,2012,0,30.58,3.876,137.5066897,4.261,0.13,76.2,954233.87
43,3,2012,0,54.52,3.669,212.5185936,9.653,0.13,76.2,636677.67
19,3,2012,0,38.15,4.021,137.5066897,7.943,0.13,76.2,1358816.46
27,3,2012,0,44.32,4.021,141.4742857,8.009,0.13,76.2,1607343.41
16,3,2012,0,28.16,3.286,196.9631599,6.162,0.13,76.2,495951.66
37,3,2012,0,63.19,3.669,219.7437314,7.244,0.13,76.2,535937.25
4,3,2012,0,53.63,3.667,130.7413793,4.607,0.13,76.2,2202450.81
25,3,2012,0,37.44,3.848,213.8711137,6.961,0.13,76.2,643711.53
30,3,2012,0,57.16,3.669,220.6974332,7.057,0.13,76.2,446617.89
41,3,2012,0,35.3,3.286,196.9631599,6.589,0.13,76.2,1243814.77
45,3,2012,0,45.52,3.848,190.3359973,8.424,0.13,76.2,776968.87
23,3,2012,0,33.11,3.876,137.5066897,4.261,0.13,76.2,1292724.9
7,3,2012,0,30.1,3.286,196.9631599,8.256,0.13,76.2,579166.5
36,3,2012,0,63.19,3.647,219.7437314,7.244,0.13,76.2,318674.93
14,3,2012,0,45.52,3.848,190.3359973,8.424,0.13,76.2,2020839.31
9,3,2012,0,54.03,3.669,224.8046825,5.667,0.13,76.2,574955.95
3,3,2012,0,60.71,3.669,224.5620291,6.833,0.13,76.2,445162.05
5,3,2012,0,57.69,3.669,221.6460048,5.943,0.13,76.2,347295.6
44,3,2012,0,38.24,3.38,130.7413793,5.774,0.13,76.2,303438.24
28,3,2012,0,54.54,4.25,130.7413793,12.187,0.13,76.2,1680764.06
12,3,2012,0,54.54,4.25,130.7413793,12.187,0.13,76.2,1113208.57
35,3,2012,0,44.32,3.848,141.4742857,8.744,0.13,76.2,796351.35
31,3,2012,0,57.16,3.669,220.6974332,7.057,0.13,76.2,1439034.86
32,3,2012,0,39.9,3.286,196.9631599,8.256,0.13,76.2,1124537.97
26,3,2012,0,29.03,3.876,137.5066897,7.467,0.13,76.2,1028569.01
21,3,2012,0,57.16,3.669,220.6974332,7.057,0.13,76.2,755084.4
15,3,2012,0,36.97,4.021,137.5066897,7.943,0.13,76.2,545120.67
29,3,2012,0,41.72,3.876,137.5066897,8.988,0.13,76.2,504750.35
17,3,2012,0,32.02,3.38,130.7413793,6.403,0.13,76.2,860224.98
2,3,2012,0,57.11,3.669,220.6974332,7.057,0.13,76.2,1937628.26
18,3,2012,0,38.1,3.876,137.5066897,8.075,0.13,76.2,1084894.47
3,3,2012,0,64.0,3.734,224.7166953,6.833,0.13,76.2,411775.8
24,3,2012,0,48.68,4.021,137.5843871,8.659,0.13,76.2,1239299.12
44,3,2012,0,52.5,3.529,130.8261935,5.774,0.13,76.2,331965.95
18,3,2012,0,45.84,3.867,137.5843871,8.075,0.13,76.2,1022018.43
39,3,2012,0,65.81,3.734,219.8956335,7.244,0.13,76.2,1522421.07
43,3,2012,0,57.88,3.734,212.6651567,9.653,0.13,76.2,661707.02
16,3,2012,0,38.02,3.486,197.0457208,6.162,0.13,76.2,520850.71
25,3,2012,0,50.64,3.862,214.0167132,6.961,0.13,76.2,638204.27
30,3,2012,0,63.39,3.734,220.8498468,7.057,0.13,76.2,413617.45
36,3,2012,0,67.48,3.779,219.8956335,7.244,0.13,76.2,335345.82
9,3,2012,0,59.94,3.734,224.9594902,5.667,0.13,76.2,550373.57
32,3,2012,0,51.51,3.486,197.0457208,8.256,0.13,76.2,1138101.18
20,3,2012,0,53.73,3.862,214.0167132,6.961,0.13,76.2,2064991.71
2,3,2012,0,63.68,3.734,220.8498468,7.057,0.13,76.2,1976082.13
28,3,2012,0,64.44,4.273,130.8261935,12.187,0.13,76.2,1337875.49
5,3,2012,0,63.55,3.734,221.7989713,5.943,0.13,76.2,339392.54
14,3,2012,0,50.56,3.862,190.4618964,8.424,0.13,76.2,1941040.5
7,3,2012,0,37.29,3.486,197.0457208,8.256,0.13,76.2,669205.73
13,3,2012,0,52.5,3.529,130.8261935,6.104,0.13,76.2,2025582.62
33,3,2012,0,65.99,4.273,130.8261935,7.603,0.13,76.2,278067.73
10,3,2012,0,62.11,4.273,130.8261935,7.545,0.13,76.2,1930814.66
21,3,2012,0,63.39,3.734,220.8498468,7.057,0.13,76.2,767338.32
37,3,2012,0,67.48,3.734,219.8956335,7.244,0.13,76.2,484588.34
41,3,2012,0,47.76,3.486,197.0457208,6.589,0.13,76.2,1201511.62
26,3,2012,0,35.06,3.867,137.5843871,7.467,0.13,76.2,919503.4
34,3,2012,0,48.09,3.707,130.8261935,9.653,0.13,76.2,999298.43
12,3,2012,0,64.44,4.273,130.8261935,12.187,0.13,76.2,1088498.52
42,3,2012,0,62.11,4.273,130.8261935,7.545,0.13,76.2,618767.26
31,3,2012,0,63.39,3.734,220.8498468,7.057,0.13,76.2,1481728.13
40,3,2012,0,37.13,3.867,137.5843871,4.261,0.13,76.2,891154.18
11,3,2012,0,64.21,3.734,224.7166953,6.833,0.13,76.2,1441884.28
45,3,2012,0,50.56,3.862,190.4618964,8.424,0.13,76.2,788340.23
22,3,2012,0,46.06,3.867,141.55478,7.503,0.13,76.2,966780.01
15,3,2012,0,47.42,4.021,137.5843871,7.943,0.13,76.2,570611.23
23,3,2012,0,41.19,3.867,137.5843871,4.261,0.13,76.2,1258364.31
6,3,2012,0,62.8,3.734,222.8186603,6.132,0.13,76.2,1748010.29
29,3,2012,0,46.06,3.867,137.5843871,8.988,0.13,76.2,489293.72
4,3,2012,0,59.81,3.707,130.8261935,4.607,0.13,76.2,2214967.44
19,3,2012,0,48.2,4.021,137.5843871,7.943,0.13,76.2,1312849.1
8,3,2012,0,56.63,3.734,224.7657327,5.825,0.13,76.2,921178.39
27,3,2012,0,49.6,4.021,141.55478,8.009,0.13,76.2,1635984.07
17,3,2012,0,43.69,3.529,130.8261935,6.403,0.13,76.2,853136.46
35,3,2012,0,49.6,3.862,141.55478,8.744,0.13,76.2,793045.82
1,3,2012,0,64.74,3.734,221.2118132,7.348,0.13,76.2,1677472.78
38,3,2012,0,64.44,4.273,130.8261935,12.187,0.13,76.2,428465.11
10,3,2012,0,56.54,4.288,130.8966452,7.545,0.13,76.2,1837457.69
14,3,2012,0,59.45,3.9,190.5363213,8.424,0.13,76.2,1893447.71
22,3,2012,0,54.68,3.889,141.6269332,7.503,0.13,76.2,992774.4
8,3,2012,0,52.9,3.787,224.8399424,5.825,0.13,76.2,874223.25
12,3,2012,0,56.26,4.038,130.8966452,12.187,0.13,76.2,1045419.87
39,3,2012,0,67.91,3.787,219.9705599,7.244,0.13,76.2,1469593.37
28,3,2012,0,56.26,4.038,130.8966452,12.187,0.13,76.2,1216059.41
9,3,2012,0,58.79,3.787,225.0336786,5.667,0.13,76.2,550791.32
26,3,2012,0,49.97,3.889,137.6552903,7.467,0.13,76.2,874790.68
45,3,2012,0,59.45,3.9,190.5363213,8.424,0.13,76.2,791835.37
7,3,2012,0,35.06,3.664,197.2295234,8.256,0.13,76.2,615997.29
6,3,2012,0,63.71,3.787,222.8930835,6.132,0.13,76.2,1495143.62
20,3,2012,0,66.11,3.9,214.0907105,6.961,0.13,76.2,1992436.96
31,3,2012,0,62.96,3.787,220.9244858,7.057,0.13,76.2,1365824.97
23,3,2012,0,57.82,3.889,137.6552903,4.261,0.13,76.2,1288154.1
30,3,2012,0,62.96,3.787,220.9244858,7.057,0.13,76.2,430222.97
27,3,2012,0,57.3,4.054,141.6269332,8.009,0.13,76.2,1620839.34
18,3,2012,0,58.06,3.889,137.6552903,8.075,0.13,76.2,1031139.3
5,3,2012,0,64.44,3.787,221.8735063,5.943,0.13,76.2,321299.99
32,3,2012,0,47.64,3.664,197.2295234,8.256,0.13,76.2,1146632.46
33,3,2012,0,60.82,4.288,130.8966452,7.603,0.13,76.2,246970.97
35,3,2012,0,57.3,3.9,141.6269332,8.744,0.13,76.2,760671.1
36,3,2012,0,69.18,3.845,219.9705599,7.244,0.13,76.2,317872.51
13,3,2012,0,47.83,3.671,130.8966452,6.104,0.13,76.2,1904421.74
34,3,2012,0,47.93,3.759,130.8966452,9.653,0.13,76.2,945143.33
16,3,2012,0,38.7,3.664,197.2295234,6.162,0.13,76.2,493503.89
15,3,2012,0,58.92,4.054,137.6552903,7.943,0.13,76.2,565481.88
38,3,2012,0,56.26,4.038,130.8966452,12.187,0.13,76.2,412456.48
1,3,2012,0,65.93,3.787,221.2864126,7.348,0.13,76.2,1511068.07
37,3,2012,0,69.18,3.787,219.9705599,7.244,0.13,76.2,520887.23
3,3,2012,0,66.53,3.787,224.7909104,6.833,0.13,76.2,413907.25
21,3,2012,0,62.96,3.787,220.9244858,7.057,0.13,76.2,729759.97
19,3,2012,0,56.72,4.054,137.6552903,7.943,0.13,76.2,1342254.55
4,3,2012,0,59.07,3.759,130.8966452,4.607,0.13,76.2,2091592.54
41,3,2012,0,44.04,3.664,197.2295234,6.589,0.13,76.2,1215354.38
17,3,2012,0,40.69,3.671,130.8966452,6.403,0.13,76.2,851762.28
44,3,2012,0,47.83,3.671,130.8966452,5.774,0.13,76.2,296947.06
40,3,2012,0,52.27,3.889,137.6552903,4.261,0.13,76.2,844490.86
25,3,2012,0,62.7,3.9,214.0907105,6.961,0.13,76.2,672831.78
42,3,2012,0,56.54,4.288,130.8966452,7.545,0.13,76.2,561226.38
24,3,2012,0,59.51,4.054,137.6552903,8.659,0.13,76.2,1221723.94
2,3,2012,0,64.01,3.787,220.9244858,7.057,0.13,76.2,1790439.16
43,3,2012,0,56.28,3.787,212.7396889,9.653,0.13,76.2,610940.94
11,3,2012,0,67.16,3.787,224.7909104,6.833,0.13,76.2,1300593.61
29,3,2012,0,54.68,3.889,137.6552903,8.988,0.13,76.2,517408.48
7,3,2012,0,44.99,3.75,197.4133259,8.256,0.13,76.2,583322.2
2,3,2012,0,66.83,3.845,220.9991248,7.057,0.13,76.2,1857480.84
14,3,2012,0,50.04,3.953,190.6107463,8.424,0.13,76.2,1905033.01
32,3,2012,0,56.09,3.75,197.4133259,8.256,0.13,76.2,1108686.87
18,3,2012,0,45.35,3.921,137.7261935,8.075,0.13,76.2,1009121.2
11,3,2012,0,70.23,3.845,224.8651254,6.833,0.13,76.2,1300104.03
31,3,2012,0,67.87,3.845,220.9991248,7.057,0.13,76.2,1318854.22
21,3,2012,0,67.87,3.845,220.9991248,7.057,0.13,76.2,724798.76
12,3,2012,0,64.36,4.294,130.9670968,12.187,0.13,76.2,1025382.22
15,3,2012,0,42.65,4.098,137.7261935,7.943,0.13,76.2,557547.25
34,3,2012,0,59.29,3.82,130.9670968,9.653,0.13,76.2,938861.77
13,3,2012,0,53.2,3.734,130.9670968,6.104,0.13,76.2,1948982.7
29,3,2012,0,46.4,3.921,137.7261935,8.988,0.13,76.2,504566.28
35,3,2012,0,49.4,3.953,141.6990864,8.744,0.13,76.2,744525.69
10,3,2012,0,67.92,4.294,130.9670968,7.545,0.13,76.2,1815760.42
9,3,2012,0,67.87,3.845,225.107867,5.667,0.13,76.2,574985.37
25,3,2012,0,47.92,3.953,214.1647079,6.961,0.13,76.2,684348.92
24,3,2012,0,47.28,4.098,137.7261935,8.659,0.13,76.2,1230106.13
28,3,2012,0,64.36,4.294,130.9670968,12.187,0.13,76.2,1209524.11
44,3,2012,0,53.2,3.734,130.9670968,5.774,0.13,76.2,310027.29
4,3,2012,0,72.63,3.82,130.9670968,4.607,0.13,76.2,2089381.77
40,3,2012,0,36.25,3.921,137.7261935,4.261,0.13,76.2,871945.64
42,3,2012,0,67.92,4.294,130.9670968,7.545,0.13,76.2,544408.14
3,3,2012,0,69.36,3.845,224.8651254,6.833,0.13,76.2,407488.84
16,3,2012,0,48.29,3.75,197.4133259,6.162,0.13,76.2,485095.41
43,3,2012,0,69.88,3.845,212.8142212,9.653,0.13,76.2,623258.4
5,3,2012,0,67.76,3.845,221.9480412,5.943,0.13,76.2,331318.73
41,3,2012,0,51.56,3.75,197.4133259,6.589,0.13,76.2,1239423.19
37,3,2012,0,70.48,3.845,220.0454862,7.244,0.13,76.2,533734.94
19,3,2012,0,43.47,4.098,137.7261935,7.943,0.13,76.2,1327139.35
38,3,2012,0,64.36,4.294,130.9670968,12.187,0.13,76.2,408679.36
6,3,2012,0,67.91,3.845,222.9675066,6.132,0.13,76.2,1508933.26
1,3,2012,0,67.61,3.845,221.3610119,7.348,0.13,76.2,1649604.63
17,3,2012,0,45.29,3.734,130.9670968,6.403,0.13,76.2,872469.03
36,3,2012,0,70.48,3.891,220.0454862,7.244,0.13,76.2,304144.9
22,3,2012,0,46.4,3.921,141.6990864,7.503,0.13,76.2,965769.93
8,3,2012,0,66.69,3.845,224.9141521,5.825,0.13,76.2,905935.29
45,3,2012,0,50.04,3.953,190.6107463,8.424,0.13,76.2,777254.06
20,3,2012,0,51.52,3.953,214.1647079,6.961,0.13,76.2,2074721.74
27,3,2012,0,49.4,4.098,141.6990864,8.009,0.13,76.2,1615494.14
30,3,2012,0,67.87,3.845,220.9991248,7.057,0.13,76.2,449603.91
26,3,2012,0,33.33,3.921,137.7261935,7.467,0.13,76.2,922018.43
39,3,2012,0,69.11,3.845,220.0454862,7.244,0.13,76.2,1499727.02
23,3,2012,0,36.71,3.921,137.7261935,4.261,0.13,76.2,1261964.96
33,3,2012,0,71.34,4.294,130.9670968,7.603,0.13,76.2,251327.67
19,4,2012,0,40.23,4.143,137.7970968,8.15,0.14,76.4,1631737.68
9,4,2012,0,68.83,3.891,225.1820555,5.539,0.14,76.4,677885.99
4,4,2012,0,67.69,3.864,131.0375484,4.308,0.14,76.4,2470206.13
17,4,2012,0,43.92,3.793,131.0375484,6.235,0.14,76.4,986922.62
23,4,2012,0,37.43,3.957,137.7970968,4.125,0.14,76.4,1604605.69
45,4,2012,0,49.73,3.996,190.6851712,8.567,0.14,76.4,899479.43
16,4,2012,0,48.93,3.854,197.5971285,6.169,0.14,76.4,502662.07
36,4,2012,0,73.95,3.934,220.1204125,6.989,0.14,76.4,331026.11
32,4,2012,0,51.49,3.854,197.5971285,8.09,0.14,76.4,1270577.01
30,4,2012,0,69.02,3.891,221.0737638,6.891,0.14,76.4,461511.92
15,4,2012,0,40.01,4.143,137.7970968,8.15,0.14,76.4,659950.36
18,4,2012,0,43.8,3.957,137.7970968,8.304,0.14,76.4,1200815.3
25,4,2012,0,44.73,3.996,214.2387053,7.139,0.14,76.4,791356.9
43,4,2012,0,64.7,3.891,212.8887535,9.575,0.14,76.4,658468.27
11,4,2012,0,74.19,3.891,224.9393405,6.664,0.14,76.4,1596325.01
2,4,2012,0,68.43,3.891,221.0737638,6.891,0.14,76.4,2129035.91
20,4,2012,0,50.06,3.996,214.2387053,7.139,0.14,76.4,2565259.92
29,4,2012,0,46.38,3.957,137.7970968,9.14,0.14,76.4,633826.55
22,4,2012,0,46.38,3.957,141.7712396,7.671,0.14,76.4,1197489.66
39,4,2012,0,73.49,3.891,220.1204125,6.989,0.14,76.4,1764847.94
1,4,2012,0,70.43,3.891,221.4356112,7.143,0.14,76.4,1899676.88
24,4,2012,0,45.25,4.143,137.7970968,8.983,0.14,76.4,1524734.29
28,4,2012,0,64.05,4.121,131.0375484,11.627,0.14,76.4,1559592.79
44,4,2012,0,48.85,3.793,131.0375484,5.621,0.14,76.4,320021.1
40,4,2012,0,36.54,3.957,137.7970968,4.125,0.14,76.4,1132064.23
3,4,2012,0,73.01,3.891,224.9393405,6.664,0.14,76.4,503232.13
42,4,2012,0,65.99,4.282,131.0375484,7.382,0.14,76.4,652312.11
5,4,2012,0,70.4,3.891,222.0225762,5.801,0.14,76.4,402985.7
41,4,2012,0,48.48,3.854,197.5971285,6.547,0.14,76.4,1460234.31
37,4,2012,0,73.95,3.891,220.1204125,6.989,0.14,76.4,564848.78
38,4,2012,0,64.05,4.121,131.0375484,11.627,0.14,76.4,499267.66
35,4,2012,0,48.73,3.996,141.7712396,8.876,0.14,76.4,860293.46
10,4,2012,0,65.99,4.282,131.0375484,7.382,0.14,76.4,2163384.17
26,4,2012,0,33.35,3.957,137.7970968,7.489,0.14,76.4,1116829.23
27,4,2012,0,48.73,4.143,141.7712396,8.253,0.14,76.4,1899013.34
21,4,2012,0,69.02,3.891,221.0737638,6.891,0.14,76.4,761956.58
7,4,2012,0,44.29,3.854,197.5971285,8.09,0.14,76.4,621425.98
33,4,2012,0,70.75,4.282,131.0375484,7.396,0.14,76.4,275911.97
34,4,2012,0,54.42,3.864,131.0375484,9.575,0.14,76.4,1091020.37
8,4,2012,0,62.18,3.891,224.9883618,5.679,0.14,76.4,1046816.59
6,4,2012,0,71.6,3.891,223.0419298,5.964,0.14,76.4,1840131.19
13,4,2012,0,48.85,3.793,131.0375484,5.965,0.14,76.4,2271614.76
12,4,2012,0,64.05,4.121,131.0375484,11.627,0.14,76.4,1128765.71
31,4,2012,0,69.02,3.891,221.0737638,6.891,0.14,76.4,1496169.81
14,4,2012,0,49.73,3.996,190.6851712,8.567,0.14,76.4,2376022.26
27,4,2012,0,52.22,4.187,141.8433929,8.253,0.14,76.4,1650405.21
32,4,2012,0,52.1,3.901,197.780931,8.09,0.14,76.4,1171834.47
38,4,2012,0,64.28,4.254,131.108,11.627,0.14,76.4,435790.74
37,4,2012,0,72.54,3.891,220.1953389,6.989,0.14,76.4,506973.17
41,4,2012,0,46.84,3.901,197.780931,6.547,0.14,76.4,1323004.73
42,4,2012,0,70.28,4.254,131.108,7.382,0.14,76.4,639123.45
15,4,2012,0,43.52,4.187,137.868,8.15,0.14,76.4,558585.13
26,4,2012,0,36.9,4.025,137.868,7.489,0.14,76.4,889670.29
4,4,2012,0,68.69,3.881,131.108,4.308,0.14,76.4,2105301.39
25,4,2012,0,42.46,4.044,214.3127027,7.139,0.14,76.4,658691.56
9,4,2012,0,69.19,3.891,225.2562439,5.539,0.14,76.4,578539.86
8,4,2012,0,65.19,3.891,225.0625714,5.679,0.14,76.4,909989.45
30,4,2012,0,69.03,3.891,221.1484028,6.891,0.14,76.4,428784.7
20,4,2012,0,45.68,4.044,214.3127027,7.139,0.14,76.4,2045396.06
7,4,2012,0,41.43,3.901,197.780931,8.09,0.14,76.4,517420.23
31,4,2012,0,69.03,3.891,221.1484028,6.891,0.14,76.4,1407842.91
14,4,2012,0,51.83,4.044,190.7595962,8.567,0.14,76.4,1912909.69
3,4,2012,0,72.83,3.891,225.0135556,6.664,0.14,76.4,420789.74
19,4,2012,0,44.42,4.187,137.868,8.15,0.14,76.4,1365098.46
22,4,2012,0,49.89,4.025,141.8433929,7.671,0.14,76.4,939118.24
1,4,2012,0,69.07,3.891,221.5102105,7.143,0.14,76.4,1621031.7
40,4,2012,0,40.65,4.025,137.868,4.125,0.14,76.4,857811.17
13,4,2012,0,51.7,3.833,131.108,5.965,0.14,76.4,2057637.86
35,4,2012,0,52.22,4.044,141.8433929,8.876,0.14,76.4,788633.42
18,4,2012,0,47.75,4.025,137.868,8.304,0.14,76.4,998443.5
43,4,2012,0,70.18,3.891,212.9632857,9.575,0.14,76.4,665687.92
2,4,2012,0,68.08,3.891,221.1484028,6.891,0.14,76.4,1935869.1
21,4,2012,0,69.03,3.891,221.1484028,6.891,0.14,76.4,769319.04
5,4,2012,0,70.56,3.891,222.0971111,5.801,0.14,76.4,351832.03
44,4,2012,0,51.7,3.833,131.108,5.621,0.14,76.4,311390.22
24,4,2012,0,48.65,4.187,137.868,8.983,0.14,76.4,1285783.87
39,4,2012,0,71.59,3.891,220.1953389,6.989,0.14,76.4,1580732.73
29,4,2012,0,49.89,4.025,137.868,9.14,0.14,76.4,520493.83
10,4,2012,0,70.28,4.254,131.108,7.382,0.14,76.4,1974687.51
36,4,2012,0,72.54,3.919,220.1953389,6.989,0.14,76.4,339407.94
28,4,2012,0,64.28,4.254,131.108,11.627,0.14,76.4,1290684.95
33,4,2012,0,73.17,4.254,131.108,7.396,0.14,76.4,312698.67
34,4,2012,0,59.12,3.881,131.108,9.575,0.14,76.4,987353.65
45,4,2012,0,51.83,4.044,190.7595962,8.567,0.14,76.4,781970.6
16,4,2012,0,45.83,3.901,197.780931,6.169,0.14,76.4,450756.71
6,4,2012,0,71.29,3.891,223.1163529,5.964,0.14,76.4,1616394.45
11,4,2012,0,72.74,3.891,225.0135556,6.664,0.14,76.4,1472752.01
12,4,2012,0,64.28,4.254,131.108,11.627,0.14,76.4,1083811.19
23,4,2012,0,41.81,4.025,137.868,4.125,0.14,76.4,1231752.54
17,4,2012,0,46.94,3.833,131.108,6.235,0.14,76.4,877055.32
3,4,2012,0,72.05,3.877,225.0689541,6.664,0.14,76.4,434822.13
44,4,2012,0,50.24,3.845,131.1173333,5.621,0.14,76.4,323233.8
24,4,2012,0,61.05,4.17,137.9230667,8.983,0.14,76.4,1208654.4
39,4,2012,0,70.04,3.877,220.2483937,6.989,0.14,76.4,1433391.04
28,4,2012,0,66.73,4.222,131.1173333,11.627,0.14,76.4,1180797.2
29,4,2012,0,58.81,4.046,137.9230667,9.14,0.14,76.4,525200.59
20,4,2012,0,60.11,4.027,214.3675045,7.139,0.14,76.4,1884427.84
10,4,2012,0,67.75,4.111,131.1173333,7.382,0.14,76.4,1777166.53
17,4,2012,0,47.69,3.845,131.1173333,6.235,0.14,76.4,1119979.98
27,4,2012,0,62.62,4.17,141.9015262,8.253,0.14,76.4,1639999.47
7,4,2012,0,39.3,3.936,197.7227385,8.09,0.14,76.4,457340.06
33,4,2012,0,72.94,4.111,131.1173333,7.396,0.14,76.4,261837.2
45,4,2012,0,63.13,4.027,190.8138013,8.567,0.14,76.4,776661.74
23,4,2012,0,56.55,4.046,137.9230667,4.125,0.14,76.4,1287899.41
5,4,2012,0,67.33,3.877,222.1512315,5.801,0.14,76.4,330063.06
30,4,2012,0,66.97,3.877,221.2021074,6.891,0.14,76.4,462909.41
8,4,2012,0,63.59,3.877,225.1179914,5.679,0.14,76.4,872288.46
26,4,2012,0,50.81,4.046,137.9230667,7.489,0.14,76.4,923600.02
22,4,2012,0,58.81,4.046,141.9015262,7.671,0.14,76.4,1000342.87
6,4,2012,0,68.64,3.877,223.17092,5.964,0.14,76.4,1456073.24
12,4,2012,0,66.73,4.222,131.1173333,11.627,0.14,76.4,1006486.96
1,4,2012,0,66.76,3.877,221.5640737,7.143,0.14,76.4,1521577.87
40,4,2012,0,55.3,4.046,137.9230667,4.125,0.14,76.4,896979.93
34,4,2012,0,55.34,3.864,131.1173333,9.575,0.14,76.4,977628.78
35,4,2012,0,62.62,4.027,141.9015262,8.876,0.14,76.4,794660.24
38,4,2012,0,66.73,4.222,131.1173333,11.627,0.14,76.4,401615.8
4,4,2012,0,68.6,3.864,131.1173333,4.308,0.14,76.4,2144336.89
41,4,2012,0,43.57,3.936,197.7227385,6.547,0.14,76.4,1220815.33
37,4,2012,0,70.87,3.877,220.2483937,6.989,0.14,76.4,523483.19
11,4,2012,0,71.97,3.877,225.0689541,6.664,0.14,76.4,1315356.99
31,4,2012,0,66.97,3.877,221.2021074,6.891,0.14,76.4,1407036.59
15,4,2012,0,54.47,4.17,137.9230667,8.15,0.14,76.4,534780.57
42,4,2012,0,67.75,4.111,131.1173333,7.382,0.14,76.4,552529.23
43,4,2012,0,67.28,3.877,213.0130524,9.575,0.14,76.4,638144.98
13,4,2012,0,50.24,3.845,131.1173333,5.965,0.14,76.4,1955689.12
21,4,2012,0,66.97,3.877,221.2021074,6.891,0.14,76.4,734858.91
2,4,2012,0,65.69,3.877,221.2021074,6.891,0.14,76.4,1847344.45
16,4,2012,0,43.61,3.936,197.7227385,6.169,0.14,76.4,436221.26
14,4,2012,0,63.13,4.027,190.8138013,8.567,0.14,76.4,1875686.44
36,4,2012,0,70.87,3.918,220.2483937,6.989,0.14,76.4,323915.32
9,4,2012,0,68.04,3.877,225.3117488,5.539,0.14,76.4,542819.03
32,4,2012,0,49.15,3.936,197.7227385,8.09,0.14,76.4,1121405.91
25,4,2012,0,57.1,4.027,214.3675045,7.139,0.14,76.4,661566.48
18,4,2012,0,60.88,4.046,137.9230667,8.304,0.14,76.4,1025813.8
19,4,2012,0,55.2,4.17,137.9230667,8.15,0.14,76.4,1255087.26
3,4,2012,0,73.39,3.814,225.1243526,6.664,0.14,76.4,394616.11
25,4,2012,0,44.2,4.004,214.4223063,7.139,0.14,76.4,655157.32
42,4,2012,0,80.11,4.088,131.1266667,7.382,0.14,76.4,526625.49
18,4,2012,0,50.43,4.023,137.9781333,8.304,0.14,76.4,961186.23
35,4,2012,0,52.33,4.004,141.9596595,8.876,0.14,76.4,721212.45
5,4,2012,0,68.96,3.814,222.2053519,5.801,0.14,76.4,324839.74
6,4,2012,0,71.5,3.814,223.2254871,5.964,0.14,76.4,1456221.1
31,4,2012,0,69.21,3.814,221.255812,6.891,0.14,76.4,1311352.25
2,4,2012,0,67.2,3.814,221.255812,6.891,0.14,76.4,1764133.09
8,4,2012,0,70.34,3.814,225.1734114,5.679,0.14,76.4,879448.25
4,4,2012,0,76.47,3.81,131.1266667,4.308,0.14,76.4,2064065.66
37,4,2012,0,70.06,3.814,220.3014485,6.989,0.14,76.4,528807.45
36,4,2012,0,70.06,3.888,220.3014485,6.989,0.14,76.4,308389.82
21,4,2012,0,69.21,3.814,221.255812,6.891,0.14,76.4,674829.58
38,4,2012,0,77.99,4.193,131.1266667,11.627,0.14,76.4,419964.77
41,4,2012,0,57.66,3.927,197.664546,6.547,0.14,76.4,1248950.65
22,4,2012,0,51.42,4.023,141.9596595,7.671,0.14,76.4,922539.94
40,4,2012,0,47.51,4.023,137.9781333,4.125,0.14,76.4,875372.91
9,4,2012,0,73.07,3.814,225.3672537,5.539,0.14,76.4,550414.99
1,4,2012,0,67.23,3.814,221.6179368,7.143,0.14,76.4,1468928.37
32,4,2012,0,61.76,3.927,197.664546,8.09,0.14,76.4,1126962.44
30,4,2012,0,69.21,3.814,221.255812,6.891,0.14,76.4,433744.83
26,4,2012,0,43.6,4.023,137.9781333,7.489,0.14,76.4,911969.0
13,4,2012,0,64.8,3.842,131.1266667,5.965,0.14,76.4,1970121.65
34,4,2012,0,66.49,3.81,131.1266667,9.575,0.14,76.4,940299.87
7,4,2012,0,51.49,3.927,197.664546,8.09,0.14,76.4,467827.75
19,4,2012,0,42.45,4.163,137.9781333,8.15,0.14,76.4,1285897.24
28,4,2012,0,77.99,4.193,131.1266667,11.627,0.14,76.4,1170456.16
27,4,2012,0,52.33,4.163,141.9596595,8.253,0.14,76.4,1565498.84
33,4,2012,0,83.07,4.088,131.1266667,7.396,0.14,76.4,249798.75
17,4,2012,0,59.11,3.842,131.1266667,6.235,0.14,76.4,925916.65
14,4,2012,0,53.2,4.004,190.8680064,8.567,0.14,76.4,1784029.95
10,4,2012,0,80.11,4.088,131.1266667,7.382,0.14,76.4,1712987.56
43,4,2012,0,78.27,3.814,213.062819,9.575,0.14,76.4,593138.59
20,4,2012,0,47.64,4.004,214.4223063,7.139,0.14,76.4,1886503.93
39,4,2012,0,69.11,3.814,220.3014485,6.989,0.14,76.4,1456997.2
16,4,2012,0,59.69,3.927,197.664546,6.169,0.14,76.4,398445.15
29,4,2012,0,51.42,4.023,137.9781333,9.14,0.14,76.4,497250.22
45,4,2012,0,53.2,4.004,190.8680064,8.567,0.14,76.4,711571.88
23,4,2012,0,44.62,4.023,137.9781333,4.125,0.14,76.4,1277758.76
44,4,2012,0,64.8,3.842,131.1266667,5.621,0.14,76.4,330338.36
11,4,2012,0,73.4,3.814,225.1243526,6.664,0.14,76.4,1236238.29
24,4,2012,0,49.26,4.163,137.9781333,8.983,0.14,76.4,1194334.65
15,4,2012,0,41.57,4.163,137.9781333,8.15,0.14,76.4,527402.62
12,4,2012,0,77.99,4.193,131.1266667,11.627,0.14,76.4,1004252.38
8,5,2012,0,73.96,3.749,225.2288314,5.679,0.16,79.3,937232.09
34,5,2012,0,65.04,3.747,131.136,9.575,0.16,79.3,991104.4
25,5,2012,0,58.76,3.951,214.4771081,7.139,0.16,79.3,696421.72
19,5,2012,0,50.76,4.124,138.0332,8.15,0.16,79.3,1405007.44
28,5,2012,0,76.03,4.171,131.136,11.627,0.16,79.3,1450628.85
32,5,2012,0,58.29,3.903,197.6063534,8.09,0.16,79.3,1187384.53
18,5,2012,0,49.66,3.991,138.0332,8.304,0.16,79.3,1050027.89
36,5,2012,0,77.17,3.835,220.3545033,6.989,0.16,79.3,312467.52
17,5,2012,0,48.86,3.831,131.136,6.235,0.16,79.3,930121.14
11,5,2012,0,79.07,3.749,225.1797511,6.664,0.16,79.3,1370251.22
23,5,2012,0,45.88,3.991,138.0332,4.125,0.16,79.3,1317379.68
1,5,2012,0,75.55,3.749,221.6718,7.143,0.16,79.3,1684519.99
12,5,2012,0,76.03,4.171,131.136,11.627,0.16,79.3,1073433.69
30,5,2012,0,77.53,3.749,221.3095166,6.891,0.16,79.3,454477.54
9,5,2012,0,78.98,3.749,225.4227585,5.539,0.16,79.3,586289.08
6,5,2012,0,77.66,3.749,223.2800541,5.964,0.16,79.3,1543461.12
43,5,2012,0,77.47,3.749,213.1125857,9.575,0.16,79.3,637964.2
26,5,2012,0,40.29,3.991,138.0332,7.489,0.16,79.3,946573.29
45,5,2012,0,55.21,3.951,190.9222115,8.567,0.16,79.3,782300.68
22,5,2012,0,50.75,3.991,142.0177929,7.671,0.16,79.3,1005083.31
15,5,2012,0,51.04,4.124,138.0332,8.15,0.16,79.3,577868.38
16,5,2012,0,51.34,3.903,197.6063534,6.169,0.16,79.3,426959.62
42,5,2012,0,77.02,4.058,131.136,7.382,0.16,79.3,609274.89
3,5,2012,0,79.51,3.749,225.1797511,6.664,0.16,79.3,439913.57
29,5,2012,0,50.75,3.991,138.0332,9.14,0.16,79.3,504963.84
2,5,2012,0,76.73,3.749,221.3095166,6.891,0.16,79.3,1923957.09
40,5,2012,0,44.47,3.991,138.0332,4.125,0.16,79.3,993311.59
13,5,2012,0,54.41,3.831,131.136,5.965,0.16,79.3,1995994.51
39,5,2012,0,77.15,3.749,220.3545033,6.989,0.16,79.3,1512227.34
10,5,2012,0,77.02,4.058,131.136,7.382,0.16,79.3,1821364.42
35,5,2012,0,53.68,3.951,142.0177929,8.876,0.16,79.3,772036.6
31,5,2012,0,77.53,3.749,221.3095166,6.891,0.16,79.3,1391257.28
37,5,2012,0,77.17,3.749,220.3545033,6.989,0.16,79.3,535311.64
20,5,2012,0,62.74,3.951,214.4771081,7.139,0.16,79.3,2163510.89
14,5,2012,0,55.21,3.951,190.9222115,8.567,0.16,79.3,1949354.29
41,5,2012,0,52.86,3.903,197.6063534,6.547,0.16,79.3,1359770.73
21,5,2012,0,77.53,3.749,221.3095166,6.891,0.16,79.3,697645.32
27,5,2012,0,53.68,4.124,142.0177929,8.253,0.16,79.3,1669388.45
5,5,2012,0,77.1,3.749,222.2594722,5.801,0.16,79.3,360932.69
4,5,2012,0,80.14,3.747,131.136,4.308,0.16,79.3,2196968.33
44,5,2012,0,54.41,3.831,131.136,5.621,0.16,79.3,326053.28
38,5,2012,0,76.03,4.171,131.136,11.627,0.16,79.3,491755.69
7,5,2012,0,45.38,3.903,197.6063534,8.09,0.16,79.3,465198.89
33,5,2012,0,82.43,4.058,131.136,7.396,0.16,79.3,270497.51
24,5,2012,0,52.14,4.124,138.0332,8.983,0.16,79.3,1306551.71
11,5,2012,0,75.13,3.688,225.2351496,6.664,0.16,79.3,1300147.07
16,5,2012,0,53.57,3.87,197.5481609,6.169,0.16,79.3,479855.0
27,5,2012,0,58.97,4.055,142.0759262,8.253,0.16,79.3,1674306.31
23,5,2012,0,52.9,3.947,138.0882667,4.125,0.16,79.3,1321914.34
44,5,2012,0,56.47,3.809,131.1453333,5.621,0.16,79.3,341381.08
29,5,2012,0,56.72,3.947,138.0882667,9.14,0.16,79.3,529707.87
21,5,2012,0,74.14,3.688,221.3632212,6.891,0.16,79.3,649945.54
42,5,2012,0,76.03,4.186,131.1453333,7.382,0.16,79.3,643603.69
15,5,2012,0,54.23,4.055,138.0882667,8.15,0.16,79.3,579539.95
13,5,2012,0,56.47,3.809,131.1453333,5.965,0.16,79.3,2080764.17
10,5,2012,0,76.03,4.186,131.1453333,7.382,0.16,79.3,1792345.3
45,5,2012,0,61.24,3.889,190.9764167,8.567,0.16,79.3,770487.37
20,5,2012,0,63.19,3.889,214.5319099,7.139,0.16,79.3,2168097.11
14,5,2012,0,61.24,3.889,190.9764167,8.567,0.16,79.3,1987531.05
17,5,2012,0,49.96,3.809,131.1453333,6.235,0.16,79.3,944100.3
34,5,2012,0,61.92,3.685,131.1453333,9.575,0.16,79.3,949625.52
28,5,2012,0,77.27,4.186,131.1453333,11.627,0.16,79.3,1264575.18
19,5,2012,0,55.33,4.055,138.0882667,8.15,0.16,79.3,1442873.22
7,5,2012,0,48.54,3.87,197.5481609,8.09,0.16,79.3,460397.41
24,5,2012,0,58.7,4.055,138.0882667,8.983,0.16,79.3,1355391.79
43,5,2012,0,67.59,3.688,213.1623524,9.575,0.16,79.3,640159.04
25,5,2012,0,59.21,3.889,214.5319099,7.139,0.16,79.3,739866.16
33,5,2012,0,81.02,4.186,131.1453333,7.396,0.16,79.3,295841.84
32,5,2012,0,55.4,3.87,197.5481609,8.09,0.16,79.3,1187051.07
38,5,2012,0,77.27,4.186,131.1453333,11.627,0.16,79.3,429914.6
1,5,2012,0,73.77,3.688,221.7256632,7.143,0.16,79.3,1611096.05
4,5,2012,0,67.64,3.685,131.1453333,4.308,0.16,79.3,2127661.17
3,5,2012,0,75.19,3.688,225.2351496,6.664,0.16,79.3,431985.36
9,5,2012,0,70.94,3.688,225.4782634,5.539,0.16,79.3,592572.3
41,5,2012,0,50.22,3.87,197.5481609,6.547,0.16,79.3,1353285.1
37,5,2012,0,76.55,3.688,220.4075581,6.989,0.16,79.3,527983.04
2,5,2012,0,73.87,3.688,221.3632212,6.891,0.16,79.3,1917520.99
26,5,2012,0,47.11,3.947,138.0882667,7.489,0.16,79.3,1062548.73
22,5,2012,0,56.72,3.947,142.0759262,7.671,0.16,79.3,997868.63
39,5,2012,0,75.52,3.688,220.4075581,6.989,0.16,79.3,1470792.41
36,5,2012,0,76.55,3.764,220.4075581,6.989,0.16,79.3,330518.34
40,5,2012,0,52.06,3.947,138.0882667,4.125,0.16,79.3,967729.35
35,5,2012,0,58.97,3.889,142.0759262,8.876,0.16,79.3,802383.63
8,5,2012,0,64.96,3.688,225.2842514,5.679,0.16,79.3,920128.89
5,5,2012,0,73.45,3.688,222.3135926,5.801,0.16,79.3,333870.52
18,5,2012,0,57.44,3.947,138.0882667,8.304,0.16,79.3,1060433.1
12,5,2012,0,77.27,4.186,131.1453333,11.627,0.16,79.3,1041995.22
6,5,2012,0,72.66,3.688,223.3346212,5.964,0.16,79.3,1517075.67
31,5,2012,0,74.14,3.688,221.3632212,6.891,0.16,79.3,1392938.06
30,5,2012,0,74.14,3.688,221.3632212,6.891,0.16,79.3,436070.45
30,5,2012,0,72.42,3.63,221.380331,6.891,0.16,79.3,460945.14
39,5,2012,0,72.36,3.63,220.4252149,6.989,0.16,79.3,1522978.54
38,5,2012,0,84.51,4.11,131.0983226,11.627,0.16,79.3,412314.71
28,5,2012,0,84.51,4.11,131.0983226,11.627,0.16,79.3,1213310.45
16,5,2012,0,56.74,3.837,197.5553137,6.169,0.16,79.3,493506.47
7,5,2012,0,49.41,3.837,197.5553137,8.09,0.16,79.3,468428.3
4,5,2012,0,68.43,3.62,131.0983226,4.308,0.16,79.3,2207214.81
18,5,2012,0,62.31,3.899,138.1065806,8.304,0.16,79.3,1047444.59
17,5,2012,0,59.67,3.808,131.0983226,6.235,0.16,79.3,968816.33
41,5,2012,0,55.24,3.837,197.5553137,6.547,0.16,79.3,1331514.44
29,5,2012,0,61.9,3.899,138.1065806,9.14,0.16,79.3,543706.04
6,5,2012,0,70.5,3.63,223.3511928,5.964,0.16,79.3,1513635.64
5,5,2012,0,70.45,3.63,222.330443,5.801,0.16,79.3,336189.66
27,5,2012,0,65.15,4.029,142.0970115,8.253,0.16,79.3,1707158.82
40,5,2012,0,57.59,3.899,138.1065806,4.125,0.16,79.3,896295.41
34,5,2012,0,64.97,3.62,131.0983226,9.575,0.16,79.3,998672.85
11,5,2012,0,72.53,3.63,225.2512024,6.664,0.16,79.3,1352442.31
22,5,2012,0,61.9,3.899,142.0970115,7.671,0.16,79.3,986612.02
37,5,2012,0,73.7,3.63,220.4252149,6.989,0.16,79.3,534847.96
42,5,2012,0,85.19,4.308,131.0983226,7.382,0.16,79.3,590636.38
26,5,2012,0,52.55,3.899,138.1065806,7.489,0.16,79.3,978082.84
21,5,2012,0,72.42,3.63,221.380331,6.891,0.16,79.3,700554.16
20,5,2012,0,60.99,3.848,214.5485571,7.139,0.16,79.3,2039222.26
33,5,2012,0,89.81,4.308,131.0983226,7.396,0.16,79.3,276899.95
2,5,2012,0,71.27,3.63,221.380331,6.891,0.16,79.3,2000940.67
8,5,2012,0,64.16,3.63,225.3002908,5.679,0.16,79.3,913922.01
15,5,2012,0,58.84,4.029,138.1065806,8.15,0.16,79.3,600050.98
35,5,2012,0,65.15,3.848,142.0970115,8.876,0.16,79.3,819196.68
32,5,2012,0,57.46,3.837,197.5553137,8.09,0.16,79.3,1177539.71
12,5,2012,0,84.51,4.11,131.0983226,11.627,0.16,79.3,1020486.05
1,5,2012,0,70.33,3.63,221.742674,7.143,0.16,79.3,1595901.87
36,5,2012,0,73.7,3.713,220.4252149,6.989,0.16,79.3,324801.13
31,5,2012,0,72.42,3.63,221.380331,6.891,0.16,79.3,1441473.82
19,5,2012,0,58.81,4.029,138.1065806,8.15,0.16,79.3,1366937.1
25,5,2012,0,58.21,3.848,214.5485571,7.139,0.16,79.3,717207.19
43,5,2012,0,72.06,3.63,213.1753618,9.575,0.16,79.3,648541.81
3,5,2012,0,72.38,3.63,225.2512024,6.664,0.16,79.3,418112.76
9,5,2012,0,69.52,3.63,225.4942498,5.539,0.16,79.3,571463.93
14,5,2012,0,66.3,3.848,190.9964479,8.567,0.16,79.3,1932233.17
44,5,2012,0,65.17,3.808,131.0983226,5.621,0.16,79.3,334042.43
13,5,2012,0,65.17,3.808,131.0983226,5.965,0.16,79.3,2131900.55
24,5,2012,0,63.1,4.029,138.1065806,8.983,0.16,79.3,1298809.8
45,5,2012,0,66.3,3.848,190.9964479,8.567,0.16,79.3,800842.28
23,5,2012,0,58.42,3.899,138.1065806,4.125,0.16,79.3,1332952.47
10,5,2012,0,85.19,4.308,131.0983226,7.382,0.16,79.3,1795152.73
37,5,2012,0,78.94,3.561,220.4287124,6.989,0.16,79.3,540625.79
10,5,2012,0,86.03,4.127,131.0287742,7.382,0.16,79.3,1830939.1
13,5,2012,0,62.39,3.801,131.0287742,5.965,0.16,79.3,2043349.41
41,5,2012,0,54.89,3.804,197.5886046,6.547,0.16,79.3,1424500.47
24,5,2012,0,65.79,3.979,138.1101935,8.983,0.16,79.3,1407897.57
19,5,2012,0,67.79,3.979,138.1101935,8.15,0.16,79.3,1485540.28
20,5,2012,0,70.04,3.798,214.5499425,7.139,0.16,79.3,2114989.0
29,5,2012,0,62.39,3.85,138.1101935,9.14,0.16,79.3,549665.67
21,5,2012,0,79.49,3.561,221.3828029,6.891,0.16,79.3,722891.24
44,5,2012,0,62.39,3.801,131.0287742,5.621,0.16,79.3,343268.29
2,5,2012,0,78.19,3.561,221.3828029,6.891,0.16,79.3,1912791.09
32,5,2012,0,59.74,3.804,197.5886046,8.09,0.16,79.3,1232784.22
36,5,2012,0,78.94,3.636,220.4287124,6.989,0.16,79.3,306098.17
18,5,2012,0,65.48,3.85,138.1101935,8.304,0.16,79.3,1088446.58
7,5,2012,0,50.6,3.804,197.5886046,8.09,0.16,79.3,532739.77
27,5,2012,0,64.77,3.979,142.1032776,8.253,0.16,79.3,1818906.73
16,5,2012,0,57.36,3.804,197.5886046,6.169,0.16,79.3,518045.09
43,5,2012,0,82.41,3.561,213.1736682,9.575,0.16,79.3,597406.39
14,5,2012,0,67.21,3.798,191.0028096,8.567,0.16,79.3,2030869.61
9,5,2012,0,79.69,3.561,225.4944288,5.539,0.16,79.3,547226.0
31,5,2012,0,79.49,3.561,221.3828029,6.891,0.16,79.3,1397094.26
39,5,2012,0,78.31,3.561,220.4287124,6.989,0.16,79.3,1596036.66
4,5,2012,0,77.47,3.551,131.0287742,4.308,0.16,79.3,2154137.67
8,5,2012,0,76.11,3.561,225.3005779,5.679,0.16,79.3,895157.44
22,5,2012,0,62.39,3.85,142.1032776,7.671,0.16,79.3,1047297.38
25,5,2012,0,67.69,3.798,214.5499425,7.139,0.16,79.3,783371.02
45,5,2012,0,67.21,3.798,191.0028096,8.567,0.16,79.3,817741.17
42,5,2012,0,86.03,4.127,131.0287742,7.382,0.16,79.3,535764.58
1,5,2012,0,77.22,3.561,221.744944,7.143,0.16,79.3,1555444.55
11,5,2012,0,78.44,3.561,225.2515168,6.664,0.16,79.3,1297335.87
30,5,2012,0,79.49,3.561,221.3828029,6.891,0.16,79.3,449355.91
33,5,2012,0,88.89,4.127,131.0287742,7.396,0.16,79.3,261851.74
26,5,2012,0,58.2,3.85,138.1101935,7.489,0.16,79.3,1067310.74
38,5,2012,0,83.84,4.293,131.0287742,11.627,0.16,79.3,422810.12
17,5,2012,0,55.69,3.801,131.0287742,6.235,0.16,79.3,984881.59
40,5,2012,0,65.25,3.85,138.1101935,4.125,0.16,79.3,991054.49
23,5,2012,0,66.43,3.85,138.1101935,4.125,0.16,79.3,1552934.64
12,5,2012,0,83.84,4.293,131.0287742,11.627,0.16,79.3,991514.21
34,5,2012,0,72.42,3.551,131.0287742,9.575,0.16,79.3,1015737.61
28,5,2012,0,83.84,4.293,131.0287742,11.627,0.16,79.3,1151214.41
5,5,2012,0,78.23,3.561,222.3323853,5.801,0.16,79.3,341994.48
3,5,2012,0,78.58,3.561,225.2515168,6.664,0.16,79.3,413701.29
15,5,2012,0,67.97,3.979,138.1101935,8.15,0.16,79.3,693780.42
35,5,2012,0,64.77,3.798,142.1032776,8.876,0.16,79.3,822167.17
6,5,2012,0,78.47,3.561,223.3525662,5.964,0.16,79.3,1603793.42
18,6,2012,0,71.42,3.798,138.1138065,8.304,0.16,73.2,1118313.7
2,6,2012,0,78.38,3.501,221.3852748,6.891,0.16,73.2,1910092.37
16,6,2012,0,58.97,3.764,197.6218954,6.169,0.16,73.2,532311.93
43,6,2012,0,80.89,3.501,213.1719747,9.575,0.16,73.2,605078.62
45,6,2012,0,74.48,3.742,191.0091712,8.567,0.16,73.2,837144.63
17,6,2012,0,54.13,3.788,130.9592258,6.235,0.16,73.2,938914.28
34,6,2012,0,70.41,3.483,130.9592258,9.575,0.16,73.2,977062.44
28,6,2012,0,78.11,4.277,130.9592258,11.627,0.16,73.2,1245480.95
27,6,2012,0,73.4,3.915,142.1095438,8.253,0.16,73.2,1900638.6
23,6,2012,0,66.22,3.798,138.1138065,4.125,0.16,73.2,1476144.34
44,6,2012,0,61.11,3.788,130.9592258,5.621,0.16,73.2,323410.94
12,6,2012,0,78.11,4.277,130.9592258,11.627,0.16,73.2,981345.2
39,6,2012,0,80.33,3.501,220.4322099,6.989,0.16,73.2,1640476.77
5,6,2012,0,79.72,3.501,222.3343277,5.801,0.16,73.2,359867.8
24,6,2012,0,71.79,3.915,138.1138065,8.983,0.16,73.2,1467722.19
10,6,2012,0,80.06,4.277,130.9592258,7.382,0.16,73.2,1767471.48
40,6,2012,0,64.75,3.798,138.1138065,4.125,0.16,73.2,1037464.27
35,6,2012,0,73.4,3.742,142.1095438,8.876,0.16,73.2,932195.52
11,6,2012,0,81.67,3.501,225.2518313,6.664,0.16,73.2,1361595.33
13,6,2012,0,61.11,3.788,130.9592258,5.965,0.16,73.2,2035431.39
1,6,2012,0,77.95,3.501,221.7472139,7.143,0.16,73.2,1624477.58
29,6,2012,0,70.01,3.798,138.1138065,9.14,0.16,73.2,576252.35
21,6,2012,0,79.24,3.501,221.3852748,6.891,0.16,73.2,695439.83
6,6,2012,0,80.39,3.501,223.3539397,5.964,0.16,73.2,1681121.38
22,6,2012,0,70.01,3.798,142.1095438,7.671,0.16,73.2,1102857.37
32,6,2012,0,62.84,3.764,197.6218954,8.09,0.16,73.2,1157557.79
33,6,2012,0,83.57,4.277,130.9592258,7.396,0.16,73.2,261131.09
25,6,2012,0,69.54,3.742,214.5513278,7.139,0.16,73.2,694765.95
36,6,2012,0,80.74,3.567,220.4322099,6.989,0.16,73.2,306005.53
20,6,2012,0,73.67,3.742,214.5513278,7.139,0.16,73.2,2143126.59
4,6,2012,0,77.41,3.483,130.9592258,4.308,0.16,73.2,2179360.94
30,6,2012,0,79.24,3.501,221.3852748,6.891,0.16,73.2,427021.18
41,6,2012,0,57.29,3.764,197.6218954,6.547,0.16,73.2,1374891.36
3,6,2012,0,81.55,3.501,225.2518313,6.664,0.16,73.2,432268.53
7,6,2012,0,55.06,3.764,197.6218954,8.09,0.16,73.2,598495.02
37,6,2012,0,80.74,3.501,220.4322099,6.989,0.16,73.2,531811.85
31,6,2012,0,79.24,3.501,221.3852748,6.891,0.16,73.2,1404516.29
19,6,2012,0,68.18,3.915,138.1138065,8.15,0.16,73.2,1450733.29
8,6,2012,0,78.31,3.501,225.300865,5.679,0.16,73.2,921161.2
38,6,2012,0,78.11,4.277,130.9592258,11.627,0.16,73.2,435579.7
26,6,2012,0,58.51,3.798,138.1138065,7.489,0.16,73.2,1015853.03
14,6,2012,0,74.48,3.742,191.0091712,8.567,0.16,73.2,2049485.49
9,6,2012,0,80.26,3.501,225.4946078,5.539,0.16,73.2,583648.59
42,6,2012,0,80.06,4.277,130.9592258,7.382,0.16,73.2,521953.78
15,6,2012,0,67.61,3.915,138.1138065,8.15,0.16,73.2,663971.26
13,6,2012,0,68.4,3.776,130.8896774,5.965,0.16,73.2,2182437.9
15,6,2012,0,59.35,3.871,138.1174194,8.15,0.16,73.2,611390.67
23,6,2012,0,56.82,3.746,138.1174194,4.125,0.16,73.2,1568048.54
21,6,2012,0,79.47,3.452,221.3877467,6.891,0.16,73.2,707895.72
37,6,2012,0,81.5,3.452,220.4357073,6.989,0.16,73.2,528940.78
41,6,2012,0,65.11,3.741,197.6551863,6.547,0.16,73.2,1436383.84
10,6,2012,0,86.87,4.103,130.8896774,7.382,0.16,73.2,1840491.41
24,6,2012,0,59.93,3.871,138.1174194,8.983,0.16,73.2,1406313.13
11,6,2012,0,82.1,3.452,225.2521458,6.664,0.16,73.2,1414343.53
29,6,2012,0,61.71,3.746,138.1174194,9.14,0.16,73.2,554093.15
31,6,2012,0,79.47,3.452,221.3877467,6.891,0.16,73.2,1443285.79
44,6,2012,0,68.4,3.776,130.8896774,5.621,0.16,73.2,340238.38
26,6,2012,0,49.43,3.746,138.1174194,7.489,0.16,73.2,1106176.83
30,6,2012,0,79.47,3.452,221.3877467,6.891,0.16,73.2,437222.94
12,6,2012,0,84.83,4.103,130.8896774,11.627,0.16,73.2,1086231.47
35,6,2012,0,64.05,3.689,142.1158099,8.876,0.16,73.2,873415.01
3,6,2012,0,81.65,3.452,225.2521458,6.664,0.16,73.2,446336.8
5,6,2012,0,81.02,3.452,222.33627,5.801,0.16,73.2,341704.59
22,6,2012,0,61.71,3.746,142.1158099,7.671,0.16,73.2,1061134.37
8,6,2012,0,74.28,3.452,225.3011521,5.679,0.16,73.2,928820.0
40,6,2012,0,55.78,3.746,138.1174194,4.125,0.16,73.2,1079386.88
38,6,2012,0,84.83,4.103,130.8896774,11.627,0.16,73.2,448110.25
6,6,2012,0,80.5,3.452,223.3553131,5.964,0.16,73.2,1696619.52
33,6,2012,0,90.94,4.103,130.8896774,7.396,0.16,73.2,286082.76
1,6,2012,0,78.3,3.452,221.7494839,7.143,0.16,73.2,1697230.96
4,6,2012,0,78.11,3.433,130.8896774,4.308,0.16,73.2,2245257.18
39,6,2012,0,81.12,3.452,220.4357073,6.989,0.16,73.2,1623442.24
42,6,2012,0,86.87,4.103,130.8896774,7.382,0.16,73.2,642671.48
7,6,2012,0,63.07,3.741,197.6551863,8.09,0.16,73.2,642963.75
27,6,2012,0,64.05,3.871,142.1158099,8.253,0.16,73.2,1764756.31
34,6,2012,0,75.35,3.433,130.8896774,9.575,0.16,73.2,999511.29
16,6,2012,0,65.43,3.741,197.6551863,6.169,0.16,73.2,603618.89
25,6,2012,0,58.48,3.689,214.5527132,7.139,0.16,73.2,730254.19
17,6,2012,0,60.51,3.776,130.8896774,6.235,0.16,73.2,987990.24
18,6,2012,0,59.1,3.746,138.1174194,8.304,0.16,73.2,1110479.94
2,6,2012,0,78.69,3.452,221.3877467,6.891,0.16,73.2,2010216.49
36,6,2012,0,81.5,3.513,220.4357073,6.989,0.16,73.2,338273.38
19,6,2012,0,60.19,3.871,138.1174194,8.15,0.16,73.2,1390122.11
45,6,2012,0,64.3,3.689,191.0155329,8.567,0.16,73.2,795133.0
20,6,2012,0,62.01,3.689,214.5527132,7.139,0.16,73.2,2231962.13
9,6,2012,0,78.91,3.452,225.4947868,5.539,0.16,73.2,582525.42
32,6,2012,0,71.14,3.741,197.6551863,8.09,0.16,73.2,1246322.44
43,6,2012,0,85.73,3.452,213.1702811,9.575,0.16,73.2,643032.51
14,6,2012,0,64.3,3.689,191.0155329,8.567,0.16,73.2,2099615.88
28,6,2012,0,84.83,4.103,130.8896774,11.627,0.16,73.2,1440687.69
38,6,2012,0,85.94,4.144,130.8295333,11.627,0.16,73.2,430222.07
39,6,2012,0,81.33,3.393,220.4494148,6.989,0.16,73.2,1587499.82
36,6,2012,0,82.15,3.407,220.4494148,6.989,0.16,73.2,333146.88
44,6,2012,0,65.97,3.756,130.8295333,5.621,0.16,73.2,338400.82
16,6,2012,0,65.36,3.723,197.692292,6.169,0.16,73.2,570045.79
12,6,2012,0,85.94,4.144,130.8295333,11.627,0.16,73.2,1019555.51
35,6,2012,0,69.52,3.62,142.1292548,8.876,0.16,73.2,848289.41
1,6,2012,0,79.35,3.393,221.7626421,7.143,0.16,73.2,1630607.0
33,6,2012,0,92.44,4.144,130.8295333,7.396,0.16,73.2,290444.31
5,6,2012,0,81.64,3.393,222.3492901,5.801,0.16,73.2,327383.64
22,6,2012,0,66.56,3.683,142.1292548,7.671,0.16,73.2,1061219.19
14,6,2012,0,71.93,3.62,191.0299731,8.567,0.16,73.2,1905733.68
6,6,2012,0,82.1,3.393,223.3680933,5.964,0.16,73.2,1642247.48
43,6,2012,0,87.75,3.393,213.1786952,9.575,0.16,73.2,634815.1
2,6,2012,0,80.56,3.393,221.4009901,6.891,0.16,73.2,1962924.3
40,6,2012,0,63.39,3.683,138.1295333,4.125,0.16,73.2,977950.28
3,6,2012,0,84.66,3.393,225.2644795,6.664,0.16,73.2,442074.79
28,6,2012,0,85.94,4.144,130.8295333,11.627,0.16,73.2,1229760.97
8,6,2012,0,77.14,3.393,225.3134743,5.679,0.16,73.2,916918.7
19,6,2012,0,68.19,3.786,138.1295333,8.15,0.16,73.2,1440263.15
26,6,2012,0,57.84,3.683,138.1295333,7.489,0.16,73.2,1029248.22
30,6,2012,0,81.51,3.393,221.4009901,6.891,0.16,73.2,438523.24
34,6,2012,0,76.48,3.372,130.8295333,9.575,0.16,73.2,982345.51
32,6,2012,0,70.91,3.723,197.692292,8.09,0.16,73.2,1234759.54
31,6,2012,0,81.51,3.393,221.4009901,6.891,0.16,73.2,1431003.43
20,6,2012,0,71.51,3.62,214.5653243,7.139,0.16,73.2,2165160.29
21,6,2012,0,81.51,3.393,221.4009901,6.891,0.16,73.2,727049.04
15,6,2012,0,67.7,3.786,138.1295333,8.15,0.16,73.2,636737.65
23,6,2012,0,64.73,3.683,138.1295333,4.125,0.16,73.2,1543667.68
13,6,2012,0,65.97,3.756,130.8295333,5.965,0.16,73.2,2152229.11
29,6,2012,0,66.56,3.683,138.1295333,9.14,0.16,73.2,552338.76
42,6,2012,0,88.58,4.144,130.8295333,7.382,0.16,73.2,606309.13
45,6,2012,0,71.93,3.62,191.0299731,8.567,0.16,73.2,821498.18
25,6,2012,0,68.34,3.62,214.5653243,7.139,0.16,73.2,753860.89
37,6,2012,0,82.15,3.393,220.4494148,6.989,0.16,73.2,508573.16
18,6,2012,0,66.58,3.683,138.1295333,8.304,0.16,73.2,1057425.83
7,6,2012,0,59.33,3.723,197.692292,8.09,0.16,73.2,666942.02
10,6,2012,0,88.58,4.144,130.8295333,7.382,0.16,73.2,1811562.88
4,6,2012,0,80.94,3.372,130.8295333,4.308,0.16,73.2,2234190.93
27,6,2012,0,69.52,3.786,142.1292548,8.253,0.16,73.2,1773500.56
41,6,2012,0,64.92,3.723,197.692292,6.547,0.16,73.2,1384584.59
17,6,2012,0,56.67,3.756,130.8295333,6.235,0.16,73.2,964169.67
9,6,2012,0,82.21,3.393,225.5070634,5.539,0.16,73.2,564606.1
11,6,2012,0,84.97,3.393,225.2644795,6.664,0.16,73.2,1417875.42
24,6,2012,0,68.28,3.786,138.1295333,8.983,0.16,73.2,1364445.98
11,6,2012,0,83.26,3.346,225.3068615,6.664,0.16,73.2,1355680.3
22,6,2012,0,70.61,3.629,142.1606464,7.671,0.16,73.2,1112449.3
23,6,2012,0,71.82,3.629,138.1629,4.125,0.16,73.2,1522042.57
12,6,2012,0,91.61,4.014,130.7929,11.627,0.16,73.2,981386.25
17,6,2012,0,62.9,3.737,130.7929,6.235,0.16,73.2,981210.57
6,6,2012,0,81.2,3.346,223.4093906,5.964,0.16,73.2,1618272.25
15,6,2012,0,74.28,3.722,138.1629,8.15,0.16,73.2,687085.6
34,6,2012,0,78.85,3.329,130.7929,9.575,0.16,73.2,1000285.1
8,6,2012,0,78.85,3.346,225.3558843,5.679,0.16,73.2,899449.65
19,6,2012,0,75.83,3.722,138.1629,8.15,0.16,73.2,1468350.36
30,6,2012,0,81.78,3.346,221.4411622,6.891,0.16,73.2,428554.63
45,6,2012,0,74.22,3.564,191.0646096,8.567,0.16,73.2,822569.16
26,6,2012,0,63.04,3.629,138.1629,7.489,0.16,73.2,1056282.91
44,6,2012,0,72.89,3.737,130.7929,5.621,0.16,73.2,336241.0
33,6,2012,0,95.75,4.014,130.7929,7.396,0.16,73.2,261666.29
7,6,2012,0,63.69,3.735,197.7389345,8.09,0.16,73.2,687344.68
18,6,2012,0,70.92,3.629,138.1629,8.304,0.16,73.2,1080357.89
20,6,2012,0,76.51,3.564,214.606,7.139,0.16,73.2,2060588.69
32,6,2012,0,74.85,3.735,197.7389345,8.09,0.16,73.2,1196880.11
28,6,2012,0,91.61,4.014,130.7929,11.627,0.16,73.2,1180671.55
31,6,2012,0,81.78,3.346,221.4411622,6.891,0.16,73.2,1394065.76
21,6,2012,0,81.78,3.346,221.4411622,6.891,0.16,73.2,735870.0
42,6,2012,0,89.92,4.014,130.7929,7.382,0.16,73.2,540031.29
24,6,2012,0,72.29,3.722,138.1629,8.983,0.16,73.2,1434709.63
13,6,2012,0,72.89,3.737,130.7929,5.965,0.16,73.2,2094373.0
29,6,2012,0,70.61,3.629,138.1629,9.14,0.16,73.2,581854.5
10,6,2012,0,89.92,4.014,130.7929,7.382,0.16,73.2,1755334.18
41,6,2012,0,66.88,3.735,197.7389345,6.547,0.16,73.2,1386407.17
27,6,2012,0,73.23,3.722,142.1606464,8.253,0.16,73.2,1837884.79
25,6,2012,0,73.52,3.564,214.606,7.139,0.16,73.2,721601.9
4,6,2012,0,81.63,3.329,130.7929,4.308,0.16,73.2,2197299.65
39,6,2012,0,79.84,3.346,220.4886472,6.989,0.16,73.2,1532316.79
43,6,2012,0,87.51,3.346,213.2123786,9.575,0.16,73.2,613270.79
3,6,2012,0,82.7,3.346,225.3068615,6.664,0.16,73.2,419497.95
38,6,2012,0,91.61,4.014,130.7929,11.627,0.16,73.2,405938.35
40,6,2012,0,69.32,3.629,138.1629,4.125,0.16,73.2,1033552.18
2,6,2012,0,81.04,3.346,221.4411622,6.891,0.16,73.2,1887733.21
37,6,2012,0,80.4,3.346,220.4886472,6.989,0.16,73.2,484032.75
35,6,2012,0,73.23,3.564,142.1606464,8.876,0.16,73.2,911696.0
5,6,2012,0,80.57,3.346,222.3900046,5.801,0.16,73.2,325041.68
1,6,2012,0,78.39,3.346,221.8030211,7.143,0.16,73.2,1527845.81
14,6,2012,0,74.22,3.564,191.0646096,8.567,0.16,73.2,1660228.88
16,6,2012,0,70.41,3.735,197.7389345,6.169,0.16,73.2,581745.72
9,6,2012,0,81.05,3.346,225.5495841,5.539,0.16,73.2,562173.12
36,6,2012,0,80.4,3.358,220.4886472,6.989,0.16,73.2,306411.01
18,6,2012,0,70.17,3.577,138.1962667,8.304,0.16,73.2,1097006.3
2,6,2012,0,86.32,3.286,221.4813343,6.891,0.16,73.2,1881046.12
27,6,2012,0,73.94,3.667,142.1920381,8.253,0.16,73.2,1842555.32
43,6,2012,0,89.85,3.286,213.2460619,9.575,0.16,73.2,593128.13
19,6,2012,0,69.92,3.667,138.1962667,8.15,0.16,73.2,1379652.65
26,6,2012,0,60.71,3.577,138.1962667,7.489,0.16,73.2,1051190.44
24,6,2012,0,70.4,3.667,138.1962667,8.983,0.16,73.2,1428869.9
25,6,2012,0,69.84,3.506,214.6466757,7.139,0.16,73.2,718890.81
20,6,2012,0,74.15,3.506,214.6466757,7.139,0.16,73.2,2055952.61
21,6,2012,0,88.05,3.286,221.4813343,6.891,0.16,73.2,716341.39
41,6,2012,0,76.54,3.693,197.785577,6.547,0.16,73.2,1355600.01
4,6,2012,0,84.23,3.257,130.7562667,4.308,0.16,73.2,2128362.92
23,6,2012,0,64.23,3.577,138.1962667,4.125,0.16,73.2,1451782.16
44,6,2012,0,82.0,3.681,130.7562667,5.621,0.16,73.2,338386.08
1,6,2012,0,84.88,3.286,221.8434,7.143,0.16,73.2,1540421.49
22,6,2012,0,70.99,3.577,142.1920381,7.671,0.16,73.2,1053881.78
5,6,2012,0,87.08,3.286,222.4307191,5.801,0.16,73.2,329658.1
40,6,2012,0,64.42,3.577,138.1962667,4.125,0.16,73.2,988764.84
3,6,2012,0,86.42,3.286,225.3492435,6.664,0.16,73.2,422965.33
42,6,2012,0,91.36,3.875,130.7562667,7.382,0.16,73.2,507403.77
45,6,2012,0,75.22,3.506,191.0992462,8.567,0.16,73.2,773367.71
28,6,2012,0,90.47,3.875,130.7562667,11.627,0.16,73.2,1129031.98
17,6,2012,0,71.14,3.681,130.7562667,6.235,0.16,73.2,982322.24
31,6,2012,0,88.05,3.286,221.4813343,6.891,0.16,73.2,1349202.25
14,6,2012,0,75.22,3.506,191.0992462,8.567,0.16,73.2,1591835.02
30,6,2012,0,88.05,3.286,221.4813343,6.891,0.16,73.2,423192.4
37,6,2012,0,86.68,3.286,220.5278796,6.989,0.16,73.2,508309.81
34,6,2012,0,81.91,3.257,130.7562667,9.575,0.16,73.2,942970.63
6,6,2012,0,87.35,3.286,223.4506878,5.964,0.16,73.2,1648863.46
38,6,2012,0,90.47,3.875,130.7562667,11.627,0.16,73.2,404634.36
29,6,2012,0,70.99,3.577,138.1962667,9.14,0.16,73.2,555954.13
39,6,2012,0,85.72,3.286,220.5278796,6.989,0.16,73.2,1492388.98
9,6,2012,0,87.18,3.286,225.5921049,5.539,0.16,73.2,544770.7
32,6,2012,0,81.95,3.693,197.785577,8.09,0.16,73.2,1178211.81
36,6,2012,0,86.68,3.273,220.5278796,6.989,0.16,73.2,291530.43
11,6,2012,0,87.86,3.286,225.3492435,6.664,0.16,73.2,1297028.6
33,6,2012,0,98.15,3.875,130.7562667,7.396,0.16,73.2,244338.31
12,6,2012,0,90.47,3.875,130.7562667,11.627,0.16,73.2,943124.74
10,6,2012,0,91.36,3.875,130.7562667,7.382,0.16,73.2,1707481.9
8,6,2012,0,84.47,3.286,225.3982943,5.679,0.16,73.2,878298.22
15,6,2012,0,68.91,3.667,138.1962667,8.15,0.16,73.2,624099.48
13,6,2012,0,82.0,3.681,130.7562667,5.965,0.16,73.2,2037663.71
35,6,2012,0,73.94,3.506,142.1920381,8.876,0.16,73.2,892133.41
16,6,2012,0,77.31,3.693,197.785577,6.169,0.16,73.2,570162.28
7,6,2012,0,68.84,3.693,197.785577,8.09,0.16,73.2,704335.41
23,7,2012,0,70.86,3.538,138.2296333,4.156,0.16,72.3,1545370.16
40,7,2012,0,69.08,3.538,138.2296333,4.156,0.16,72.3,1182901.56
13,7,2012,0,79.23,3.63,130.7196333,5.765,0.16,72.3,2184980.35
38,7,2012,0,89.13,3.765,130.7196333,10.926,0.16,72.3,471086.22
24,7,2012,0,77.18,3.646,138.2296333,8.953,0.16,72.3,1645097.75
26,7,2012,0,64.94,3.538,138.2296333,7.405,0.16,72.3,1180470.8
34,7,2012,0,77.95,3.187,130.7196333,9.285,0.16,72.3,1007867.68
5,7,2012,0,82.35,3.227,222.4714336,5.603,0.16,72.3,341214.43
3,7,2012,0,83.14,3.227,225.3916254,6.334,0.16,72.3,411206.5
21,7,2012,0,85.26,3.227,221.5215064,6.565,0.16,72.3,693013.59
37,7,2012,0,81.52,3.227,220.567112,6.623,0.16,72.3,519498.32
31,7,2012,0,85.26,3.227,221.5215064,6.565,0.16,72.3,1458059.42
30,7,2012,0,85.26,3.227,221.5215064,6.565,0.16,72.3,440553.42
29,7,2012,0,77.41,3.538,138.2296333,9.419,0.16,72.3,578832.41
19,7,2012,0,76.07,3.646,138.2296333,8.193,0.16,72.3,1557120.44
39,7,2012,0,81.05,3.227,220.567112,6.623,0.16,72.3,1659221.99
43,7,2012,0,82.68,3.227,213.2797452,9.285,0.16,72.3,645618.59
10,7,2012,0,86.87,3.666,130.7196333,7.17,0.16,72.3,1805999.79
1,7,2012,0,81.57,3.227,221.8837789,6.908,0.16,72.3,1769854.16
35,7,2012,0,82.08,3.475,142.2234298,8.839,0.16,72.3,985479.64
11,7,2012,0,83.44,3.227,225.3916254,6.334,0.16,72.3,1461129.94
45,7,2012,0,82.99,3.475,191.1338827,8.684,0.16,72.3,843361.1
15,7,2012,0,74.64,3.646,138.2296333,8.193,0.16,72.3,678024.75
33,7,2012,0,93.21,3.666,130.7196333,7.147,0.16,72.3,273690.37
25,7,2012,0,75.52,3.475,214.6873514,7.28,0.16,72.3,753385.55
27,7,2012,0,82.08,3.646,142.2234298,8.239,0.16,72.3,2062224.92
12,7,2012,0,89.13,3.765,130.7196333,10.926,0.16,72.3,1014898.78
22,7,2012,0,77.41,3.538,142.2234298,7.753,0.16,72.3,1097786.14
14,7,2012,0,82.99,3.475,191.1338827,8.684,0.16,72.3,1862128.95
9,7,2012,0,84.15,3.227,225.6346256,5.277,0.16,72.3,578790.36
44,7,2012,0,79.23,3.63,130.7196333,5.407,0.16,72.3,358461.58
42,7,2012,0,86.87,3.666,130.7196333,7.17,0.16,72.3,618702.09
36,7,2012,0,81.52,3.232,220.567112,6.623,0.16,72.3,306578.89
20,7,2012,0,79.2,3.475,214.6873514,7.28,0.16,72.3,2358055.3
17,7,2012,0,68.91,3.63,130.7196333,5.936,0.16,72.3,1046782.52
6,7,2012,0,82.95,3.227,223.4919851,5.668,0.16,72.3,1876359.39
16,7,2012,0,70.49,3.646,197.8322195,6.061,0.16,72.3,641763.53
7,7,2012,0,64.67,3.646,197.8322195,7.872,0.16,72.3,805642.61
41,7,2012,0,74.47,3.646,197.8322195,6.432,0.16,72.3,1456300.89
18,7,2012,0,76.08,3.538,138.2296333,8.535,0.16,72.3,1158247.31
8,7,2012,0,81.24,3.227,225.4407043,5.401,0.16,72.3,936205.5
2,7,2012,0,84.2,3.227,221.5215064,6.565,0.16,72.3,2041507.4
4,7,2012,0,80.37,3.187,130.7196333,4.077,0.16,72.3,2224499.28
28,7,2012,0,89.13,3.765,130.7196333,10.926,0.16,72.3,1500863.54
32,7,2012,0,78.68,3.646,197.8322195,7.872,0.16,72.3,1214183.97
22,7,2012,0,75.81,3.561,142.2548214,7.753,0.16,72.3,971361.38
16,7,2012,0,70.29,3.613,197.8788621,6.061,0.16,72.3,569005.06
10,7,2012,0,89.8,3.723,130.683,7.17,0.16,72.3,1765571.91
39,7,2012,0,78.16,3.256,220.6063444,6.623,0.16,72.3,1471261.76
27,7,2012,0,78.95,3.689,142.2548214,8.239,0.16,72.3,1755889.53
24,7,2012,0,75.36,3.689,138.263,8.953,0.16,72.3,1405475.78
29,7,2012,0,75.81,3.561,138.263,9.419,0.16,72.3,514709.76
30,7,2012,0,82.51,3.256,221.5616784,6.565,0.16,72.3,417640.34
13,7,2012,0,83.68,3.595,130.683,5.765,0.16,72.3,2002750.99
41,7,2012,0,67.24,3.613,197.8788621,6.432,0.16,72.3,1332594.07
33,7,2012,0,97.6,3.723,130.683,7.147,0.16,72.3,287033.64
14,7,2012,0,79.97,3.523,191.1685192,8.684,0.16,72.3,1544422.35
21,7,2012,0,82.51,3.256,221.5616784,6.565,0.16,72.3,668132.36
11,7,2012,0,82.46,3.256,225.4340074,6.334,0.16,72.3,1320239.51
9,7,2012,0,82.39,3.256,225.6771463,5.277,0.16,72.3,536537.64
20,7,2012,0,78.27,3.523,214.728027,7.28,0.16,72.3,2134680.12
23,7,2012,0,69.19,3.561,138.263,4.156,0.16,72.3,1384921.63
4,7,2012,0,76.86,3.224,130.683,4.077,0.16,72.3,2100252.61
18,7,2012,0,75.09,3.561,138.263,8.535,0.16,72.3,1024784.92
38,7,2012,0,95.61,3.723,130.683,10.926,0.16,72.3,416036.75
12,7,2012,0,95.61,3.723,130.683,10.926,0.16,72.3,960312.75
25,7,2012,0,73.87,3.523,214.728027,7.28,0.16,72.3,714093.95
7,7,2012,0,64.21,3.613,197.8788621,7.872,0.16,72.3,694150.89
31,7,2012,0,82.51,3.256,221.5616784,6.565,0.16,72.3,1374301.34
2,7,2012,0,80.17,3.256,221.5616784,6.565,0.16,72.3,1830075.13
34,7,2012,0,74.02,3.224,130.683,9.285,0.16,72.3,954677.75
17,7,2012,0,72.94,3.595,130.683,5.936,0.16,72.3,960746.04
15,7,2012,0,72.62,3.689,138.263,8.193,0.16,72.3,591335.5
26,7,2012,0,64.47,3.561,138.263,7.405,0.16,72.3,1063149.78
40,7,2012,0,67.48,3.561,138.263,4.156,0.16,72.3,979848.71
3,7,2012,0,82.28,3.256,225.4340074,6.334,0.16,72.3,416913.1
36,7,2012,0,78.15,3.245,220.6063444,6.623,0.16,72.3,298337.41
37,7,2012,0,78.15,3.256,220.6063444,6.623,0.16,72.3,506005.47
8,7,2012,0,78.46,3.256,225.4831143,5.401,0.16,72.3,890488.01
28,7,2012,0,95.61,3.723,130.683,10.926,0.16,72.3,1179915.04
44,7,2012,0,83.68,3.595,130.683,5.407,0.16,72.3,336479.49
6,7,2012,0,80.27,3.256,223.5332824,5.668,0.16,72.3,1588142.26
45,7,2012,0,79.97,3.523,191.1685192,8.684,0.16,72.3,749817.08
5,7,2012,0,80.78,3.256,222.5121481,5.603,0.16,72.3,316203.64
42,7,2012,0,89.8,3.723,130.683,7.17,0.16,72.3,628099.08
35,7,2012,0,78.95,3.523,142.2548214,8.839,0.16,72.3,825763.48
43,7,2012,0,78.82,3.256,213.3134286,9.285,0.16,72.3,627634.04
32,7,2012,0,71.57,3.613,197.8788621,7.872,0.16,72.3,1141184.66
19,7,2012,0,73.17,3.689,138.263,8.193,0.16,72.3,1321741.35
1,7,2012,0,77.12,3.256,221.9241579,6.908,0.16,72.3,1527014.04
4,7,2012,0,79.14,3.263,130.7012903,4.077,0.16,72.3,2175563.69
42,7,2012,0,84.45,3.589,130.7012903,7.17,0.16,72.3,530318.39
24,7,2012,0,76.42,3.732,138.2331935,8.953,0.16,72.3,1394299.0
17,7,2012,0,70.59,3.556,130.7012903,5.936,0.16,72.3,944698.7
32,7,2012,0,77.76,3.585,197.9290378,7.872,0.16,72.3,1167829.33
20,7,2012,0,76.04,3.567,214.7331351,7.28,0.16,72.3,1970170.29
9,7,2012,0,83.39,3.311,225.6871121,5.277,0.16,72.3,513991.57
8,7,2012,0,79.94,3.311,225.4930078,5.401,0.16,72.3,888834.07
16,7,2012,0,68.43,3.585,197.9290378,6.061,0.16,72.3,565297.54
36,7,2012,0,81.76,3.301,220.6148749,6.623,0.16,72.3,303289.55
14,7,2012,0,78.89,3.567,191.1670428,8.684,0.16,72.3,1553250.16
41,7,2012,0,74.06,3.585,197.9290378,6.432,0.16,72.3,1347175.93
35,7,2012,0,78.64,3.567,142.2337569,8.839,0.16,72.3,841224.74
45,7,2012,0,78.89,3.567,191.1670428,8.684,0.16,72.3,737613.65
25,7,2012,0,74.32,3.567,214.7331351,7.28,0.16,72.3,685676.58
28,7,2012,0,85.53,3.726,130.7012903,10.926,0.16,72.3,1149427.48
12,7,2012,0,85.53,3.726,130.7012903,10.926,0.16,72.3,941550.34
44,7,2012,0,75.69,3.556,130.7012903,5.407,0.16,72.3,337819.16
27,7,2012,0,78.64,3.732,142.2337569,8.239,0.16,72.3,1730913.66
3,7,2012,0,81.38,3.311,225.4438827,6.334,0.16,72.3,432424.85
11,7,2012,0,82.41,3.311,225.4438827,6.334,0.16,72.3,1344483.81
18,7,2012,0,77.43,3.61,138.2331935,8.535,0.16,72.3,1033543.56
6,7,2012,0,81.57,3.311,223.5424501,5.668,0.16,72.3,1574361.97
33,7,2012,0,91.49,3.589,130.7012903,7.147,0.16,72.3,253205.89
13,7,2012,0,75.69,3.556,130.7012903,5.765,0.16,72.3,2053089.32
5,7,2012,0,81.05,3.311,222.5209358,5.603,0.16,72.3,321205.12
1,7,2012,0,80.42,3.311,221.9327267,6.908,0.16,72.3,1497954.76
39,7,2012,0,80.32,3.311,220.6148749,6.623,0.16,72.3,1582168.27
10,7,2012,0,84.45,3.589,130.7012903,7.17,0.16,72.3,1869967.03
43,7,2012,0,83.83,3.311,213.3219124,9.285,0.16,72.3,596554.05
19,7,2012,0,76.17,3.732,138.2331935,8.193,0.16,72.3,1317672.92
29,7,2012,0,76.57,3.61,138.2331935,9.419,0.16,72.3,506705.36
30,7,2012,0,84.25,3.311,221.5701123,6.565,0.16,72.3,427491.04
22,7,2012,0,76.57,3.61,142.2337569,7.753,0.16,72.3,991969.37
37,7,2012,0,81.76,3.311,220.6148749,6.623,0.16,72.3,503744.56
21,7,2012,0,84.25,3.311,221.5701123,6.565,0.16,72.3,691200.33
31,7,2012,0,84.25,3.311,221.5701123,6.565,0.16,72.3,1392395.2
7,7,2012,0,62.87,3.585,197.9290378,7.872,0.16,72.3,686345.69
2,7,2012,0,83.23,3.311,221.5701123,6.565,0.16,72.3,1819666.46
26,7,2012,0,66.75,3.61,138.2331935,7.405,0.16,72.3,1049625.9
40,7,2012,0,70.45,3.61,138.2331935,4.156,0.16,72.3,968502.38
34,7,2012,0,77.7,3.263,130.7012903,9.285,0.16,72.3,950929.59
38,7,2012,0,85.53,3.726,130.7012903,10.926,0.16,72.3,441683.74
23,7,2012,0,71.13,3.61,138.2331935,4.156,0.16,72.3,1381339.23
15,7,2012,0,75.31,3.732,138.2331935,8.193,0.16,72.3,592369.22
42,7,2012,0,83.98,3.769,130.7195806,7.17,0.16,72.3,516352.21
33,7,2012,0,93.95,3.769,130.7195806,7.147,0.16,72.3,249134.32
4,7,2012,0,81.06,3.356,130.7195806,4.077,0.16,72.3,2048613.65
14,7,2012,0,77.2,3.647,191.1655664,8.684,0.16,72.3,1479514.66
35,7,2012,0,76.01,3.647,142.2126924,8.839,0.16,72.3,808030.15
38,7,2012,0,93.47,3.769,130.7195806,10.926,0.16,72.3,407186.47
10,7,2012,0,83.98,3.769,130.7195806,7.17,0.16,72.3,1817603.66
37,7,2012,0,84.0,3.407,220.6234054,6.623,0.16,72.3,514489.17
26,7,2012,0,64.12,3.701,138.2033871,7.405,0.16,72.3,1031745.14
30,7,2012,0,88.09,3.407,221.5785461,6.565,0.16,72.3,424581.17
12,7,2012,0,93.47,3.769,130.7195806,10.926,0.16,72.3,916967.92
44,7,2012,0,80.42,3.537,130.7195806,5.407,0.16,72.3,319855.26
8,7,2012,0,81.71,3.407,225.5029014,5.401,0.16,72.3,838227.52
31,7,2012,0,88.09,3.407,221.5785461,6.565,0.16,72.3,1303732.36
3,7,2012,0,84.94,3.407,225.4537579,6.334,0.16,72.3,389427.9
41,7,2012,0,73.31,3.57,197.9792136,6.432,0.16,72.3,1344723.97
24,7,2012,0,73.62,3.82,138.2033871,8.953,0.16,72.3,1307339.14
20,7,2012,0,74.6,3.647,214.7382432,7.28,0.16,72.3,1911559.1
15,7,2012,0,73.9,3.82,138.2033871,8.193,0.16,72.3,571190.83
19,7,2012,0,74.43,3.82,138.2033871,8.193,0.16,72.3,1248915.43
1,7,2012,0,82.66,3.407,221.9412954,6.908,0.16,72.3,1439123.71
17,7,2012,0,74.2,3.537,130.7195806,5.936,0.16,72.3,907493.24
7,7,2012,0,64.6,3.57,197.9792136,7.872,0.16,72.3,686365.4
40,7,2012,0,67.88,3.701,138.2033871,4.156,0.16,72.3,954396.85
5,7,2012,0,85.06,3.407,222.5297234,5.603,0.16,72.3,306827.36
11,7,2012,0,85.43,3.407,225.4537579,6.334,0.16,72.3,1272395.02
22,7,2012,0,73.52,3.701,142.2126924,7.753,0.16,72.3,925731.21
25,7,2012,0,72.98,3.647,214.7382432,7.28,0.16,72.3,659109.53
34,7,2012,0,77.3,3.356,130.7195806,9.285,0.16,72.3,917883.79
2,7,2012,0,86.37,3.407,221.5785461,6.565,0.16,72.3,1757923.88
13,7,2012,0,80.42,3.537,130.7195806,5.765,0.16,72.3,1914430.53
6,7,2012,0,85.78,3.407,223.5516178,5.668,0.16,72.3,1513229.16
9,7,2012,0,86.41,3.407,225.6970779,5.277,0.16,72.3,495951.0
39,7,2012,0,82.89,3.407,220.6234054,6.623,0.16,72.3,1487797.54
43,7,2012,0,82.01,3.407,213.3303963,9.285,0.16,72.3,572447.52
27,7,2012,0,76.01,3.82,142.2126924,8.239,0.16,72.3,1625883.71
29,7,2012,0,73.52,3.701,138.2033871,9.419,0.16,72.3,475158.24
28,7,2012,0,93.47,3.769,130.7195806,10.926,0.16,72.3,1135035.09
16,7,2012,0,69.0,3.57,197.9792136,6.061,0.16,72.3,539337.87
45,7,2012,0,77.2,3.647,191.1655664,8.684,0.16,72.3,711671.58
23,7,2012,0,69.31,3.701,138.2033871,4.156,0.16,72.3,1322932.36
36,7,2012,0,84.0,3.392,220.6234054,6.623,0.16,72.3,279643.43
32,7,2012,0,77.56,3.57,197.9792136,7.872,0.16,72.3,1144901.52
18,7,2012,0,72.97,3.701,138.2033871,8.535,0.16,72.3,924506.26
21,7,2012,0,88.09,3.407,221.5785461,6.565,0.16,72.3,677789.14
10,8,2012,0,84.76,3.595,130.737871,7.17,0.13,74.3,1939440.09
11,8,2012,0,86.94,3.417,225.4636332,6.334,0.13,74.3,1399341.07
1,8,2012,0,86.11,3.417,221.9498642,6.908,0.13,74.3,1631135.79
23,8,2012,0,71.51,3.698,138.1735806,4.156,0.13,74.3,1416926.31
29,8,2012,0,72.99,3.698,138.1735806,9.419,0.13,74.3,504754.74
30,8,2012,0,91.57,3.417,221.5869799,6.565,0.13,74.3,425136.55
39,8,2012,0,84.05,3.417,220.6319358,6.623,0.13,74.3,1608277.74
5,8,2012,0,86.91,3.417,222.5385111,5.603,0.13,74.3,324195.17
7,8,2012,0,61.83,3.528,198.0293893,7.872,0.13,74.3,680954.81
40,8,2012,0,70.15,3.698,138.1735806,4.156,0.13,74.3,1068346.76
19,8,2012,0,73.41,3.819,138.1735806,8.193,0.13,74.3,1342123.78
42,8,2012,0,84.76,3.595,130.737871,7.17,0.13,74.3,573084.71
32,8,2012,0,75.09,3.528,198.0293893,7.872,0.13,74.3,1183571.35
35,8,2012,0,75.22,3.654,142.1916279,8.839,0.13,74.3,866216.36
45,8,2012,0,76.58,3.654,191.16409,8.684,0.13,74.3,725729.51
28,8,2012,0,88.16,3.76,130.737871,10.926,0.13,74.3,1376520.1
44,8,2012,0,81.99,3.512,130.737871,5.407,0.13,74.3,342385.38
3,8,2012,0,86.55,3.417,225.4636332,6.334,0.13,74.3,419990.29
8,8,2012,0,85.06,3.417,225.5127949,5.401,0.13,74.3,897076.73
43,8,2012,0,85.06,3.417,213.3388802,9.285,0.13,74.3,614378.94
17,8,2012,0,72.94,3.512,130.737871,5.936,0.13,74.3,877813.33
34,8,2012,0,78.93,3.374,130.737871,9.285,0.13,74.3,973250.41
15,8,2012,0,73.13,3.819,138.1735806,8.193,0.13,74.3,590739.62
2,8,2012,0,90.22,3.417,221.5869799,6.565,0.13,74.3,1946104.64
21,8,2012,0,91.57,3.417,221.5869799,6.565,0.13,74.3,693785.85
26,8,2012,0,65.6,3.698,138.1735806,7.405,0.13,74.3,1090915.09
37,8,2012,0,85.56,3.417,220.6319358,6.623,0.13,74.3,521959.28
13,8,2012,0,81.99,3.512,130.737871,5.765,0.13,74.3,2044148.23
31,8,2012,0,91.57,3.417,221.5869799,6.565,0.13,74.3,1390174.63
6,8,2012,0,87.55,3.417,223.5607856,5.668,0.13,74.3,1627274.93
38,8,2012,0,88.16,3.76,130.737871,10.926,0.13,74.3,469311.17
36,8,2012,0,85.56,3.404,220.6319358,6.623,0.13,74.3,304989.97
41,8,2012,0,73.16,3.528,198.0293893,6.432,0.13,74.3,1439607.35
16,8,2012,0,68.59,3.528,198.0293893,6.061,0.13,74.3,584000.71
14,8,2012,0,76.58,3.654,191.16409,8.684,0.13,74.3,1656886.46
20,8,2012,0,74.73,3.654,214.7433514,7.28,0.13,74.3,2094515.71
33,8,2012,0,92.13,3.595,130.737871,7.147,0.13,74.3,258533.12
27,8,2012,0,75.22,3.819,142.1916279,8.239,0.13,74.3,1705810.84
12,8,2012,0,88.16,3.76,130.737871,10.926,0.13,74.3,958667.23
25,8,2012,0,72.08,3.654,214.7433514,7.28,0.13,74.3,709724.6
4,8,2012,0,83.86,3.374,130.737871,4.077,0.13,74.3,2174514.13
9,8,2012,0,90.23,3.417,225.7070437,5.277,0.13,74.3,533887.54
18,8,2012,0,72.67,3.698,138.1735806,8.535,0.13,74.3,1052066.58
22,8,2012,0,72.99,3.698,142.1916279,7.753,0.13,74.3,1007257.83
24,8,2012,0,73.26,3.819,138.1735806,8.953,0.13,74.3,1440374.13
34,8,2012,0,78.26,3.476,130.7561613,9.285,0.13,74.3,1004523.59
16,8,2012,0,70.24,3.509,198.0795651,6.061,0.13,74.3,554036.84
24,8,2012,0,75.53,3.863,138.1437742,8.953,0.13,74.3,1497054.81
15,8,2012,0,73.99,3.863,138.1437742,8.193,0.13,74.3,590453.63
44,8,2012,0,81.69,3.509,130.7561613,5.407,0.13,74.3,333594.81
43,8,2012,0,86.36,3.494,213.3473641,9.285,0.13,74.3,643558.78
20,8,2012,0,75.4,3.722,214.7484595,7.28,0.13,74.3,2144245.39
26,8,2012,0,67.01,3.772,138.1437742,7.405,0.13,74.3,1121476.51
19,8,2012,0,74.45,3.863,138.1437742,8.193,0.13,74.3,1408907.89
22,8,2012,0,76.74,3.772,142.1705634,7.753,0.13,74.3,973812.79
31,8,2012,0,89.57,3.494,221.5954138,6.565,0.13,74.3,1386472.59
17,8,2012,0,73.29,3.509,130.7561613,5.936,0.13,74.3,849074.04
1,8,2012,0,85.05,3.494,221.9584329,6.908,0.13,74.3,1592409.97
8,8,2012,0,83.74,3.494,225.5226885,5.401,0.13,74.3,930745.69
41,8,2012,0,71.73,3.509,198.0795651,6.432,0.13,74.3,1504545.94
13,8,2012,0,81.69,3.509,130.7561613,5.765,0.13,74.3,2041019.92
12,8,2012,0,95.91,3.811,130.7561613,10.926,0.13,74.3,984689.9
40,8,2012,0,70.09,3.772,138.1437742,4.156,0.13,74.3,1007906.43
6,8,2012,0,87.04,3.494,223.5699533,5.668,0.13,74.3,1588380.73
2,8,2012,0,88.55,3.494,221.5954138,6.565,0.13,74.3,1866719.96
37,8,2012,0,84.41,3.494,220.6404663,6.623,0.13,74.3,500964.59
27,8,2012,0,78.44,3.863,142.1705634,8.239,0.13,74.3,1720537.26
21,8,2012,0,89.57,3.494,221.5954138,6.565,0.13,74.3,700272.01
9,8,2012,0,88.66,3.494,225.7170094,5.277,0.13,74.3,538713.47
38,8,2012,0,95.91,3.811,130.7561613,10.926,0.13,74.3,436690.13
42,8,2012,0,90.78,3.811,130.7561613,7.17,0.13,74.3,576620.31
7,8,2012,0,63.41,3.509,198.0795651,7.872,0.13,74.3,675926.3
32,8,2012,0,75.93,3.509,198.0795651,7.872,0.13,74.3,1227469.2
23,8,2012,0,71.12,3.772,138.1437742,4.156,0.13,74.3,1436311.76
18,8,2012,0,75.7,3.772,138.1437742,8.535,0.13,74.3,967304.07
29,8,2012,0,76.74,3.772,138.1437742,9.419,0.13,74.3,518628.42
4,8,2012,0,83.21,3.476,130.7561613,4.077,0.13,74.3,2193367.69
30,8,2012,0,89.57,3.494,221.5954138,6.565,0.13,74.3,430878.28
11,8,2012,0,86.21,3.494,225.4735085,6.334,0.13,74.3,1388973.65
3,8,2012,0,85.85,3.494,225.4735085,6.334,0.13,74.3,391811.6
39,8,2012,0,83.47,3.494,220.6404663,6.623,0.13,74.3,1641867.92
10,8,2012,0,90.78,3.811,130.7561613,7.17,0.13,74.3,1880436.94
14,8,2012,0,78.65,3.722,191.1626135,8.684,0.13,74.3,1648570.03
28,8,2012,0,95.91,3.811,130.7561613,10.926,0.13,74.3,1269113.41
36,8,2012,0,84.41,3.49,220.6404663,6.623,0.13,74.3,298947.51
25,8,2012,0,71.93,3.722,214.7484595,7.28,0.13,74.3,710496.97
5,8,2012,0,86.96,3.494,222.5472987,5.603,0.13,74.3,306759.7
45,8,2012,0,78.65,3.722,191.1626135,8.684,0.13,74.3,733037.32
33,8,2012,0,100.07,3.811,130.7561613,7.147,0.13,74.3,297753.49
35,8,2012,0,78.44,3.722,142.1705634,8.839,0.13,74.3,888368.8
42,8,2012,0,88.83,4.002,130.7909677,7.17,0.13,74.3,575997.78
28,8,2012,0,94.87,4.002,130.7909677,10.926,0.13,74.3,1184198.41
44,8,2012,0,79.4,3.545,130.7909677,5.407,0.13,74.3,327389.51
27,8,2012,0,76.51,3.963,142.2157385,8.239,0.13,74.3,1735339.59
25,8,2012,0,66.99,3.807,214.825578,7.28,0.13,74.3,728467.72
24,8,2012,0,72.87,3.963,138.1857097,8.953,0.13,74.3,1397970.54
6,8,2012,0,87.53,3.571,223.6510224,5.668,0.13,74.3,1543049.52
12,8,2012,0,94.87,4.002,130.7909677,10.926,0.13,74.3,1005003.12
45,8,2012,0,75.71,3.807,191.2284919,8.684,0.13,74.3,722496.93
16,8,2012,0,62.07,3.545,198.1001057,6.061,0.13,74.3,521896.6
3,8,2012,0,87.36,3.571,225.5558664,6.334,0.13,74.3,394918.83
17,8,2012,0,70.98,3.545,130.7909677,5.936,0.13,74.3,844928.17
8,8,2012,0,81.21,3.571,225.6050797,5.401,0.13,74.3,896613.19
7,8,2012,0,59.66,3.545,198.1001057,7.872,0.13,74.3,642450.4
10,8,2012,0,88.83,4.002,130.7909677,7.17,0.13,74.3,1827797.4
35,8,2012,0,76.51,3.807,142.2157385,8.839,0.13,74.3,887979.47
41,8,2012,0,65.77,3.545,198.1001057,6.432,0.13,74.3,1560590.05
14,8,2012,0,75.71,3.807,191.2284919,8.684,0.13,74.3,1660433.3
39,8,2012,0,84.72,3.571,220.7199609,6.623,0.13,74.3,1720221.91
4,8,2012,0,81.41,3.552,130.7909677,4.077,0.13,74.3,2283540.3
36,8,2012,0,85.89,3.571,220.7199609,6.623,0.13,74.3,314607.22
33,8,2012,0,96.79,4.002,130.7909677,7.147,0.13,74.3,270097.76
29,8,2012,0,74.92,3.84,138.1857097,9.419,0.13,74.3,416881.66
5,8,2012,0,87.52,3.571,222.6276753,5.603,0.13,74.3,314014.18
32,8,2012,0,70.75,3.545,198.1001057,7.872,0.13,74.3,1261306.37
34,8,2012,0,77.78,3.552,130.7909677,9.285,0.13,74.3,1013820.86
9,8,2012,0,86.37,3.571,225.7995323,5.277,0.13,74.3,535153.47
15,8,2012,0,70.29,3.963,138.1857097,8.193,0.13,74.3,579738.2
11,8,2012,0,87.73,3.571,225.5558664,6.334,0.13,74.3,1421307.2
22,8,2012,0,74.92,3.84,142.2157385,7.753,0.13,74.3,981273.26
19,8,2012,0,69.83,3.963,138.1857097,8.193,0.13,74.3,1375101.26
23,8,2012,0,69.97,3.84,138.1857097,4.156,0.13,74.3,1510131.45
31,8,2012,0,85.55,3.571,221.6751459,6.565,0.13,74.3,1410181.7
20,8,2012,0,69.57,3.807,214.825578,7.28,0.13,74.3,2045061.22
1,8,2012,0,84.85,3.571,222.0384109,6.908,0.13,74.3,1597868.05
43,8,2012,0,85.66,3.571,213.4226959,9.285,0.13,74.3,640210.85
13,8,2012,0,79.4,3.545,130.7909677,5.765,0.13,74.3,2095769.18
38,8,2012,0,94.87,4.002,130.7909677,10.926,0.13,74.3,411866.46
21,8,2012,0,85.55,3.571,221.6751459,6.565,0.13,74.3,751963.81
2,8,2012,0,84.79,3.571,221.6751459,6.565,0.13,74.3,1928016.01
40,8,2012,0,69.41,3.84,138.1857097,4.156,0.13,74.3,969387.48
37,8,2012,0,85.89,3.571,220.7199609,6.623,0.13,74.3,509633.71
26,8,2012,0,65.54,3.84,138.1857097,7.405,0.13,74.3,1068292.56
18,8,2012,0,73.25,3.84,138.1857097,8.535,0.13,74.3,1048134.24
30,8,2012,0,85.55,3.571,221.6751459,6.565,0.13,74.3,423351.15
9,8,2012,0,77.9,3.62,225.9364729,5.277,0.13,74.3,572887.78
21,8,2012,0,77.72,3.62,221.8083518,6.565,0.13,74.3,802003.61
10,8,2012,0,82.5,4.055,130.8381613,7.17,0.13,74.3,1764984.15
35,8,2012,0,72.93,3.834,142.3105933,8.839,0.13,74.3,895274.72
14,8,2012,0,72.62,3.834,191.3448865,8.684,0.13,74.3,1621841.33
36,8,2012,0,81.26,3.574,220.8526787,6.623,0.13,74.3,282545.55
25,8,2012,0,64.53,3.834,214.9567044,7.28,0.13,74.3,756527.64
31,8,2012,0,77.72,3.62,221.8083518,6.565,0.13,74.3,1379783.21
43,8,2012,0,81.65,3.62,213.5481636,9.285,0.13,74.3,598234.64
20,8,2012,0,68.27,3.834,214.9567044,7.28,0.13,74.3,2005341.43
13,8,2012,0,77.37,3.582,130.8381613,5.765,0.13,74.3,2059458.25
24,8,2012,0,68.13,3.997,138.2814516,8.953,0.13,74.3,1303726.54
3,8,2012,0,83.01,3.62,225.6925864,6.334,0.13,74.3,412449.67
2,8,2012,0,76.91,3.62,221.8083518,6.565,0.13,74.3,1876788.15
32,8,2012,0,70.12,3.558,198.0984199,7.872,0.13,74.3,1272809.11
22,8,2012,0,70.42,3.874,142.3105933,7.753,0.13,74.3,1060906.75
34,8,2012,0,72.44,3.61,130.8381613,9.285,0.13,74.3,926250.21
40,8,2012,0,63.91,3.874,138.2814516,4.156,0.13,74.3,945318.47
44,8,2012,0,77.37,3.582,130.8381613,5.407,0.13,74.3,337985.74
1,8,2012,0,77.66,3.62,222.1719457,6.908,0.13,74.3,1494122.38
15,8,2012,0,66.98,3.997,138.2814516,8.193,0.13,74.3,606210.77
18,8,2012,0,68.52,3.874,138.2814516,8.535,0.13,74.3,1145840.91
30,8,2012,0,77.72,3.62,221.8083518,6.565,0.13,74.3,425296.65
38,8,2012,0,85.32,4.055,130.8381613,10.926,0.13,74.3,397428.22
11,8,2012,0,83.17,3.62,225.6925864,6.334,0.13,74.3,1409515.73
4,8,2012,0,75.76,3.61,130.8381613,4.077,0.13,74.3,2125241.68
16,8,2012,0,61.44,3.558,198.0984199,6.061,0.13,74.3,551152.15
5,8,2012,0,79.45,3.62,222.7617437,5.603,0.13,74.3,320831.36
33,8,2012,0,89.62,4.055,130.8381613,7.147,0.13,74.3,247672.56
39,8,2012,0,80.49,3.62,220.8526787,6.623,0.13,74.3,1724669.75
29,8,2012,0,70.42,3.874,138.2814516,9.419,0.13,74.3,615026.15
23,8,2012,0,64.63,3.874,138.2814516,4.156,0.13,74.3,1702220.96
41,8,2012,0,69.07,3.558,198.0984199,6.432,0.13,74.3,1464462.85
26,8,2012,0,62.08,3.874,138.2814516,7.405,0.13,74.3,1022704.2
8,8,2012,0,73.77,3.62,225.7418442,5.401,0.13,74.3,936373.65
19,8,2012,0,66.66,3.997,138.2814516,8.193,0.13,74.3,1544653.37
12,8,2012,0,85.32,4.055,130.8381613,10.926,0.13,74.3,1048101.39
28,8,2012,0,85.32,4.055,130.8381613,10.926,0.13,74.3,1199309.59
7,8,2012,0,59.27,3.558,198.0984199,7.872,0.13,74.3,609099.37
45,8,2012,0,72.62,3.834,191.3448865,8.684,0.13,74.3,718232.26
42,8,2012,0,82.5,4.055,130.8381613,7.17,0.13,74.3,535537.03
27,8,2012,0,72.93,3.997,142.3105933,8.239,0.13,74.3,1780443.36
37,8,2012,0,81.26,3.62,220.8526787,6.623,0.13,74.3,522665.04
6,8,2012,0,79.03,3.62,223.7860175,5.668,0.13,74.3,1501095.49
17,8,2012,0,68.89,3.582,130.8381613,5.936,0.13,74.3,924299.78
38,8,2012,0,89.78,4.093,130.8853548,10.926,0.13,74.3,424904.95
10,8,2012,0,86.97,3.886,130.8853548,7.17,0.13,74.3,1650285.54
42,8,2012,0,86.97,3.886,130.8853548,7.17,0.13,74.3,504760.57
28,8,2012,0,89.78,4.093,130.8853548,10.926,0.13,74.3,1227118.75
5,8,2012,0,84.25,3.638,222.8958121,5.603,0.13,74.3,344642.01
14,8,2012,0,75.09,3.867,191.461281,8.684,0.13,74.3,1613342.19
4,8,2012,0,76.47,3.646,130.8853548,4.077,0.13,74.3,2081181.35
41,8,2012,0,71.56,3.556,198.0967341,6.432,0.13,74.3,1360517.52
9,8,2012,0,80.71,3.638,226.0734135,5.277,0.13,74.3,576879.15
35,8,2012,0,75.0,3.867,142.4054482,8.839,0.13,74.3,931278.97
33,8,2012,0,94.55,3.886,130.8853548,7.147,0.13,74.3,237129.81
36,8,2012,0,84.79,3.608,220.9853964,6.623,0.13,74.3,282647.48
45,8,2012,0,75.09,3.867,191.461281,8.684,0.13,74.3,734297.87
24,8,2012,0,71.18,4.026,138.3771935,8.953,0.13,74.3,1344558.92
29,8,2012,0,71.93,3.884,138.3771935,9.419,0.13,74.3,545844.91
12,8,2012,0,89.78,4.093,130.8853548,10.926,0.13,74.3,1061943.49
21,8,2012,0,83.58,3.638,221.9415576,6.565,0.13,74.3,763867.59
20,8,2012,0,72.66,3.867,215.0878309,7.28,0.13,74.3,2062481.56
23,8,2012,0,68.34,3.884,138.3771935,4.156,0.13,74.3,1577468.78
39,8,2012,0,83.72,3.638,220.9853964,6.623,0.13,74.3,1710923.94
22,8,2012,0,71.93,3.884,142.4054482,7.753,0.13,74.3,1022270.86
11,8,2012,0,86.49,3.638,225.8293063,6.334,0.13,74.3,1372872.35
6,8,2012,0,83.58,3.638,223.9210125,5.668,0.13,74.3,1577439.81
26,8,2012,0,63.69,3.884,138.3771935,7.405,0.13,74.3,1053495.51
37,8,2012,0,84.79,3.638,220.9853964,6.623,0.13,74.3,538344.1
44,8,2012,0,79.18,3.624,130.8853548,5.407,0.13,74.3,339490.69
40,8,2012,0,66.11,3.884,138.3771935,4.156,0.13,74.3,987264.67
2,8,2012,0,82.64,3.638,221.9415576,6.565,0.13,74.3,1947083.3
25,8,2012,0,68.55,3.867,215.0878309,7.28,0.13,74.3,714828.73
32,8,2012,0,76.12,3.556,198.0967341,7.872,0.13,74.3,1183979.27
1,8,2012,0,80.49,3.638,222.3054805,6.908,0.13,74.3,1582083.4
3,8,2012,0,85.18,3.638,225.8293063,6.334,0.13,74.3,408838.73
8,8,2012,0,75.33,3.638,225.8786088,5.401,0.13,74.3,976137.73
30,8,2012,0,83.58,3.638,221.9415576,6.565,0.13,74.3,439132.5
13,8,2012,0,79.18,3.624,130.8853548,5.765,0.13,74.3,2073855.42
19,8,2012,0,71.85,4.026,138.3771935,8.193,0.13,74.3,1542719.87
16,8,2012,0,64.19,3.556,198.0967341,6.061,0.13,74.3,551837.31
31,8,2012,0,83.58,3.638,221.9415576,6.565,0.13,74.3,1373651.49
34,8,2012,0,75.89,3.646,130.8853548,9.285,0.13,74.3,933487.71
18,8,2012,0,70.09,3.884,138.3771935,8.535,0.13,74.3,1117097.23
17,8,2012,0,68.07,3.624,130.8853548,5.936,0.13,74.3,865924.2
15,8,2012,0,71.42,4.026,138.3771935,8.193,0.13,74.3,610185.32
7,8,2012,0,60.46,3.556,198.0967341,7.872,0.13,74.3,586467.16
43,8,2012,0,81.12,3.638,213.6736313,9.285,0.13,74.3,593141.29
27,8,2012,0,75.0,4.026,142.4054482,8.239,0.13,74.3,1731935.43
23,9,2012,1,66.74,3.921,138.4729355,4.156,0.14,78.3,1427162.26
22,9,2012,1,73.3,3.921,142.500303,7.753,0.14,78.3,996628.8
18,9,2012,1,71.85,3.921,138.4729355,8.535,0.14,78.3,1083521.24
9,9,2012,1,87.93,3.73,226.2103541,5.277,0.14,78.3,565812.29
42,9,2012,1,83.07,4.124,130.9325484,7.17,0.14,78.3,617405.35
29,9,2012,1,73.3,3.921,138.4729355,9.419,0.14,78.3,540811.85
36,9,2012,1,84.19,3.697,221.1181142,6.623,0.14,78.3,293728.57
39,9,2012,1,83.71,3.73,221.1181142,6.623,0.14,78.3,1609811.75
5,9,2012,1,86.3,3.73,223.0298805,5.603,0.14,78.3,350648.91
43,9,2012,1,84.99,3.73,213.7990991,9.285,0.14,78.3,663814.18
34,9,2012,1,78.26,3.709,130.9325484,9.285,0.14,78.3,976415.56
13,9,2012,1,70.65,3.689,130.9325484,5.765,0.14,78.3,2165796.31
32,9,2012,1,72.56,3.596,198.0950484,7.872,0.14,78.3,1126685.95
2,9,2012,1,87.65,3.73,222.0747635,6.565,0.14,78.3,1898777.07
40,9,2012,1,65.06,3.921,138.4729355,4.156,0.14,78.3,1088248.4
6,9,2012,1,86.33,3.73,224.0560076,5.668,0.14,78.3,1608077.01
17,9,2012,1,61.99,3.689,130.9325484,5.936,0.14,78.3,1255633.29
28,9,2012,1,88.52,4.124,130.9325484,10.926,0.14,78.3,1469693.99
45,9,2012,1,75.7,3.911,191.5776756,8.684,0.14,78.3,766512.66
16,9,2012,1,60.09,3.596,198.0950484,6.061,0.14,78.3,537138.58
11,9,2012,1,85.17,3.73,225.9660263,6.334,0.14,78.3,1304584.4
31,9,2012,1,88.4,3.73,222.0747635,6.565,0.14,78.3,1358111.62
27,9,2012,1,76.0,4.076,142.500303,8.239,0.14,78.3,1840955.23
30,9,2012,1,88.4,3.73,222.0747635,6.565,0.14,78.3,433565.77
38,9,2012,1,88.52,4.124,130.9325484,10.926,0.14,78.3,490274.82
14,9,2012,1,75.7,3.911,191.5776756,8.684,0.14,78.3,1904512.34
4,9,2012,1,82.09,3.709,130.9325484,4.077,0.14,78.3,2125104.72
19,9,2012,1,72.2,4.076,138.4729355,8.193,0.14,78.3,1497073.82
33,9,2012,1,92.02,4.124,130.9325484,7.147,0.14,78.3,286428.78
1,9,2012,1,83.96,3.73,222.4390153,6.908,0.14,78.3,1661767.33
12,9,2012,1,88.52,4.124,130.9325484,10.926,0.14,78.3,955146.04
44,9,2012,1,70.65,3.689,130.9325484,5.407,0.14,78.3,338737.33
26,9,2012,1,61.58,3.921,138.4729355,7.405,0.14,78.3,1081874.03
41,9,2012,1,67.41,3.596,198.0950484,6.432,0.14,78.3,1392143.82
24,9,2012,1,72.81,4.076,138.4729355,8.953,0.14,78.3,1477134.75
8,9,2012,1,80.87,3.73,226.0153733,5.401,0.14,78.3,932160.37
20,9,2012,1,76.36,3.911,215.2189573,7.28,0.14,78.3,2080529.06
15,9,2012,1,71.61,4.076,138.4729355,8.193,0.14,78.3,587259.82
37,9,2012,1,84.19,3.73,221.1181142,6.623,0.14,78.3,526838.14
3,9,2012,1,84.99,3.73,225.9660263,6.334,0.14,78.3,408229.73
21,9,2012,1,88.4,3.73,222.0747635,6.565,0.14,78.3,642827.29
7,9,2012,1,57.84,3.596,198.0950484,7.872,0.14,78.3,597876.55
10,9,2012,1,83.07,4.124,130.9325484,7.17,0.14,78.3,1708283.28
35,9,2012,1,76.0,3.911,142.500303,8.839,0.14,78.3,984833.35
25,9,2012,1,72.79,3.911,215.2189573,7.28,0.14,78.3,671482.9
34,9,2012,0,64.28,3.706,130.9776667,9.285,0.14,78.3,955211.7
31,9,2012,0,76.1,3.717,222.2174395,6.565,0.14,78.3,1327705.44
45,9,2012,0,67.87,3.948,191.69985,8.684,0.14,78.3,702238.27
17,9,2012,0,59.64,3.749,130.9776667,5.936,0.14,78.3,1071040.22
40,9,2012,0,59.38,3.988,138.5673,4.156,0.14,78.3,901709.82
35,9,2012,0,68.72,3.948,142.5938833,8.839,0.14,78.3,821568.64
28,9,2012,0,83.64,4.133,130.9776667,10.926,0.14,78.3,1124660.77
19,9,2012,0,65.08,4.088,138.5673,8.193,0.14,78.3,1370653.41
37,9,2012,0,78.16,3.717,221.2601207,6.623,0.14,78.3,514651.74
13,9,2012,0,68.55,3.749,130.9776667,5.765,0.14,78.3,1919917.03
8,9,2012,0,67.21,3.717,226.1615981,5.401,0.14,78.3,883569.38
1,9,2012,0,74.97,3.717,222.5820193,6.908,0.14,78.3,1517428.87
2,9,2012,0,75.88,3.717,222.2174395,6.565,0.14,78.3,1814806.63
44,9,2012,0,68.55,3.749,130.9776667,5.407,0.14,78.3,347726.67
3,9,2012,0,78.36,3.717,226.1122067,6.334,0.14,78.3,407589.16
43,9,2012,0,73.03,3.717,213.9332167,9.285,0.14,78.3,625196.94
26,9,2012,0,57.69,3.988,138.5673,7.405,0.14,78.3,986131.94
6,9,2012,0,76.41,3.717,224.2004678,5.668,0.14,78.3,1375166.86
10,9,2012,0,78.47,3.966,130.9776667,7.17,0.14,78.3,1640168.99
32,9,2012,0,64.05,3.659,198.1267184,7.872,0.14,78.3,1156377.47
7,9,2012,0,53.66,3.659,198.1267184,7.872,0.14,78.3,541120.2
20,9,2012,0,64.84,3.948,215.3583757,7.28,0.14,78.3,2047949.98
21,9,2012,0,76.1,3.717,222.2174395,6.565,0.14,78.3,628494.63
23,9,2012,0,61.37,3.988,138.5673,4.156,0.14,78.3,1279041.64
24,9,2012,0,64.28,4.088,138.5673,8.953,0.14,78.3,1242909.53
9,9,2012,0,73.55,3.717,226.3567545,5.277,0.14,78.3,523427.35
38,9,2012,0,83.64,4.133,130.9776667,10.926,0.14,78.3,430944.39
16,9,2012,0,56.69,3.659,198.1267184,6.061,0.14,78.3,526525.16
15,9,2012,0,65.44,4.088,138.5673,8.193,0.14,78.3,527509.76
29,9,2012,0,66.42,3.988,138.5673,9.419,0.14,78.3,475127.18
41,9,2012,0,59.39,3.659,198.1267184,6.432,0.14,78.3,1306644.25
25,9,2012,0,60.9,3.948,215.3583757,7.28,0.14,78.3,657241.63
22,9,2012,0,66.42,3.988,142.5938833,7.753,0.14,78.3,918049.28
12,9,2012,0,83.64,4.133,130.9776667,10.926,0.14,78.3,885892.37
42,9,2012,0,78.47,3.966,130.9776667,7.17,0.14,78.3,586737.66
33,9,2012,0,83.4,3.966,130.9776667,7.147,0.14,78.3,277417.53
4,9,2012,0,68.2,3.706,130.9776667,4.077,0.14,78.3,2117854.6
39,9,2012,0,76.71,3.717,221.2601207,6.623,0.14,78.3,1447614.08
14,9,2012,0,67.87,3.948,191.69985,8.684,0.14,78.3,1554794.22
5,9,2012,0,76.65,3.717,223.1734167,5.603,0.14,78.3,299800.67
30,9,2012,0,76.1,3.717,222.2174395,6.565,0.14,78.3,437773.31
11,9,2012,0,79.61,3.717,226.1122067,6.334,0.14,78.3,1267675.05
27,9,2012,0,68.72,4.088,142.5938833,8.239,0.14,78.3,1519604.5
36,9,2012,0,78.16,3.692,221.2601207,6.623,0.14,78.3,301893.63
18,9,2012,0,64.45,3.988,138.5673,8.535,0.14,78.3,960476.1
22,9,2012,0,63.38,4.056,142.6798167,7.753,0.14,78.3,921612.53
35,9,2012,0,66.1,4.038,142.6798167,8.839,0.14,78.3,772302.94
23,9,2012,0,56.8,4.056,138.6534,4.156,0.14,78.3,1338627.55
45,9,2012,0,65.32,4.038,191.8567038,8.684,0.14,78.3,723086.2
10,9,2012,0,81.93,4.125,131.0103333,7.17,0.14,78.3,1671857.57
34,9,2012,0,66.08,3.721,131.0103333,9.285,0.14,78.3,943047.78
24,9,2012,0,61.25,4.203,138.6534,8.953,0.14,78.3,1261158.47
44,9,2012,0,67.96,3.821,131.0103333,5.407,0.14,78.3,336017.6
1,9,2012,0,69.87,3.721,222.7818386,6.908,0.14,78.3,1506126.06
12,9,2012,0,82.97,4.125,131.0103333,10.926,0.14,78.3,922735.37
33,9,2012,0,86.53,4.125,131.0103333,7.147,0.14,78.3,252709.58
32,9,2012,0,63.49,3.765,198.358523,7.872,0.14,78.3,1159119.6
13,9,2012,0,67.96,3.821,131.0103333,5.765,0.14,78.3,1938379.66
21,9,2012,0,71.54,3.721,222.4169362,6.565,0.14,78.3,667151.46
11,9,2012,0,73.64,3.721,226.3151496,6.334,0.14,78.3,1326132.98
17,9,2012,0,58.43,3.821,131.0103333,5.936,0.14,78.3,938303.28
27,9,2012,0,66.1,4.203,142.6798167,8.239,0.14,78.3,1557485.75
7,9,2012,0,51.77,3.765,198.358523,7.872,0.14,78.3,530842.25
26,9,2012,0,52.68,4.056,138.6534,7.405,0.14,78.3,961084.08
8,9,2012,0,66.96,3.721,226.3645848,5.401,0.14,78.3,857796.45
20,9,2012,0,60.94,4.038,215.5475459,7.28,0.14,78.3,2028587.24
40,9,2012,0,54.12,4.056,138.6534,4.156,0.14,78.3,899768.4
9,9,2012,0,69.92,3.721,226.5599138,5.277,0.14,78.3,533756.88
25,9,2012,0,57.6,4.038,215.5475459,7.28,0.14,78.3,664745.2
36,9,2012,0,75.98,3.709,221.4578604,6.623,0.14,78.3,293804.45
37,9,2012,0,75.98,3.721,221.4578604,6.623,0.14,78.3,521320.98
18,9,2012,0,60.23,4.056,138.6534,8.535,0.14,78.3,971386.65
16,9,2012,0,56.48,3.765,198.358523,6.061,0.14,78.3,509942.56
3,9,2012,0,72.78,3.721,226.3151496,6.334,0.14,78.3,414392.09
31,9,2012,0,71.54,3.721,222.4169362,6.565,0.14,78.3,1373064.87
29,9,2012,0,63.38,4.056,138.6534,9.419,0.14,78.3,489079.23
39,9,2012,0,73.58,3.721,221.4578604,6.623,0.14,78.3,1555672.51
5,9,2012,0,71.09,3.721,223.3737593,5.603,0.14,78.3,307306.76
42,9,2012,0,81.93,4.125,131.0103333,7.17,0.14,78.3,527165.7
43,9,2012,0,75.87,3.721,214.1192333,9.285,0.14,78.3,601990.02
14,9,2012,0,65.32,4.038,191.8567038,8.684,0.14,78.3,1565352.46
30,9,2012,0,71.54,3.721,222.4169362,6.565,0.14,78.3,443891.64
15,9,2012,0,60.34,4.203,138.6534,8.193,0.14,78.3,533161.64
19,9,2012,0,60.62,4.203,138.6534,8.193,0.14,78.3,1338572.29
41,9,2012,0,59.81,3.765,198.358523,6.432,0.14,78.3,1276609.36
4,9,2012,0,68.97,3.721,131.0103333,4.077,0.14,78.3,2119438.53
2,9,2012,0,71.09,3.721,222.4169362,6.565,0.14,78.3,1829415.67
28,9,2012,0,82.97,4.125,131.0103333,10.926,0.14,78.3,1135340.19
6,9,2012,0,70.81,3.721,224.4017192,5.668,0.14,78.3,1425603.65
38,9,2012,0,82.97,4.125,131.0103333,10.926,0.14,78.3,409600.98
4,9,2012,0,71.74,3.666,131.043,4.077,0.14,78.3,2027620.23
39,9,2012,0,78.04,3.666,221.6556,6.623,0.14,78.3,1495607.07
10,9,2012,0,82.52,3.966,131.043,7.17,0.14,78.3,1694862.41
29,9,2012,0,62.17,4.018,138.7395,9.419,0.14,78.3,489674.23
31,9,2012,0,80.38,3.666,222.6164329,6.565,0.14,78.3,1279080.58
30,9,2012,0,80.38,3.666,222.6164329,6.565,0.14,78.3,425410.04
12,9,2012,0,81.22,3.966,131.043,10.926,0.14,78.3,880415.67
14,9,2012,0,64.88,3.997,192.0135577,8.684,0.14,78.3,1522512.2
3,9,2012,0,77.46,3.666,226.5180926,6.334,0.14,78.3,389813.02
16,9,2012,0,51.4,3.789,198.5903276,6.061,0.14,78.3,469607.73
44,9,2012,0,64.8,3.821,131.043,5.407,0.14,78.3,355307.94
35,9,2012,0,64.92,3.997,142.76575,8.839,0.14,78.3,814099.86
18,9,2012,0,58.24,4.018,138.7395,8.535,0.14,78.3,1002856.2
23,9,2012,0,53.71,4.018,138.7395,4.156,0.14,78.3,1319035.06
7,9,2012,0,50.64,3.789,198.5903276,7.872,0.14,78.3,525545.76
42,9,2012,0,82.52,3.966,131.043,7.17,0.14,78.3,505978.46
19,9,2012,0,56.81,4.158,138.7395,8.193,0.14,78.3,1338299.02
41,9,2012,0,56.08,3.789,198.5903276,6.432,0.14,78.3,1307928.01
37,9,2012,0,79.49,3.666,221.6556,6.623,0.14,78.3,527953.14
22,9,2012,0,62.17,4.018,142.76575,7.753,0.14,78.3,976479.51
27,9,2012,0,64.92,4.158,142.76575,8.239,0.14,78.3,1540687.63
1,9,2012,0,76.08,3.666,222.9816579,6.908,0.14,78.3,1437059.26
8,9,2012,0,71.1,3.666,226.5675714,5.401,0.14,78.3,884724.41
26,9,2012,0,50.66,4.018,138.7395,7.405,0.14,78.3,964726.37
38,9,2012,0,81.22,3.966,131.043,10.926,0.14,78.3,398468.08
15,9,2012,0,57.13,4.158,138.7395,8.193,0.14,78.3,553901.97
2,9,2012,0,79.45,3.666,222.6164329,6.565,0.14,78.3,1746470.56
33,9,2012,0,86.42,3.966,131.043,7.147,0.14,78.3,242813.51
34,9,2012,0,67.06,3.666,131.043,9.285,0.14,78.3,928629.31
9,9,2012,0,76.8,3.666,226.7630732,5.277,0.14,78.3,516361.06
25,9,2012,0,54.52,3.997,215.7367162,7.28,0.14,78.3,683300.84
21,9,2012,0,80.38,3.666,222.6164329,6.565,0.14,78.3,647097.65
36,9,2012,0,79.49,3.66,221.6556,6.623,0.14,78.3,270677.98
43,9,2012,0,77.55,3.666,214.30525,9.285,0.14,78.3,577792.32
6,9,2012,0,77.82,3.666,224.6029706,5.668,0.14,78.3,1369131.46
28,9,2012,0,81.22,3.966,131.043,10.926,0.14,78.3,1129508.61
20,9,2012,0,58.65,3.997,215.7367162,7.28,0.14,78.3,2008350.58
13,9,2012,0,64.8,3.821,131.043,5.765,0.14,78.3,1927664.11
17,9,2012,0,57.77,3.821,131.043,5.936,0.14,78.3,972716.24
40,9,2012,0,50.98,4.018,138.7395,4.156,0.14,78.3,919595.44
24,9,2012,0,58.86,4.158,138.7395,8.953,0.14,78.3,1259278.36
5,9,2012,0,78.33,3.666,223.5741019,5.603,0.14,78.3,310141.68
11,9,2012,0,77.67,3.666,226.5180926,6.334,0.14,78.3,1227430.73
32,9,2012,0,60.62,3.789,198.5903276,7.872,0.14,78.3,1157111.15
45,9,2012,0,64.88,3.997,192.0135577,8.684,0.14,78.3,713173.95
15,10,2012,0,59.57,4.151,138.8256,7.992,0.16,82.6,573498.64
8,10,2012,0,61.41,3.617,226.7705581,5.124,0.16,82.6,976436.02
6,10,2012,0,70.84,3.617,224.804222,5.329,0.16,82.6,1518177.71
36,10,2012,0,73.57,3.611,221.8533396,6.228,0.16,82.6,277137.86
2,10,2012,0,70.27,3.617,222.8159296,6.17,0.16,82.6,1998321.04
26,10,2012,0,54.07,4.027,138.8256,7.138,0.16,82.6,1095504.26
32,10,2012,0,55.34,3.779,198.8221322,7.557,0.16,82.6,1202775.24
30,10,2012,0,70.28,3.617,222.8159296,6.17,0.16,82.6,446751.45
43,10,2012,0,74.09,3.617,214.4912667,8.839,0.16,82.6,642614.89
7,10,2012,0,48.43,3.779,198.8221322,7.557,0.16,82.6,505830.56
38,10,2012,0,81.61,3.966,131.0756667,10.199,0.16,82.6,458479.01
33,10,2012,0,85.18,4.132,131.0756667,6.895,0.16,82.6,265444.9
12,10,2012,0,81.61,3.966,131.0756667,10.199,0.16,82.6,979825.92
1,10,2012,0,68.55,3.617,223.1814772,6.573,0.16,82.6,1670785.97
28,10,2012,0,81.61,3.966,131.0756667,10.199,0.16,82.6,1462941.03
45,10,2012,0,64.89,3.985,192.1704115,8.667,0.16,82.6,733455.07
13,10,2012,0,61.79,3.815,131.0756667,5.621,0.16,82.6,2041918.74
41,10,2012,0,50.14,3.779,198.8221322,6.195,0.16,82.6,1400160.95
19,10,2012,0,59.86,4.151,138.8256,7.992,0.16,82.6,1408016.1
17,10,2012,0,52.81,3.815,131.0756667,5.527,0.16,82.6,952609.17
44,10,2012,0,61.79,3.815,131.0756667,5.217,0.16,82.6,337390.44
14,10,2012,0,64.89,3.985,192.1704115,8.667,0.16,82.6,1687592.16
39,10,2012,0,72.05,3.617,221.8533396,6.228,0.16,82.6,1574408.67
10,10,2012,0,80.88,4.132,131.0756667,6.943,0.16,82.6,1758971.38
20,10,2012,0,60.77,3.985,215.9258865,7.293,0.16,82.6,2246411.89
5,10,2012,0,71.17,3.617,223.7744444,5.422,0.16,82.6,343048.29
29,10,2012,0,62.09,4.027,138.8256,9.151,0.16,82.6,520632.8
31,10,2012,0,70.28,3.617,222.8159296,6.17,0.16,82.6,1363365.05
11,10,2012,0,73.37,3.617,226.7210356,6.034,0.16,82.6,1422794.26
24,10,2012,0,60.35,4.151,138.8256,8.693,0.16,82.6,1416720.54
4,10,2012,0,63.07,3.62,131.0756667,3.879,0.16,82.6,2209835.43
16,10,2012,0,50.46,3.779,198.8221322,5.847,0.16,82.6,471281.68
27,10,2012,0,64.5,4.151,142.8516833,8.0,0.16,82.6,1591816.88
34,10,2012,0,65.41,3.62,131.0756667,8.839,0.16,82.6,968896.68
18,10,2012,0,59.68,4.027,138.8256,8.243,0.16,82.6,1092204.79
40,10,2012,0,57.21,4.027,138.8256,4.145,0.16,82.6,1069112.0
23,10,2012,0,56.65,4.027,138.8256,4.145,0.16,82.6,1464616.59
3,10,2012,0,72.74,3.617,226.7210356,6.034,0.16,82.6,443557.65
42,10,2012,0,80.88,4.132,131.0756667,6.943,0.16,82.6,593162.53
21,10,2012,0,70.28,3.617,222.8159296,6.17,0.16,82.6,651768.91
9,10,2012,0,66.61,3.617,226.9662325,4.954,0.16,82.6,606755.3
22,10,2012,0,62.09,4.027,142.8516833,7.543,0.16,82.6,1009887.36
37,10,2012,0,73.57,3.617,221.8533396,6.228,0.16,82.6,546122.37
35,10,2012,0,64.5,3.985,142.8516833,8.665,0.16,82.6,866064.4
25,10,2012,0,57.58,3.985,215.9258865,7.293,0.16,82.6,699536.73
18,10,2012,0,50.97,4.029,138.9117,8.243,0.16,82.6,1074079.0
45,10,2012,0,54.47,4.0,192.3272654,8.667,0.16,82.6,734464.36
39,10,2012,0,69.88,3.601,222.0510793,6.228,0.16,82.6,1494417.07
5,10,2012,0,66.24,3.601,223.974787,5.422,0.16,82.6,325345.41
6,10,2012,0,65.43,3.601,225.0054733,5.329,0.16,82.6,1459396.84
29,10,2012,0,54.18,4.029,138.9117,9.151,0.16,82.6,513737.0
33,10,2012,0,79.64,4.468,131.1083333,6.895,0.16,82.6,291781.15
12,10,2012,0,71.74,4.468,131.1083333,10.199,0.16,82.6,934917.47
38,10,2012,0,71.74,4.468,131.1083333,10.199,0.16,82.6,437320.66
17,10,2012,0,44.82,3.797,131.1083333,5.527,0.16,82.6,919878.34
28,10,2012,0,71.74,4.468,131.1083333,10.199,0.16,82.6,1205536.71
11,10,2012,0,69.94,3.601,226.9239785,6.034,0.16,82.6,1311965.09
41,10,2012,0,39.38,3.76,199.0539368,6.195,0.16,82.6,1409544.97
34,10,2012,0,59.94,3.603,131.1083333,8.839,0.16,82.6,948613.39
22,10,2012,0,54.18,4.029,142.9376167,7.543,0.16,82.6,1004039.84
23,10,2012,0,48.1,4.029,138.9117,4.145,0.16,82.6,1412925.25
40,10,2012,0,47.35,4.029,138.9117,4.145,0.16,82.6,982523.26
7,10,2012,0,41.43,3.76,199.0539368,7.557,0.16,82.6,503463.93
16,10,2012,0,43.26,3.76,199.0539368,5.847,0.16,82.6,491817.19
27,10,2012,0,55.4,4.186,142.9376167,8.0,0.16,82.6,1660081.29
15,10,2012,0,49.12,4.186,138.9117,7.992,0.16,82.6,551799.63
36,10,2012,0,71.28,3.576,222.0510793,6.228,0.16,82.6,300236.85
44,10,2012,0,55.1,3.797,131.1083333,5.217,0.16,82.6,337796.13
3,10,2012,0,70.31,3.601,226.9239785,6.034,0.16,82.6,410804.39
31,10,2012,0,61.53,3.601,223.0154263,6.17,0.16,82.6,1401113.42
13,10,2012,0,55.1,3.797,131.1083333,5.621,0.16,82.6,1999079.44
43,10,2012,0,71.14,3.601,214.6772833,8.839,0.16,82.6,619369.72
10,10,2012,0,76.03,4.468,131.1083333,6.943,0.16,82.6,1713889.11
14,10,2012,0,54.47,4.0,192.3272654,8.667,0.16,82.6,1639585.61
20,10,2012,0,47.2,4.0,216.1150568,7.293,0.16,82.6,2162951.36
1,10,2012,0,62.99,3.601,223.3812965,6.573,0.16,82.6,1573072.81
26,10,2012,0,45.19,4.029,138.9117,7.138,0.16,82.6,1044639.69
19,10,2012,0,48.29,4.186,138.9117,7.992,0.16,82.6,1352809.5
9,10,2012,0,60.09,3.601,227.1693919,4.954,0.16,82.6,558464.8
21,10,2012,0,61.53,3.601,223.0154263,6.17,0.16,82.6,653043.44
2,10,2012,0,60.97,3.601,223.0154263,6.17,0.16,82.6,1900745.13
4,10,2012,0,57.11,3.603,131.1083333,3.879,0.16,82.6,2133026.07
30,10,2012,0,61.53,3.601,223.0154263,6.17,0.16,82.6,434593.26
25,10,2012,0,43.74,4.0,216.1150568,7.293,0.16,82.6,697317.41
32,10,2012,0,43.49,3.76,199.0539368,7.557,0.16,82.6,1176681.31
24,10,2012,0,51.64,4.186,138.9117,8.693,0.16,82.6,1416301.17
42,10,2012,0,76.03,4.468,131.1083333,6.943,0.16,82.6,612379.9
37,10,2012,0,71.28,3.601,222.0510793,6.228,0.16,82.6,521810.75
35,10,2012,0,55.4,4.0,142.9376167,8.665,0.16,82.6,873643.14
8,10,2012,0,55.03,3.601,226.9735448,5.124,0.16,82.6,927511.99
35,10,2012,0,56.53,3.969,142.8633629,8.665,0.16,82.6,829284.67
3,10,2012,0,73.44,3.594,226.9688442,6.034,0.16,82.6,424513.08
10,10,2012,0,72.71,4.449,131.1499677,6.943,0.16,82.6,1734834.82
6,10,2012,0,69.68,3.594,225.0501013,5.329,0.16,82.6,1436883.99
36,10,2012,0,74.06,3.57,222.0951719,6.228,0.16,82.6,287360.05
16,10,2012,0,40.59,3.75,199.1481963,5.847,0.16,82.6,577198.97
42,10,2012,0,72.71,4.449,131.1499677,6.943,0.16,82.6,541406.98
39,10,2012,0,71.45,3.594,222.0951719,6.228,0.16,82.6,1577486.33
29,10,2012,0,55.28,4.0,138.8336129,9.151,0.16,82.6,516909.24
45,10,2012,0,56.47,3.969,192.3308542,8.667,0.16,82.6,718125.53
14,10,2012,0,56.47,3.969,192.3308542,8.667,0.16,82.6,1590274.72
20,10,2012,0,56.26,3.969,216.1464699,7.293,0.16,82.6,1999363.49
9,10,2012,0,68.01,3.594,227.214288,4.954,0.16,82.6,542009.46
5,10,2012,0,69.17,3.594,224.0192873,5.422,0.16,82.6,313358.15
21,10,2012,0,68.52,3.594,223.0598077,6.17,0.16,82.6,641368.14
40,10,2012,0,46.33,4.0,138.8336129,4.145,0.16,82.6,918170.5
25,10,2012,0,51.93,3.969,216.1464699,7.293,0.16,82.6,685531.85
11,10,2012,0,73.77,3.594,226.9688442,6.034,0.16,82.6,1232073.18
4,10,2012,0,64.46,3.61,131.1499677,3.879,0.16,82.6,2097266.85
31,10,2012,0,68.52,3.594,223.0598077,6.17,0.16,82.6,1378730.45
24,10,2012,0,52.59,4.153,138.8336129,8.693,0.16,82.6,1255414.84
22,10,2012,0,55.28,4.0,142.8633629,7.543,0.16,82.6,978027.95
19,10,2012,0,53.44,4.153,138.8336129,7.992,0.16,82.6,1321102.35
13,10,2012,0,52.06,3.781,131.1499677,5.621,0.16,82.6,2018010.15
17,10,2012,0,48.16,3.781,131.1499677,5.527,0.16,82.6,957356.84
1,10,2012,0,67.97,3.594,223.4257233,6.573,0.16,82.6,1508068.77
12,10,2012,0,68.66,4.449,131.1499677,10.199,0.16,82.6,960945.43
32,10,2012,0,53.57,3.75,199.1481963,7.557,0.16,82.6,1199292.06
23,10,2012,0,47.89,4.0,138.8336129,4.145,0.16,82.6,1363155.77
33,10,2012,0,75.55,4.449,131.1499677,6.895,0.16,82.6,254412.34
38,10,2012,0,68.66,4.449,131.1499677,10.199,0.16,82.6,428806.46
28,10,2012,0,68.66,4.449,131.1499677,10.199,0.16,82.6,1143724.48
7,10,2012,0,43.01,3.75,199.1481963,7.557,0.16,82.6,516424.83
15,10,2012,0,52.89,4.153,138.8336129,7.992,0.16,82.6,555652.77
44,10,2012,0,52.06,3.781,131.1499677,5.217,0.16,82.6,323766.77
8,10,2012,0,62.99,3.594,227.0184166,5.124,0.16,82.6,900309.75
2,10,2012,0,68.08,3.594,223.0598077,6.17,0.16,82.6,1847990.41
30,10,2012,0,68.52,3.594,223.0598077,6.17,0.16,82.6,437537.29
27,10,2012,0,56.53,4.153,142.8633629,8.0,0.16,82.6,1620374.24
41,10,2012,0,49.56,3.75,199.1481963,6.195,0.16,82.6,1326197.24
43,10,2012,0,71.25,3.594,214.7212488,8.839,0.16,82.6,623919.23
18,10,2012,0,51.96,4.0,138.8336129,8.243,0.16,82.6,1048706.75
37,10,2012,0,74.06,3.594,222.0951719,6.228,0.16,82.6,551969.1
34,10,2012,0,58.47,3.61,131.1499677,8.839,0.16,82.6,963516.28
26,10,2012,0,43.51,4.0,138.8336129,7.138,0.16,82.6,975578.02
21,10,2012,0,70.5,3.506,223.0783366,6.17,0.16,82.6,675202.87
24,10,2012,0,55.16,4.071,138.7281613,8.693,0.16,82.6,1307182.29
32,10,2012,0,47.22,3.686,199.2195317,7.557,0.16,82.6,1219979.29
9,10,2012,0,69.52,3.506,227.2328068,4.954,0.16,82.6,549731.49
17,10,2012,0,39.94,3.755,131.1930968,5.527,0.16,82.6,943465.29
28,10,2012,0,65.95,4.301,131.1930968,10.199,0.16,82.6,1213860.61
36,10,2012,0,74.39,3.494,222.1136566,6.228,0.16,82.6,272489.41
2,10,2012,0,69.79,3.506,223.0783366,6.17,0.16,82.6,1834458.35
39,10,2012,0,72.9,3.506,222.1136566,6.228,0.16,82.6,1569502.0
43,10,2012,0,69.17,3.506,214.7415392,8.839,0.16,82.6,587603.55
6,10,2012,0,72.34,3.506,225.0686254,5.329,0.16,82.6,1431426.34
13,10,2012,0,46.97,3.755,131.1930968,5.621,0.16,82.6,2035189.66
4,10,2012,0,63.64,3.514,131.1930968,3.879,0.16,82.6,2149594.46
16,10,2012,0,40.99,3.686,199.2195317,5.847,0.16,82.6,475770.14
11,10,2012,0,74.26,3.506,226.9873637,6.034,0.16,82.6,1200729.45
41,10,2012,0,41.8,3.686,199.2195317,6.195,0.16,82.6,1316542.59
33,10,2012,0,73.7,4.301,131.1930968,6.895,0.16,82.6,253731.13
12,10,2012,0,65.95,4.301,131.1930968,10.199,0.16,82.6,974697.6
30,10,2012,0,70.5,3.506,223.0783366,6.17,0.16,82.6,439424.5
15,10,2012,0,55.75,4.071,138.7281613,7.992,0.16,82.6,558473.6
19,10,2012,0,56.49,4.071,138.7281613,7.992,0.16,82.6,1322117.96
26,10,2012,0,46.95,3.917,138.7281613,7.138,0.16,82.6,958619.8
1,10,2012,0,69.16,3.506,223.4442513,6.573,0.16,82.6,1493659.74
44,10,2012,0,46.97,3.755,131.1930968,5.217,0.16,82.6,361067.07
38,10,2012,0,65.95,4.301,131.1930968,10.199,0.16,82.6,417290.38
7,10,2012,0,42.53,3.686,199.2195317,7.557,0.16,82.6,495543.28
8,10,2012,0,64.74,3.506,227.0369359,5.124,0.16,82.6,891671.44
37,10,2012,0,74.39,3.506,222.1136566,6.228,0.16,82.6,534738.43
34,10,2012,0,57.95,3.514,131.1930968,8.839,0.16,82.6,956987.81
27,10,2012,0,58.99,4.071,142.7624113,8.0,0.16,82.6,1703047.74
22,10,2012,0,57.58,3.917,142.7624113,7.543,0.16,82.6,1094422.69
23,10,2012,0,50.56,3.917,138.7281613,4.145,0.16,82.6,1347454.59
42,10,2012,0,70.5,4.301,131.1930968,6.943,0.16,82.6,514756.08
35,10,2012,0,58.99,3.882,142.7624113,8.665,0.16,82.6,865137.6
10,10,2012,0,70.5,4.301,131.1930968,6.943,0.16,82.6,1744349.05
3,10,2012,0,74.66,3.506,226.9873637,6.034,0.16,82.6,405432.7
29,10,2012,0,57.58,3.917,138.7281613,9.151,0.16,82.6,534970.68
31,10,2012,0,70.5,3.506,223.0783366,6.17,0.16,82.6,1340232.55
14,10,2012,0,58.85,3.882,192.3088989,8.667,0.16,82.6,1704357.62
20,10,2012,0,60.04,3.882,216.1515902,7.293,0.16,82.6,2031650.55
25,10,2012,0,56.69,3.882,216.1515902,7.293,0.16,82.6,688940.94
5,10,2012,0,71.7,3.506,224.0378139,5.422,0.16,82.6,319550.77
40,10,2012,0,49.65,3.917,138.7281613,4.145,0.16,82.6,921264.52
18,10,2012,0,56.09,3.917,138.7281613,8.243,0.16,82.6,1127516.25
45,10,2012,0,58.85,3.882,192.3088989,8.667,0.16,82.6,760281.43
