store_id,date,is_holiday,temperature,fuel_price,cpi,unemployment,fed_funds,ics,weekly_sales
1,2010-02-05,0,42.31,2.572,211.0963582,8.106,0.13,73.6,175.3991442674337
10,2010-02-05,0,54.34,2.962,126.4420645,9.765,0.13,73.6,189.97317567847995
37,2010-02-05,0,45.97,2.572,209.8529663,8.554,0.13,73.6,128.44829954712228
17,2010-02-05,0,23.11,2.666,126.4420645,6.548,0.13,73.6,143.06446735689195
30,2010-02-05,0,39.05,2.572,210.7526053,8.324,0.13,73.6,123.45838198166481
25,2010-02-05,0,21.1,2.784,204.2471935,8.187,0.13,73.6,137.10470330288499
22,2010-02-05,0,24.36,2.788,135.3524608,8.283,0.13,73.6,154.1944436331397
23,2010-02-05,0,15.25,2.788,131.5279032,5.892,0.13,73.6,166.58565363644945
24,2010-02-05,0,22.43,2.954,131.5279032,8.326,0.13,73.6,167.39311391884334
19,2010-02-05,0,20.96,2.954,131.5279032,8.35,0.13,73.6,171.2496215684104
21,2010-02-05,0,39.05,2.572,210.7526053,8.324,0.13,73.6,143.5446844672062
26,2010-02-05,0,9.55,2.788,131.5279032,8.488,0.13,73.6,154.24011801370372
39,2010-02-05,0,44.3,2.572,209.8529663,8.554,0.13,73.6,161.87263566740558
8,2010-02-05,0,34.14,2.572,214.4714512,6.299,0.13,73.6,152.98441020323625
32,2010-02-05,0,34.43,2.58,189.3816974,9.014,0.13,73.6,156.416280713807
15,2010-02-05,0,19.83,2.954,131.5279032,8.35,0.13,73.6,135.66879982234346
34,2010-02-05,0,35.44,2.598,126.4420645,9.521,0.13,73.6,150.9199790071476
13,2010-02-05,0,31.53,2.666,126.4420645,8.316,0.13,73.6,184.3462985331585
38,2010-02-05,0,49.47,2.962,126.4420645,13.975,0.13,73.6,114.78654366075826
9,2010-02-05,0,38.01,2.572,214.6554591,6.415,0.13,73.6,129.3430393477585
2,2010-02-05,0,40.19,2.572,210.7526053,8.324,0.13,73.6,188.61728088330065
45,2010-02-05,0,27.31,2.784,181.8711898,8.992,0.13,73.6,147.96999857229417
20,2010-02-05,0,25.92,2.784,204.2471935,8.187,0.13,73.6,194.80132461380828
27,2010-02-05,0,27.19,2.954,135.3524608,8.237,0.13,73.6,181.89351615370592
41,2010-02-05,0,30.27,2.58,189.3816974,7.541,0.13,73.6,156.3730080034769
4,2010-02-05,0,43.76,2.598,126.4420645,8.623,0.13,73.6,188.57220348716498
31,2010-02-05,0,39.05,2.572,210.7526053,8.324,0.13,73.6,170.0297439202648
16,2010-02-05,0,19.79,2.58,189.3816974,7.039,0.13,73.6,124.36210448158265
11,2010-02-05,0,46.04,2.572,214.4248812,7.368,0.13,73.6,171.88785487141695
36,2010-02-05,0,45.97,2.545,209.8529663,8.554,0.13,73.6,123.63888699825034
42,2010-02-05,0,54.34,2.962,126.4420645,9.765,0.13,73.6,128.93929448625204
5,2010-02-05,0,39.7,2.572,211.6539716,6.566,0.13,73.6,110.91438538382768
43,2010-02-05,0,47.31,2.572,203.0642742,9.521,0.13,73.6,135.372643238592
35,2010-02-05,0,27.19,2.784,135.3524608,9.262,0.13,73.6,161.87324527817282
28,2010-02-05,0,49.47,2.962,126.4420645,13.975,0.13,73.6,176.2411185247092
6,2010-02-05,0,40.43,2.572,212.6223518,7.259,0.13,73.6,175.66303502937038
33,2010-02-05,0,58.4,2.962,126.4420645,10.115,0.13,73.6,106.51842459343023
44,2010-02-05,0,31.53,2.666,126.4420645,8.119,0.13,73.6,107.21995627074052
18,2010-02-05,0,21.33,2.788,131.5279032,9.202,0.13,73.6,160.94248476716638
3,2010-02-05,0,45.71,2.572,214.4248812,7.368,0.13,73.6,123.19908441334448
12,2010-02-05,0,49.47,2.962,126.4420645,13.975,0.13,73.6,156.91070655640831
29,2010-02-05,0,24.36,2.788,131.5279032,10.064,0.13,73.6,128.62374952455676
40,2010-02-05,0,14.48,2.788,131.5279032,5.892,0.13,73.6,152.89148403476295
7,2010-02-05,0,10.53,2.58,189.3816974,9.014,0.13,73.6,125.74758919951321
14,2010-02-05,0,27.31,2.784,181.8711898,8.992,0.13,73.6,199.62240471411735
8,2010-02-12,1,33.34,2.548,214.6214189,6.299,0.13,73.6,152.58784100034765
15,2010-02-12,1,22.0,2.94,131.5866129,8.35,0.13,73.6,137.3980742270866
43,2010-02-12,1,47.99,2.548,203.2010968,9.521,0.13,73.6,137.4245374131505
5,2010-02-12,1,39.81,2.548,211.8004698,6.566,0.13,73.6,110.38689009034464
39,2010-02-12,1,44.58,2.548,209.9970208,8.554,0.13,73.6,163.15985243034223
26,2010-02-12,1,18.14,2.771,131.5866129,8.488,0.13,73.6,153.47121392944467
34,2010-02-12,1,36.13,2.573,126.4962581,9.521,0.13,73.6,152.5797244399338
33,2010-02-12,1,55.47,2.828,126.4962581,10.115,0.13,73.6,108.67077904693126
7,2010-02-12,1,25.9,2.572,189.4642725,9.014,0.13,73.6,127.64569001477771
13,2010-02-12,1,33.16,2.671,126.4962581,8.316,0.13,73.6,185.97953534487417
40,2010-02-12,1,20.84,2.771,131.5866129,5.892,0.13,73.6,150.8808921542781
12,2010-02-12,1,47.87,2.946,126.4962581,13.975,0.13,73.6,157.6123474195837
19,2010-02-12,1,23.22,2.94,131.5866129,8.35,0.13,73.6,172.15360800032306
38,2010-02-12,1,47.87,2.946,126.4962581,13.975,0.13,73.6,113.30184058113662
1,2010-02-12,1,38.51,2.548,211.2421698,8.106,0.13,73.6,175.34787907288765
9,2010-02-12,1,37.08,2.548,214.8056534,6.415,0.13,73.6,129.55095547742332
2,2010-02-12,1,38.49,2.548,210.8979935,8.324,0.13,73.6,188.6373007519178
45,2010-02-12,1,27.73,2.773,181.982317,8.992,0.13,73.6,135.95018886084196
20,2010-02-12,1,22.12,2.773,204.3857472,8.187,0.13,73.6,187.9332446997672
27,2010-02-12,1,29.81,2.94,135.4113076,8.237,0.13,73.6,178.33940285326665
4,2010-02-12,1,28.84,2.573,126.4962581,8.623,0.13,73.6,189.85948163870017
29,2010-02-12,1,28.14,2.771,131.5866129,10.064,0.13,73.6,128.02281064804856
31,2010-02-12,1,37.77,2.548,210.8979935,8.324,0.13,73.6,172.3828975049334
18,2010-02-12,1,26.41,2.771,131.5866129,9.202,0.13,73.6,160.29321098966304
16,2010-02-12,1,20.87,2.572,189.4642725,7.039,0.13,73.6,123.97005491294696
11,2010-02-12,1,48.01,2.548,214.5747916,7.368,0.13,73.6,173.3271461849007
36,2010-02-12,1,46.11,2.539,209.9970208,8.554,0.13,73.6,123.78768784541933
42,2010-02-12,1,49.96,2.828,126.4962581,9.765,0.13,73.6,131.03520477151713
14,2010-02-12,1,27.73,2.773,181.982317,8.992,0.13,73.6,177.16499460790737
21,2010-02-12,1,37.77,2.548,210.8979935,8.324,0.13,73.6,144.07870859732785
32,2010-02-12,1,28.09,2.572,189.4642725,9.014,0.13,73.6,157.83520385644482
37,2010-02-12,1,46.11,2.548,209.9970208,8.554,0.13,73.6,128.03493681897183
41,2010-02-12,1,23.04,2.572,189.4642725,7.541,0.13,73.6,155.93666073550727
25,2010-02-12,1,19.64,2.773,204.3857472,8.187,0.13,73.6,131.51885670049026
17,2010-02-12,1,18.36,2.671,126.4962581,6.548,0.13,73.6,145.67199738002395
22,2010-02-12,1,28.14,2.771,135.4113076,8.283,0.13,73.6,153.7596488842653
28,2010-02-12,1,47.87,2.946,126.4962581,13.975,0.13,73.6,172.84605148937118
6,2010-02-12,1,40.57,2.548,212.7700425,7.259,0.13,73.6,174.28400565472933
3,2010-02-12,1,47.93,2.548,214.5747916,7.368,0.13,73.6,120.0454633474616
23,2010-02-12,1,18.75,2.771,131.5866129,5.892,0.13,73.6,167.13073072377134
10,2010-02-12,1,49.96,2.828,126.4962581,9.765,0.13,73.6,189.56420743288302
30,2010-02-12,1,37.77,2.548,210.8979935,8.324,0.13,73.6,125.793462180396
24,2010-02-12,1,25.94,2.94,131.5866129,8.326,0.13,73.6,168.23592134977218
44,2010-02-12,1,33.16,2.671,126.4962581,8.119,0.13,73.6,107.83269697650344
35,2010-02-12,1,29.81,2.773,135.4113076,9.262,0.13,73.6,159.57488821471537
45,2010-02-19,0,31.27,2.745,182.0347816,8.992,0.13,73.6,145.6388782577145
29,2010-02-19,0,31.96,2.747,131.637,10.064,0.13,73.6,128.8740238622077
41,2010-02-19,0,24.13,2.55,189.5340998,7.541,0.13,73.6,154.97783953863092
27,2010-02-19,0,32.44,2.909,135.4657781,8.237,0.13,73.6,183.76946680400752
42,2010-02-19,0,58.22,2.915,126.5262857,9.765,0.13,73.6,126.59347240426092
21,2010-02-19,0,39.75,2.514,210.9451605,8.324,0.13,73.6,146.87813335800627
36,2010-02-19,0,45.66,2.472,210.0451024,8.554,0.13,73.6,123.84049645572642
17,2010-02-19,0,25.06,2.654,126.5262857,6.548,0.13,73.6,143.65063790744307
18,2010-02-19,0,30.91,2.747,131.637,9.202,0.13,73.6,158.88300498965899
10,2010-02-19,0,58.22,2.915,126.5262857,9.765,0.13,73.6,188.03977488860565
16,2010-02-19,0,21.13,2.55,189.5340998,7.039,0.13,73.6,123.81014860331562
44,2010-02-19,0,35.7,2.654,126.5262857,8.119,0.13,73.6,105.78921733053546
37,2010-02-19,0,45.66,2.514,210.0451024,8.554,0.13,73.6,126.70364937589932
4,2010-02-19,0,36.45,2.54,126.5262857,8.623,0.13,73.6,186.45750826722409
31,2010-02-19,0,39.75,2.514,210.9451605,8.324,0.13,73.6,170.16225264130486
11,2010-02-19,0,48.3,2.514,214.6198868,7.368,0.13,73.6,171.112887655722
12,2010-02-19,0,54.83,2.915,126.5262857,13.975,0.13,73.6,156.72723042963713
14,2010-02-19,0,31.27,2.745,182.0347816,8.992,0.13,73.6,190.24838413217842
38,2010-02-19,0,54.83,2.915,126.5262857,13.975,0.13,73.6,111.8899073126858
25,2010-02-19,0,24.16,2.745,204.4321004,8.187,0.13,73.6,137.04990503975475
43,2010-02-19,0,48.77,2.514,203.2479796,9.521,0.13,73.6,136.06591169540897
7,2010-02-19,0,27.28,2.55,189.5340998,9.014,0.13,73.6,126.45192897739581
24,2010-02-19,0,31.05,2.909,131.637,8.326,0.13,73.6,167.28059867340392
19,2010-02-19,0,28.57,2.909,131.637,8.35,0.13,73.6,171.51163368265122
26,2010-02-19,0,22.62,2.747,131.637,8.488,0.13,73.6,152.7813358099822
35,2010-02-19,0,32.44,2.745,135.4657781,9.262,0.13,73.6,163.31801882522404
1,2010-02-19,0,39.93,2.514,211.2891429,8.106,0.13,73.6,174.45467107683976
39,2010-02-19,0,43.96,2.514,210.0451024,8.554,0.13,73.6,161.8724593537065
23,2010-02-19,0,26.7,2.747,131.637,5.892,0.13,73.6,165.03896681892255
3,2010-02-19,0,47.07,2.514,214.6198868,7.368,0.13,73.6,120.11827751375942
9,2010-02-19,0,43.06,2.514,214.8506185,6.415,0.13,73.6,126.76913884318242
8,2010-02-19,0,39.1,2.514,214.6664878,6.299,0.13,73.6,151.25816053925868
30,2010-02-19,0,39.75,2.514,210.9451605,8.324,0.13,73.6,123.33990907102218
32,2010-02-19,0,29.16,2.55,189.5340998,9.014,0.13,73.6,156.21394842320055
33,2010-02-19,0,62.16,2.915,126.5262857,10.115,0.13,73.6,108.87374452472123
28,2010-02-19,0,54.83,2.915,126.5262857,13.975,0.13,73.6,170.7332392236869
15,2010-02-19,0,27.54,2.909,131.637,8.35,0.13,73.6,136.17174808813596
5,2010-02-19,0,41.14,2.514,211.8471283,6.566,0.13,73.6,109.54701400025098
22,2010-02-19,0,31.96,2.747,135.4657781,8.283,0.13,73.6,152.31724236649146
2,2010-02-19,0,39.69,2.514,210.9451605,8.324,0.13,73.6,188.3104896961167
34,2010-02-19,0,38.36,2.54,126.5262857,9.521,0.13,73.6,152.12402504071738
6,2010-02-19,0,43.58,2.514,212.8161546,7.259,0.13,73.6,173.09658215905012
13,2010-02-19,0,35.7,2.654,126.5262857,8.316,0.13,73.6,184.4254613284521
40,2010-02-19,0,27.84,2.747,131.637,5.892,0.13,73.6,149.14050265330005
20,2010-02-19,0,25.43,2.745,204.4321004,8.187,0.13,73.6,189.2144677394579
44,2010-02-26,0,29.98,2.667,126.5522857,8.119,0.13,73.6,106.3531854677279
3,2010-02-26,0,52.05,2.561,214.6475127,7.368,0.13,73.6,118.95342215828008
9,2010-02-26,0,43.83,2.561,214.8780453,6.415,0.13,73.6,124.09675407234904
36,2010-02-26,0,50.87,2.52,210.0771885,8.554,0.13,73.6,122.13537494754681
14,2010-02-26,0,34.89,2.754,182.0774691,8.992,0.13,73.6,187.59926787205555
10,2010-02-26,0,52.77,2.825,126.5522857,9.765,0.13,73.6,185.36470358711247
11,2010-02-26,0,52.79,2.561,214.6475127,7.368,0.13,73.6,165.61969827914922
37,2010-02-26,0,50.87,2.561,210.0771885,8.554,0.13,73.6,126.92726262528733
25,2010-02-26,0,29.16,2.754,204.4630869,8.187,0.13,73.6,134.2816430708579
43,2010-02-26,0,48.77,2.561,203.2798724,9.521,0.13,73.6,133.69376885350906
15,2010-02-26,0,29.87,2.91,131.686,8.35,0.13,73.6,130.34300702841028
22,2010-02-26,0,35.98,2.753,135.5195191,8.283,0.13,73.6,148.3875708725862
21,2010-02-26,0,45.31,2.561,210.9759573,8.324,0.13,73.6,141.03689102942343
32,2010-02-26,0,26.64,2.586,189.6018023,9.014,0.13,73.6,155.027430137157
26,2010-02-26,0,27.32,2.753,131.686,8.488,0.13,73.6,146.31484884088985
33,2010-02-26,0,56.5,2.825,126.5522857,10.115,0.13,73.6,107.53582507347636
4,2010-02-26,0,41.36,2.59,126.5522857,8.623,0.13,73.6,183.26185132768163
38,2010-02-26,0,50.23,2.825,126.5522857,13.975,0.13,73.6,112.55412391535242
31,2010-02-26,0,45.31,2.561,210.9759573,8.324,0.13,73.6,165.89237677042775
40,2010-02-26,0,33.32,2.753,131.686,5.892,0.13,73.6,146.71936241917322
13,2010-02-26,0,29.98,2.667,126.5522857,8.316,0.13,73.6,180.36030876528764
34,2010-02-26,0,37.28,2.59,126.5522857,9.521,0.13,73.6,148.66181715379537
5,2010-02-26,0,46.7,2.561,211.8771468,6.566,0.13,73.6,106.04617898237704
8,2010-02-26,0,37.91,2.561,214.6940735,6.299,0.13,73.6,145.94281721452273
39,2010-02-26,0,49.79,2.561,210.0771885,8.554,0.13,73.6,159.5660458956686
6,2010-02-26,0,47.1,2.561,212.845337,7.259,0.13,73.6,168.85461444918118
19,2010-02-26,0,30.33,2.91,131.686,8.35,0.13,73.6,166.87438956527816
24,2010-02-26,0,33.98,2.91,131.686,8.326,0.13,73.6,159.19117108043963
23,2010-02-26,0,32.68,2.753,131.686,5.892,0.13,73.6,160.6974770267075
28,2010-02-26,0,50.23,2.825,126.5522857,13.975,0.13,73.6,172.32798596788942
12,2010-02-26,0,50.23,2.825,126.5522857,13.975,0.13,73.6,154.83782211088732
35,2010-02-26,0,36.0,2.754,135.5195191,9.262,0.13,73.6,153.67940225343034
30,2010-02-26,0,45.31,2.561,210.9759573,8.324,0.13,73.6,123.99106764313997
17,2010-02-26,0,15.64,2.667,126.5522857,6.548,0.13,73.6,141.03439270708347
7,2010-02-26,0,24.91,2.586,189.6018023,9.014,0.13,73.6,125.70216294579866
42,2010-02-26,0,52.77,2.825,126.5522857,9.765,0.13,73.6,125.37746910434605
16,2010-02-26,0,18.12,2.586,189.6018023,7.039,0.13,73.6,121.80793744165175
41,2010-02-26,0,21.84,2.586,189.6018023,7.541,0.13,73.6,152.46582317975154
20,2010-02-26,0,32.32,2.754,204.4630869,8.187,0.13,73.6,182.53275237085765
1,2010-02-26,0,46.63,2.561,211.3196429,8.106,0.13,73.6,168.0912883310434
27,2010-02-26,0,36.0,2.91,135.5195191,8.237,0.13,73.6,167.46689691997216
18,2010-02-26,0,35.42,2.753,131.686,9.202,0.13,73.6,155.63395109290119
29,2010-02-26,0,35.98,2.753,131.686,10.064,0.13,73.6,125.15659455053715
45,2010-02-26,0,34.89,2.754,182.0774691,8.992,0.13,73.6,140.63170904165
2,2010-02-26,0,46.1,2.561,210.9759573,8.324,0.13,73.6,181.6461114620314
14,2010-03-05,0,37.13,2.777,182.1201566,8.992,0.16,73.6,191.03152334697174
24,2010-03-05,0,36.73,2.919,131.735,8.326,0.16,73.6,168.1791663560441
1,2010-03-05,0,46.5,2.625,211.3501429,8.106,0.16,73.6,172.7180562747029
9,2010-03-05,0,48.43,2.625,214.9054721,6.415,0.16,73.6,126.48935588552311
22,2010-03-05,0,36.82,2.766,135.5732602,8.283,0.16,73.6,153.19840648121664
23,2010-03-05,0,33.15,2.766,131.735,5.892,0.16,73.6,164.7464442131172
28,2010-03-05,0,53.77,2.987,126.5782857,13.975,0.16,73.6,174.34865656239847
2,2010-03-05,0,47.17,2.625,211.0067542,8.324,0.16,73.6,184.96065327583835
31,2010-03-05,0,48.61,2.625,211.0067542,8.324,0.16,73.6,167.2641225960187
38,2010-03-05,0,53.77,2.987,126.5782857,13.975,0.16,73.6,116.00206616143664
20,2010-03-05,0,31.75,2.777,204.4940734,8.187,0.16,73.6,188.1819343635936
25,2010-03-05,0,29.45,2.777,204.4940734,8.187,0.16,73.6,136.45301430433284
21,2010-03-05,0,48.61,2.625,211.0067542,8.324,0.16,73.6,140.9239910310684
35,2010-03-05,0,38.07,2.777,135.5732602,9.262,0.16,73.6,159.33926133843656
3,2010-03-05,0,53.04,2.625,214.6751386,7.368,0.16,73.6,119.60231264104058
37,2010-03-05,0,51.33,2.625,210.1092746,8.554,0.16,73.6,127.31486696732777
17,2010-03-05,0,31.58,2.681,126.5782857,6.548,0.16,73.6,142.77423557016
7,2010-03-05,0,35.86,2.62,189.6695049,9.014,0.16,73.6,125.37098297422214
10,2010-03-05,0,55.92,2.877,126.5782857,9.765,0.16,73.6,184.85972513544849
30,2010-03-05,0,48.61,2.625,211.0067542,8.324,0.16,73.6,124.0101598033107
12,2010-03-05,0,53.77,2.987,126.5782857,13.975,0.16,73.6,155.99147299441663
4,2010-03-05,0,43.49,2.654,126.5782857,8.623,0.16,73.6,184.44573717475058
39,2010-03-05,0,50.93,2.625,210.1092746,8.554,0.16,73.6,163.1607512395961
16,2010-03-05,0,27.92,2.62,189.6695049,7.039,0.16,73.6,121.88006939479426
18,2010-03-05,0,37.17,2.766,131.735,9.202,0.16,73.6,159.98747437644883
42,2010-03-05,0,55.92,2.877,126.5782857,9.765,0.16,73.6,129.70084449391877
11,2010-03-05,0,53.96,2.625,214.6751386,7.368,0.16,73.6,168.64745532985287
36,2010-03-05,0,51.33,2.574,210.1092746,8.554,0.16,73.6,124.56501579567923
13,2010-03-05,0,40.65,2.681,126.5782857,8.316,0.16,73.6,183.6362407809416
43,2010-03-05,0,52.89,2.625,203.3117653,9.521,0.16,73.6,136.04303421182556
29,2010-03-05,0,36.82,2.766,131.735,10.064,0.16,73.6,128.3868032966099
44,2010-03-05,0,40.65,2.681,126.5782857,8.119,0.16,73.6,107.59575464352703
15,2010-03-05,0,31.79,2.919,131.735,8.35,0.16,73.6,132.8813810305282
40,2010-03-05,0,34.78,2.766,131.735,5.892,0.16,73.6,152.3893396022752
27,2010-03-05,0,38.07,2.919,135.5732602,8.237,0.16,73.6,164.8353938770515
5,2010-03-05,0,48.89,2.625,211.9071653,6.566,0.16,73.6,108.04298020746583
41,2010-03-05,0,32.49,2.62,189.6695049,7.541,0.16,73.6,155.44749625939153
8,2010-03-05,0,45.64,2.625,214.7216592,6.299,0.16,73.6,147.54402825480062
45,2010-03-05,0,37.13,2.777,182.1201566,8.992,0.16,73.6,142.50219377433146
32,2010-03-05,0,37.72,2.62,189.6695049,9.014,0.16,73.6,155.569539533002
33,2010-03-05,0,59.17,2.877,126.5782857,10.115,0.16,73.6,108.31800421417724
6,2010-03-05,0,49.63,2.625,212.8745193,7.259,0.16,73.6,174.13547902166565
26,2010-03-05,0,28.6,2.766,131.735,8.488,0.16,73.6,153.0492516021632
34,2010-03-05,0,42.65,2.654,126.5782857,9.521,0.16,73.6,149.23123884799242
19,2010-03-05,0,32.92,2.919,131.735,8.35,0.16,73.6,170.8772857282831
40,2010-03-12,0,35.1,2.805,131.784,5.892,0.16,73.6,148.36880760174847
6,2010-03-12,0,58.82,2.667,212.9037017,7.259,0.16,73.6,172.8353851347489
3,2010-03-12,0,63.08,2.667,214.7027646,7.368,0.16,73.6,117.03356357502126
10,2010-03-12,0,52.33,3.034,126.6042857,9.765,0.16,73.6,183.67201239011644
18,2010-03-12,0,42.39,2.805,131.784,9.202,0.16,73.6,158.42651864260853
38,2010-03-12,0,50.11,2.925,126.6042857,13.975,0.16,73.6,113.28412241358153
7,2010-03-12,0,27.25,2.684,189.7372075,9.014,0.16,73.6,124.58303262409122
20,2010-03-12,0,43.82,2.818,204.5250598,8.187,0.16,73.6,185.47197603236214
9,2010-03-12,0,55.76,2.667,214.932899,6.415,0.16,73.6,125.56485726146475
4,2010-03-12,0,49.63,2.704,126.6042857,8.623,0.16,73.6,182.42966548048068
27,2010-03-12,0,45.98,2.938,135.6270013,8.237,0.16,73.6,183.24563092142307
31,2010-03-12,0,57.1,2.667,211.037551,8.324,0.16,73.6,166.63545829802808
16,2010-03-12,0,28.64,2.684,189.7372075,7.039,0.16,73.6,121.97293281117145
42,2010-03-12,0,52.33,3.034,126.6042857,9.765,0.16,73.6,131.8322848311888
43,2010-03-12,0,53.67,2.667,203.3436582,9.521,0.16,73.6,135.27678248692456
15,2010-03-12,0,41.39,2.938,131.784,8.35,0.16,73.6,132.81082191475232
41,2010-03-12,0,33.4,2.684,189.7372075,7.541,0.16,73.6,153.81921210713205
5,2010-03-12,0,58.5,2.667,211.9371839,6.566,0.16,73.6,108.91927245058457
32,2010-03-12,0,39.88,2.684,189.7372075,9.014,0.16,73.6,156.6436402077264
26,2010-03-12,0,31.1,2.805,131.784,8.488,0.16,73.6,151.23293437558814
39,2010-03-12,0,61.88,2.667,210.1413607,8.554,0.16,73.6,162.37416345621554
19,2010-03-12,0,39.06,2.938,131.784,8.35,0.16,73.6,169.98600781325786
28,2010-03-12,0,50.11,2.925,126.6042857,13.975,0.16,73.6,165.29134004803444
30,2010-03-12,0,57.1,2.667,211.037551,8.324,0.16,73.6,123.68638893036258
21,2010-03-12,0,57.1,2.667,211.037551,8.324,0.16,73.6,139.04728720498292
37,2010-03-12,0,61.96,2.667,210.1413607,8.554,0.16,73.6,126.88581242128349
17,2010-03-12,0,29.71,2.733,126.6042857,6.548,0.16,73.6,141.78419025924225
8,2010-03-12,0,49.76,2.667,214.7492449,6.299,0.16,73.6,146.5499346144706
44,2010-03-12,0,37.62,2.733,126.6042857,8.119,0.16,73.6,106.25595442398583
29,2010-03-12,0,43.43,2.805,131.784,10.064,0.16,73.6,127.30027122681612
23,2010-03-12,0,36.07,2.805,131.784,5.892,0.16,73.6,168.0368899756785
22,2010-03-12,0,43.43,2.805,135.6270013,8.283,0.16,73.6,151.39872905713455
25,2010-03-12,0,40.05,2.818,204.5250598,8.187,0.16,73.6,136.1591845190705
33,2010-03-12,0,55.61,3.034,126.6042857,10.115,0.16,73.6,110.42015869898587
14,2010-03-12,0,45.8,2.818,182.1628441,8.992,0.16,73.6,189.0808092310997
12,2010-03-12,0,50.11,2.925,126.6042857,13.975,0.16,73.6,152.1940661649448
13,2010-03-12,0,37.62,2.733,126.6042857,8.316,0.16,73.6,180.98479857203967
35,2010-03-12,0,45.98,2.818,135.6270013,9.262,0.16,73.6,158.8707738468142
34,2010-03-12,0,42.26,2.704,126.6042857,9.521,0.16,73.6,149.3644674429162
45,2010-03-12,0,45.8,2.818,182.1628441,8.992,0.16,73.6,141.87327170464556
2,2010-03-12,0,57.56,2.667,211.037551,8.324,0.16,73.6,184.94704313827836
24,2010-03-12,0,42.31,2.938,131.784,8.326,0.16,73.6,164.68242549122166
11,2010-03-12,0,64.1,2.667,214.7027646,7.368,0.16,73.6,165.46408253722328
1,2010-03-12,0,57.79,2.667,211.3806429,8.106,0.16,73.6,169.06950342829947
36,2010-03-12,0,61.96,2.619,210.1413607,8.554,0.16,73.6,121.66883955313806
32,2010-03-19,0,42.43,2.692,189.734262,9.014,0.16,73.6,155.29401197584446
22,2010-03-19,0,46.03,2.834,135.6682247,8.283,0.16,73.6,151.35336462582785
8,2010-03-19,0,47.26,2.72,214.5764954,6.299,0.16,73.6,145.5736753345185
6,2010-03-19,0,56.55,2.72,212.7351935,7.259,0.16,73.6,176.84288899548474
31,2010-03-19,0,54.68,2.72,210.8733316,8.324,0.16,73.6,165.47710169625003
7,2010-03-19,0,29.04,2.692,189.734262,9.014,0.16,73.6,130.95515543192192
17,2010-03-19,0,33.96,2.782,126.6066452,6.548,0.16,73.6,141.16441819148113
16,2010-03-19,0,33.45,2.692,189.734262,7.039,0.16,73.6,126.28069059989535
25,2010-03-19,0,45.0,2.844,204.3782258,8.187,0.16,73.6,136.1118256567024
21,2010-03-19,0,54.68,2.72,210.8733316,8.324,0.16,73.6,139.84364085540983
12,2010-03-19,0,59.57,3.054,126.6066452,13.975,0.16,73.6,151.61156371245295
36,2010-03-19,0,59.56,2.701,209.9803208,8.554,0.16,73.6,120.68913592103762
13,2010-03-19,0,42.49,2.782,126.6066452,8.316,0.16,73.6,182.04125571944212
10,2010-03-19,0,61.46,3.054,126.6066452,9.765,0.16,73.6,183.81664385747183
30,2010-03-19,0,54.68,2.72,210.8733316,8.324,0.16,73.6,121.99915334298532
37,2010-03-19,0,59.56,2.72,209.9803208,8.554,0.16,73.6,123.0794940110846
35,2010-03-19,0,49.04,2.844,135.6682247,9.262,0.16,73.6,157.5995342641723
4,2010-03-19,0,55.19,2.743,126.6066452,8.623,0.16,73.6,182.5123970616582
42,2010-03-19,0,61.46,3.054,126.6066452,9.765,0.16,73.6,127.359917176448
41,2010-03-19,0,36.7,2.692,189.734262,7.541,0.16,73.6,153.08848599595848
11,2010-03-19,0,61.51,2.72,214.5301219,7.368,0.16,73.6,166.568231027601
43,2010-03-19,0,56.0,2.72,203.195159,9.521,0.16,73.6,136.58697265759105
3,2010-03-19,0,60.42,2.72,214.5301219,7.368,0.16,73.6,116.27072179933658
9,2010-03-19,0,53.15,2.72,214.7597274,6.415,0.16,73.6,124.96488830615965
29,2010-03-19,0,46.03,2.834,131.8242903,10.064,0.16,73.6,125.75650814370975
45,2010-03-19,0,48.79,2.844,182.0779857,8.992,0.16,73.6,142.29111923371408
39,2010-03-19,0,58.62,2.72,209.9803208,8.554,0.16,73.6,164.41143591615344
18,2010-03-19,0,45.42,2.834,131.8242903,9.202,0.16,73.6,156.4119381193626
34,2010-03-19,0,45.86,2.743,126.6066452,9.521,0.16,73.6,148.03377808090178
24,2010-03-19,0,46.09,2.96,131.8242903,8.326,0.16,73.6,161.57677444673047
38,2010-03-19,0,59.57,3.054,126.6066452,13.975,0.16,73.6,112.44099414536838
20,2010-03-19,0,47.32,2.844,204.3782258,8.187,0.16,73.6,183.9464869418879
5,2010-03-19,0,55.46,2.72,211.770897,6.566,0.16,73.6,107.28579206800853
19,2010-03-19,0,43.74,2.96,131.8242903,8.35,0.16,73.6,165.50050219666636
15,2010-03-19,0,44.69,2.96,131.8242903,8.35,0.16,73.6,132.16535447345322
2,2010-03-19,0,54.52,2.72,210.8733316,8.324,0.16,73.6,183.79562590127307
44,2010-03-19,0,42.49,2.782,126.6066452,8.119,0.16,73.6,105.97369324615154
27,2010-03-19,0,49.04,2.96,135.6682247,8.237,0.16,73.6,177.06152058117792
23,2010-03-19,0,43.01,2.834,131.8242903,5.892,0.16,73.6,161.8146227903715
14,2010-03-19,0,48.79,2.844,182.0779857,8.992,0.16,73.6,186.86805143258584
33,2010-03-19,0,64.6,3.054,126.6066452,10.115,0.16,73.6,107.34232968491645
28,2010-03-19,0,59.57,3.054,126.6066452,13.975,0.16,73.6,163.64385231046757
40,2010-03-19,0,40.54,2.834,131.8242903,5.892,0.16,73.6,148.16258844710882
1,2010-03-19,0,54.58,2.72,211.215635,8.106,0.16,73.6,170.1343626933796
26,2010-03-19,0,35.34,2.834,131.8242903,8.488,0.16,73.6,148.552656429395
17,2010-03-26,0,35.59,2.819,126.6050645,6.548,0.16,73.6,143.26905103989748
39,2010-03-26,0,54.83,2.732,209.7870932,8.554,0.16,73.6,162.03660655361713
30,2010-03-26,0,51.66,2.732,210.6766095,8.324,0.16,73.6,121.747607446028
19,2010-03-26,0,39.07,2.963,131.863129,8.35,0.16,73.6,168.66059081427989
28,2010-03-26,0,60.06,3.083,126.6050645,13.975,0.16,73.6,162.40590799133562
15,2010-03-26,0,39.53,2.963,131.863129,8.35,0.16,73.6,132.06597088043478
24,2010-03-26,0,48.87,2.963,131.863129,8.326,0.16,73.6,162.87613511554355
13,2010-03-26,0,41.48,2.819,126.6050645,8.316,0.16,73.6,182.10291631271653
5,2010-03-26,0,52.47,2.732,211.5718925,6.566,0.16,73.6,106.37547281672077
26,2010-03-26,0,35.26,2.831,131.863129,8.488,0.16,73.6,148.10490050871834
21,2010-03-26,0,51.66,2.732,210.6766095,8.324,0.16,73.6,137.62478645770491
23,2010-03-26,0,38.59,2.831,131.863129,5.892,0.16,73.6,164.72991615866556
34,2010-03-26,0,42.91,2.752,126.6050645,9.521,0.16,73.6,147.50856493072027
22,2010-03-26,0,48.56,2.831,135.7073618,8.283,0.16,73.6,153.31950048937705
42,2010-03-26,0,60.05,2.98,126.6050645,9.765,0.16,73.6,124.40664976473228
8,2010-03-26,0,46.51,2.732,214.3703567,6.299,0.16,73.6,142.225543304508
41,2010-03-26,0,32.3,2.717,189.7195417,7.541,0.16,73.6,153.45073797427176
3,2010-03-26,0,57.06,2.732,214.3241011,7.368,0.16,73.6,114.91664993048887
31,2010-03-26,0,51.66,2.732,210.6766095,8.324,0.16,73.6,161.8375418593112
9,2010-03-26,0,51.8,2.732,214.5531227,6.415,0.16,73.6,124.90750357435162
27,2010-03-26,0,52.34,2.963,135.7073618,8.237,0.16,73.6,180.87658475689835
33,2010-03-26,0,64.09,2.98,126.6050645,10.115,0.16,73.6,105.22410793290997
14,2010-03-26,0,54.36,2.854,181.9718697,8.992,0.16,73.6,186.4709976266952
44,2010-03-26,0,41.48,2.819,126.6050645,8.119,0.16,73.6,106.70161936128129
6,2010-03-26,0,53.74,2.732,212.533737,7.259,0.16,73.6,170.1189097502882
40,2010-03-26,0,39.51,2.831,131.863129,5.892,0.16,73.6,147.16339393988338
45,2010-03-26,0,54.36,2.854,181.9718697,8.992,0.16,73.6,142.73684902831323
29,2010-03-26,0,48.56,2.831,131.863129,10.064,0.16,73.6,129.57108899104426
2,2010-03-26,0,51.26,2.732,210.6766095,8.324,0.16,73.6,178.47608616299115
18,2010-03-26,0,47.55,2.831,131.863129,9.202,0.16,73.6,156.61915347736974
20,2010-03-26,0,50.49,2.854,204.201755,8.187,0.16,73.6,182.44083064353205
1,2010-03-26,0,51.45,2.732,211.0180424,8.106,0.16,73.6,167.91589491843325
38,2010-03-26,0,60.06,3.083,126.6050645,13.975,0.16,73.6,112.70817571443266
16,2010-03-26,0,29.88,2.717,189.7195417,7.039,0.16,73.6,124.78002980954521
32,2010-03-26,0,36.59,2.717,189.7195417,9.014,0.16,73.6,155.95136515105185
43,2010-03-26,0,54.53,2.732,203.0165945,9.521,0.16,73.6,133.95788452134093
7,2010-03-26,0,23.33,2.717,189.7195417,9.014,0.16,73.6,127.00419079872174
10,2010-03-26,0,60.05,2.98,126.6050645,9.765,0.16,73.6,182.40855881912444
35,2010-03-26,0,52.34,2.854,135.7073618,9.262,0.16,73.6,156.06713977421006
36,2010-03-26,0,55.76,2.711,209.7870932,8.554,0.16,73.6,118.72679959337938
4,2010-03-26,0,39.91,2.752,126.6050645,8.623,0.16,73.6,178.82372498614296
37,2010-03-26,0,55.76,2.732,209.7870932,8.554,0.16,73.6,127.07622312674062
12,2010-03-26,0,60.06,3.083,126.6050645,13.975,0.16,73.6,152.02308634623392
11,2010-03-26,0,58.09,2.732,214.3241011,7.368,0.16,73.6,162.41877217029025
25,2010-03-26,0,45.84,2.854,204.201755,8.187,0.16,73.6,138.19086957529672
16,2010-04-02,0,36.19,2.725,189.7048215,6.842,0.2,72.2,125.30567674327723
39,2010-04-02,0,63.31,2.719,209.5938656,8.464,0.2,72.2,169.8591884141383
20,2010-04-02,0,51.0,2.85,204.0252842,7.856,0.2,72.2,194.89097273789994
36,2010-04-02,0,63.43,2.708,209.5938656,8.464,0.2,72.2,121.24612626046122
42,2010-04-02,0,63.66,3.086,126.6034839,9.524,0.2,72.2,126.3924471568935
38,2010-04-02,0,59.84,3.086,126.6034839,14.099,0.2,72.2,115.71232276505015
2,2010-04-02,0,63.27,2.719,210.4798874,8.2,0.2,72.2,186.86726119281906
45,2010-04-02,0,47.74,2.85,181.8657537,8.899,0.2,72.2,147.34500367954908
11,2010-04-02,0,66.16,2.719,214.1180803,7.343,0.2,72.2,169.2862826241004
13,2010-04-02,0,42.15,2.842,126.6034839,8.107,0.2,72.2,188.7512685773408
34,2010-04-02,0,50.07,2.74,126.6034839,9.593,0.2,72.2,151.9288744132036
27,2010-04-02,0,46.9,2.957,135.7464988,8.058,0.2,72.2,186.56044138147098
43,2010-04-02,0,62.19,2.719,202.83803,9.593,0.2,72.2,135.55156434088826
9,2010-04-02,0,65.21,2.719,214.3465181,6.384,0.2,72.2,129.05982952228402
31,2010-04-02,0,64.12,2.719,210.4798874,8.2,0.2,72.2,166.3441282361314
4,2010-04-02,0,48.77,2.74,126.6034839,7.896,0.2,72.2,184.6575127641186
5,2010-04-02,0,63.18,2.719,211.372888,6.465,0.2,72.2,112.28749700108686
8,2010-04-02,0,60.18,2.719,214.164218,6.29,0.2,72.2,149.05951568959102
15,2010-04-02,0,45.27,2.957,131.9019677,8.185,0.2,72.2,139.38103624166465
37,2010-04-02,0,63.43,2.719,209.5938656,8.464,0.2,72.2,128.72729717518743
7,2010-04-02,0,38.26,2.725,189.7048215,8.963,0.2,72.2,130.10177346759556
41,2010-04-02,0,41.31,2.725,189.7048215,7.363,0.2,72.2,159.5753081445534
35,2010-04-02,0,46.9,2.85,135.7464988,9.051,0.2,72.2,160.3559459327777
10,2010-04-02,0,63.66,3.086,126.6034839,9.524,0.2,72.2,188.65786238392963
17,2010-04-02,0,36.94,2.842,126.6034839,6.635,0.2,72.2,145.98730089234252
12,2010-04-02,0,59.84,3.086,126.6034839,14.099,0.2,72.2,153.30885770715534
30,2010-04-02,0,64.12,2.719,210.4798874,8.2,0.2,72.2,122.91946428776366
6,2010-04-02,0,64.94,2.719,212.3322805,7.092,0.2,72.2,179.04237272274892
3,2010-04-02,0,65.56,2.719,214.1180803,7.343,0.2,72.2,120.2497209490494
28,2010-04-02,0,59.84,3.086,126.6034839,14.099,0.2,72.2,169.13517367275156
25,2010-04-02,0,47.2,2.85,204.0252842,7.856,0.2,72.2,144.72706327766852
22,2010-04-02,0,44.96,2.826,135.7464988,8.348,0.2,72.2,159.89715581579586
23,2010-04-02,0,40.5,2.826,131.9019677,5.435,0.2,72.2,172.77408941751332
33,2010-04-02,0,66.79,3.086,126.6034839,9.849,0.2,72.2,106.52289885852139
26,2010-04-02,0,36.53,2.826,131.9019677,8.512,0.2,72.2,154.06291595162043
21,2010-04-02,0,64.12,2.719,210.4798874,8.2,0.2,72.2,141.24951675975285
32,2010-04-02,0,48.28,2.725,189.7048215,8.963,0.2,72.2,158.1529199761004
14,2010-04-02,0,47.74,2.85,181.8657537,8.899,0.2,72.2,196.88518637283133
19,2010-04-02,0,45.26,2.957,131.9019677,8.185,0.2,72.2,175.3778372055642
18,2010-04-02,0,45.63,2.826,131.9019677,9.269,0.2,72.2,162.72496935415373
29,2010-04-02,0,44.96,2.826,131.9019677,10.16,0.2,72.2,132.53148593077574
40,2010-04-02,0,41.39,2.826,131.9019677,5.435,0.2,72.2,154.53288154946534
1,2010-04-02,0,62.27,2.719,210.8204499,7.808,0.2,72.2,173.94295293761547
24,2010-04-02,0,45.22,2.957,131.9019677,8.211,0.2,72.2,170.32003947117366
44,2010-04-02,0,42.15,2.842,126.6034839,7.972,0.2,72.2,107.76305885314994
11,2010-04-09,0,69.57,2.77,213.9120595,7.343,0.2,72.2,170.06362103906267
16,2010-04-09,0,34.21,2.75,189.6901012,6.842,0.2,72.2,120.31240568684541
35,2010-04-09,0,62.62,2.869,135.7856359,9.051,0.2,72.2,160.67162331492224
25,2010-04-09,0,61.36,2.869,203.8488134,7.856,0.2,72.2,139.06550225353132
18,2010-04-09,0,59.91,2.849,131.9408065,9.269,0.2,72.2,159.7879760261747
4,2010-04-09,0,54.16,2.773,126.6019032,7.896,0.2,72.2,180.37685518443374
1,2010-04-09,0,65.86,2.77,210.6228574,7.808,0.2,72.2,172.42840711340878
10,2010-04-09,0,65.29,3.004,126.6019032,9.524,0.2,72.2,186.2359069353793
45,2010-04-09,0,65.45,2.869,181.7596377,8.899,0.2,72.2,145.2773907874559
12,2010-04-09,0,59.25,3.09,126.6019032,14.099,0.2,72.2,154.5343963622211
38,2010-04-09,0,59.25,3.09,126.6019032,14.099,0.2,72.2,113.24759642826277
3,2010-04-09,0,68.0,2.77,213.9120595,7.343,0.2,72.2,119.65611997891423
40,2010-04-09,0,54.31,2.849,131.9408065,5.435,0.2,72.2,149.30093175951748
6,2010-04-09,0,66.15,2.77,212.1308239,7.092,0.2,72.2,176.09000925034485
31,2010-04-09,0,65.74,2.77,210.2831653,8.2,0.2,72.2,167.62614909838788
44,2010-04-09,0,38.97,2.877,126.6019032,7.972,0.2,72.2,104.59740140605032
2,2010-04-09,0,65.41,2.77,210.2831653,8.2,0.2,72.2,184.02054493223778
27,2010-04-09,0,62.62,2.992,135.7856359,8.058,0.2,72.2,184.04984946716885
33,2010-04-09,0,68.43,3.004,126.6019032,9.849,0.2,72.2,111.69426850713357
29,2010-04-09,0,57.06,2.849,131.9408065,10.16,0.2,72.2,130.66732332811378
14,2010-04-09,0,65.45,2.869,181.7596377,8.899,0.2,72.2,191.53123941426523
19,2010-04-09,0,55.66,2.992,131.9408065,8.185,0.2,72.2,170.67967787159873
41,2010-04-09,0,37.3,2.75,189.6901012,7.363,0.2,72.2,156.19788125416994
15,2010-04-09,0,57.77,2.992,131.9408065,8.185,0.2,72.2,134.64304900217496
5,2010-04-09,0,65.19,2.77,211.1738835,6.465,0.2,72.2,111.96483624616171
26,2010-04-09,0,50.13,2.849,131.9408065,8.512,0.2,72.2,153.7480570756255
34,2010-04-09,0,51.26,2.773,126.6019032,9.593,0.2,72.2,150.67621544009094
23,2010-04-09,0,56.82,2.849,131.9408065,5.435,0.2,72.2,163.0956662174305
22,2010-04-09,0,57.06,2.849,135.7856359,8.348,0.2,72.2,154.20081706220637
37,2010-04-09,0,68.54,2.77,209.400638,8.464,0.2,72.2,126.90736787180784
21,2010-04-09,0,65.74,2.77,210.2831653,8.2,0.2,72.2,141.11981422183362
28,2010-04-09,0,59.25,3.09,126.6019032,14.099,0.2,72.2,167.1799543441251
13,2010-04-09,0,38.97,2.877,126.6019032,8.107,0.2,72.2,182.5361429662921
20,2010-04-09,0,65.1,2.869,203.8488134,7.856,0.2,72.2,185.39080445778058
32,2010-04-09,0,44.88,2.75,189.6901012,8.963,0.2,72.2,156.7458059136364
9,2010-04-09,0,64.95,2.77,214.1399135,6.384,0.2,72.2,128.00333233980106
24,2010-04-09,0,62.06,2.992,131.9408065,8.211,0.2,72.2,167.086664462746
39,2010-04-09,0,68.15,2.77,209.400638,8.464,0.2,72.2,165.2968048932329
17,2010-04-09,0,34.05,2.877,126.6019032,6.635,0.2,72.2,142.1069763469266
36,2010-04-09,0,68.54,2.743,209.400638,8.464,0.2,72.2,122.55289008818143
7,2010-04-09,0,33.79,2.75,189.6901012,8.963,0.2,72.2,124.85831465045406
8,2010-04-09,0,59.25,2.77,213.9580793,6.29,0.2,72.2,149.12894874271097
30,2010-04-09,0,65.74,2.77,210.2831653,8.2,0.2,72.2,122.68758923586928
42,2010-04-09,0,65.29,3.004,126.6019032,9.524,0.2,72.2,131.46778243179594
43,2010-04-09,0,64.37,2.77,202.6594654,9.593,0.2,72.2,137.9899513610673
19,2010-04-16,0,49.67,3.01,131.9809,8.185,0.2,72.2,169.74367685597664
1,2010-04-16,0,66.32,2.808,210.4887,7.808,0.2,72.2,169.92720396582885
5,2010-04-16,0,65.3,2.808,211.0388528,6.465,0.2,72.2,109.89098047980998
39,2010-04-16,0,66.33,2.808,209.2691428,8.464,0.2,72.2,162.3192161803957
34,2010-04-16,0,59.18,2.81,126.5621,9.593,0.2,72.2,149.45890144683278
18,2010-04-16,0,50.26,2.885,131.9809,9.269,0.2,72.2,158.30191253982588
40,2010-04-16,0,43.3,2.885,131.9809,5.435,0.2,72.2,147.59674471337985
24,2010-04-16,0,51.08,3.01,131.9809,8.211,0.2,72.2,163.23266066969694
30,2010-04-16,0,67.87,2.808,210.1495463,8.2,0.2,72.2,123.89734728756417
29,2010-04-16,0,51.14,2.885,131.9809,10.16,0.2,72.2,126.61472531284889
27,2010-04-16,0,54.95,3.01,135.82725,8.058,0.2,72.2,181.44099531294444
31,2010-04-16,0,67.87,2.808,210.1495463,8.2,0.2,72.2,166.6778942287853
6,2010-04-16,0,65.68,2.808,211.9942765,7.092,0.2,72.2,171.6328814468618
13,2010-04-16,0,50.39,2.915,126.5621,8.107,0.2,72.2,180.41001620092132
28,2010-04-16,0,64.95,3.109,126.5621,14.099,0.2,72.2,163.23173004574392
12,2010-04-16,0,64.95,3.109,126.5621,14.099,0.2,72.2,150.99751329685142
23,2010-04-16,0,44.25,2.885,131.9809,5.435,0.2,72.2,163.9624673892958
42,2010-04-16,0,69.74,3.109,126.5621,9.524,0.2,72.2,129.34452449636336
17,2010-04-16,0,45.22,2.915,126.5621,6.635,0.2,72.2,141.461711411128
8,2010-04-16,0,62.66,2.808,213.8186357,6.29,0.2,72.2,147.60977233636464
16,2010-04-16,0,45.69,2.765,189.6628845,6.842,0.2,72.2,121.27252283520224
7,2010-04-16,0,41.89,2.765,189.6628845,8.963,0.2,72.2,118.87354071060533
35,2010-04-16,0,54.95,2.899,135.82725,9.051,0.2,72.2,156.29118705938671
41,2010-04-16,0,46.79,2.765,189.6628845,7.363,0.2,72.2,154.62297114170016
45,2010-04-16,0,54.28,2.899,181.6924769,8.899,0.2,72.2,142.7195130159859
20,2010-04-16,0,55.43,2.899,203.7307486,7.856,0.2,72.2,184.82610631025364
14,2010-04-16,0,54.28,2.899,181.6924769,8.899,0.2,72.2,188.24516051429745
3,2010-04-16,0,66.98,2.808,213.7726889,7.343,0.2,72.2,114.47132538667579
43,2010-04-16,0,69.46,2.808,202.5351571,9.593,0.2,72.2,136.9946249056518
2,2010-04-16,0,68.07,2.808,210.1495463,8.2,0.2,72.2,181.91146404313707
38,2010-04-16,0,64.95,3.109,126.5621,14.099,0.2,72.2,112.88322751689144
37,2010-04-16,0,66.74,2.808,209.2691428,8.464,0.2,72.2,127.67559088265135
25,2010-04-16,0,52.16,2.899,203.7307486,7.856,0.2,72.2,139.21007644842686
15,2010-04-16,0,49.63,3.01,131.9809,8.185,0.2,72.2,135.0320984789475
36,2010-04-16,0,66.74,2.769,209.2691428,8.464,0.2,72.2,124.81769863841538
44,2010-04-16,0,50.39,2.915,126.5621,7.972,0.2,72.2,107.10823106256478
9,2010-04-16,0,66.09,2.808,214.0001817,6.384,0.2,72.2,124.96630470750736
21,2010-04-16,0,67.87,2.808,210.1495463,8.2,0.2,72.2,139.24881292508758
33,2010-04-16,0,72.44,3.109,126.5621,9.849,0.2,72.2,109.98336819175641
11,2010-04-16,0,67.81,2.808,213.7726889,7.343,0.2,72.2,165.1656531247701
26,2010-04-16,0,36.6,2.885,131.9809,8.512,0.2,72.2,148.652335059087
4,2010-04-16,0,56.23,2.81,126.5621,7.896,0.2,72.2,181.27905805906232
32,2010-04-16,0,53.49,2.765,189.6628845,8.963,0.2,72.2,156.22213205417773
10,2010-04-16,0,69.74,3.109,126.5621,9.524,0.2,72.2,180.59043300636026
22,2010-04-16,0,51.14,2.885,135.82725,8.348,0.2,72.2,152.8501217414656
25,2010-04-23,0,46.12,2.902,203.6905586,7.856,0.2,72.2,138.07161087102753
16,2010-04-23,0,44.9,2.776,189.6190057,6.842,0.2,72.2,115.82645433564267
11,2010-04-23,0,68.37,2.795,213.7221852,7.343,0.2,72.2,163.7837208152164
4,2010-04-23,0,56.87,2.805,126.4713333,7.896,0.2,72.2,179.94223652612115
41,2010-04-23,0,45.29,2.776,189.6190057,7.363,0.2,72.2,155.60088933638582
35,2010-04-23,0,53.91,2.902,135.8721667,9.051,0.2,72.2,157.33625255796468
8,2010-04-23,0,56.1,2.795,213.768119,6.29,0.2,72.2,146.079075260428
10,2010-04-23,0,66.42,3.05,126.4713333,9.524,0.2,72.2,180.68018736833872
43,2010-04-23,0,62.71,2.795,202.4831905,9.593,0.2,72.2,134.89977859678658
32,2010-04-23,0,50.06,2.776,189.6190057,8.963,0.2,72.2,155.80841908847475
42,2010-04-23,0,66.42,3.05,126.4713333,9.524,0.2,72.2,125.43828981596445
39,2010-04-23,0,67.64,2.795,209.2199574,8.464,0.2,72.2,163.65848134750877
30,2010-04-23,0,64.21,2.795,210.1000648,8.2,0.2,72.2,123.26110732429477
19,2010-04-23,0,46.87,3.021,132.0226667,8.185,0.2,72.2,169.62881730601094
24,2010-04-23,0,51.07,3.021,132.0226667,8.211,0.2,72.2,163.08429524849853
26,2010-04-23,0,39.68,2.895,132.0226667,8.512,0.2,72.2,147.56389769529932
34,2010-04-23,0,55.04,2.805,126.4713333,9.593,0.2,72.2,148.8661150732616
22,2010-04-23,0,51.04,2.895,135.8721667,8.348,0.2,72.2,151.50336025779274
7,2010-04-23,0,43.07,2.776,189.6190057,8.963,0.2,72.2,118.75247613376958
21,2010-04-23,0,64.21,2.795,210.1000648,8.2,0.2,72.2,139.39777632501304
36,2010-04-23,0,68.03,2.762,209.2199574,8.464,0.2,72.2,121.10159117562698
15,2010-04-23,0,46.54,3.021,132.0226667,8.185,0.2,72.2,135.14286035404058
28,2010-04-23,0,64.55,3.05,126.4713333,14.099,0.2,72.2,162.36639189902007
23,2010-04-23,0,46.4,2.895,132.0226667,5.435,0.2,72.2,164.88039413698755
17,2010-04-23,0,52.25,2.936,126.4713333,6.635,0.2,72.2,151.8582241212511
3,2010-04-23,0,67.87,2.795,213.7221852,7.343,0.2,72.2,113.09373259450425
9,2010-04-23,0,61.26,2.795,213.9496138,6.384,0.2,72.2,125.17562721826718
5,2010-04-23,0,65.13,2.795,210.9891204,6.465,0.2,72.2,108.04130306147562
13,2010-04-23,0,55.66,2.936,126.4713333,8.107,0.2,72.2,182.82856748074687
37,2010-04-23,0,68.03,2.795,209.2199574,8.464,0.2,72.2,127.8434745585322
38,2010-04-23,0,64.55,3.05,126.4713333,14.099,0.2,72.2,112.63888544687445
18,2010-04-23,0,50.3,2.895,132.0226667,9.269,0.2,72.2,158.1800981081877
45,2010-04-23,0,53.47,2.902,181.6772564,8.899,0.2,72.2,141.04641701424
20,2010-04-23,0,50.65,2.902,203.6905586,7.856,0.2,72.2,182.01625335609202
44,2010-04-23,0,55.66,2.936,126.4713333,7.972,0.2,72.2,106.91868546043975
29,2010-04-23,0,51.04,2.895,132.0226667,10.16,0.2,72.2,126.35212382426919
1,2010-04-23,0,64.84,2.795,210.4391228,7.808,0.2,72.2,167.47764168401747
27,2010-04-23,0,53.91,3.021,135.8721667,8.058,0.2,72.2,181.24342572450843
12,2010-04-23,0,64.55,3.05,126.4713333,14.099,0.2,72.2,152.54656824975567
40,2010-04-23,0,45.85,2.895,132.0226667,5.435,0.2,72.2,145.81652527242454
14,2010-04-23,0,53.47,2.902,181.6772564,8.899,0.2,72.2,188.64548759875711
31,2010-04-23,0,64.21,2.795,210.1000648,8.2,0.2,72.2,163.6667783110168
6,2010-04-23,0,64.11,2.795,211.9442745,7.092,0.2,72.2,172.27416152576686
33,2010-04-23,0,71.59,3.05,126.4713333,9.849,0.2,72.2,105.26559362272442
2,2010-04-23,0,65.11,2.795,210.1000648,8.2,0.2,72.2,180.47396041165163
28,2010-04-30,0,67.38,3.105,126.3805667,14.099,0.2,72.2,160.2591287565446
15,2010-04-30,0,49.09,3.042,132.0644333,8.185,0.2,72.2,130.72190952574394
23,2010-04-30,0,45.47,2.935,132.0644333,5.435,0.2,72.2,162.91573660075636
38,2010-04-30,0,67.38,3.105,126.3805667,14.099,0.2,72.2,112.90721113757155
2,2010-04-30,0,66.98,2.78,210.0505833,8.2,0.2,72.2,179.93594530229527
10,2010-04-30,0,69.76,3.105,126.3805667,9.524,0.2,72.2,179.6102234422133
33,2010-04-30,0,73.29,3.105,126.3805667,9.849,0.2,72.2,106.65863807623171
36,2010-04-30,0,70.9,2.725,209.170772,8.464,0.2,72.2,122.92063314169312
3,2010-04-30,0,70.24,2.78,213.6716815,7.343,0.2,72.2,115.03264324971319
1,2010-04-30,0,67.41,2.78,210.3895456,7.808,0.2,72.2,168.5975520338237
21,2010-04-30,0,66.93,2.78,210.0505833,8.2,0.2,72.2,137.29057878661988
18,2010-04-30,0,51.12,2.935,132.0644333,9.269,0.2,72.2,155.32104817235398
34,2010-04-30,0,56.58,2.787,126.3805667,9.593,0.2,72.2,146.53031670950514
22,2010-04-30,0,50.96,2.935,135.9170833,8.348,0.2,72.2,151.85357227530676
20,2010-04-30,0,54.75,2.921,203.6503685,7.856,0.2,72.2,183.08578780697107
26,2010-04-30,0,40.56,2.935,132.0644333,8.512,0.2,72.2,148.60463674088257
32,2010-04-30,0,47.51,2.766,189.575127,8.963,0.2,72.2,155.5786906087354
24,2010-04-30,0,51.48,3.042,132.0644333,8.211,0.2,72.2,162.9323411202699
14,2010-04-30,0,53.15,2.921,181.6620359,8.899,0.2,72.2,187.27067900009106
19,2010-04-30,0,49.89,3.042,132.0644333,8.185,0.2,72.2,167.93696522205283
31,2010-04-30,0,66.93,2.78,210.0505833,8.2,0.2,72.2,162.33100270583205
39,2010-04-30,0,70.03,2.78,209.170772,8.464,0.2,72.2,163.0742565415374
5,2010-04-30,0,67.53,2.78,210.939388,6.465,0.2,72.2,109.0633419813566
9,2010-04-30,0,66.07,2.78,213.8990459,6.384,0.2,72.2,125.39263110643536
17,2010-04-30,0,43.82,2.941,126.3805667,6.635,0.2,72.2,144.00322254705085
29,2010-04-30,0,50.96,2.935,132.0644333,10.16,0.2,72.2,126.04981286856344
13,2010-04-30,0,48.33,2.941,126.3805667,8.107,0.2,72.2,179.47479711076778
4,2010-04-30,0,53.04,2.787,126.3805667,7.896,0.2,72.2,180.34445517476647
6,2010-04-30,0,68.91,2.78,211.8942725,7.092,0.2,72.2,170.94803543401065
12,2010-04-30,0,67.38,3.105,126.3805667,14.099,0.2,72.2,150.83178829769415
11,2010-04-30,0,71.13,2.78,213.6716815,7.343,0.2,72.2,162.20647405839435
16,2010-04-30,0,37.75,2.766,189.575127,6.842,0.2,72.2,116.97813403923604
25,2010-04-30,0,50.97,2.921,203.6503685,7.856,0.2,72.2,138.75348532038376
44,2010-04-30,0,48.33,2.941,126.3805667,7.972,0.2,72.2,106.34428244306166
30,2010-04-30,0,66.93,2.78,210.0505833,8.2,0.2,72.2,122.78846214759783
27,2010-04-30,0,53.55,3.042,135.9170833,8.058,0.2,72.2,180.0308215754896
45,2010-04-30,0,53.15,2.921,181.6620359,8.899,0.2,72.2,140.38698131966078
8,2010-04-30,0,61.01,2.78,213.7176024,6.29,0.2,72.2,142.5389645933855
40,2010-04-30,0,46.5,2.935,132.0644333,5.435,0.2,72.2,144.4498371545951
43,2010-04-30,0,66.91,2.78,202.4312238,9.593,0.2,72.2,134.41390903853505
41,2010-04-30,0,40.2,2.766,189.575127,7.363,0.2,72.2,155.4638395020175
37,2010-04-30,0,70.9,2.78,209.170772,8.464,0.2,72.2,127.21860542205638
42,2010-04-30,0,69.76,3.105,126.3805667,9.524,0.2,72.2,124.37713529145938
7,2010-04-30,0,38.99,2.766,189.575127,8.963,0.2,72.2,116.12540656263717
35,2010-04-30,0,53.55,2.921,135.9170833,9.051,0.2,72.2,156.78715879306853
10,2010-05-07,0,71.06,3.127,126.2898,9.524,0.2,73.6,183.14858150307344
3,2010-05-07,0,73.47,2.835,213.6211778,7.343,0.2,73.6,118.30480941095097
33,2010-05-07,0,75.4,3.127,126.2898,9.849,0.2,73.6,111.85464731966194
17,2010-05-07,0,40.26,2.948,126.2898,6.635,0.2,73.6,145.76321837454978
19,2010-05-07,0,62.54,3.095,132.1062,8.185,0.2,73.6,173.06846885158123
7,2010-05-07,0,40.07,2.771,189.5312483,8.963,0.2,73.6,117.9828830281584
29,2010-05-07,0,63.81,2.981,132.1062,10.16,0.2,73.6,130.57514064176385
6,2010-05-07,0,73.68,2.835,211.8442706,7.092,0.2,73.6,174.6926833161832
23,2010-05-07,0,61.04,2.981,132.1062,5.435,0.2,73.6,166.6137693127693
14,2010-05-07,0,70.75,2.966,181.6468154,8.899,0.2,73.6,194.09647653237042
26,2010-05-07,0,54.72,2.981,132.1062,8.512,0.2,73.6,155.8892661379364
25,2010-05-07,0,63.67,2.966,203.6101784,7.856,0.2,73.6,139.70413919385962
22,2010-05-07,0,63.81,2.981,135.962,8.348,0.2,73.6,155.0162333907214
12,2010-05-07,0,70.15,3.127,126.2898,14.099,0.2,73.6,154.6168565290755
28,2010-05-07,0,70.15,3.127,126.2898,14.099,0.2,73.6,172.03996512248216
40,2010-05-07,0,60.05,2.981,132.1062,5.435,0.2,73.6,153.2235326217371
37,2010-05-07,0,75.56,2.835,209.1215867,8.464,0.2,73.6,128.92941010057024
1,2010-05-07,0,72.55,2.835,210.3399684,7.808,0.2,73.6,174.21396060163747
21,2010-05-07,0,70.87,2.835,210.0011018,8.2,0.2,73.6,140.7939131248246
41,2010-05-07,0,41.5,2.771,189.5312483,7.363,0.2,73.6,159.83670178581653
44,2010-05-07,0,44.42,2.948,126.2898,7.972,0.2,73.6,107.67657685952565
18,2010-05-07,0,65.64,2.981,132.1062,9.269,0.2,73.6,161.5673903600271
35,2010-05-07,0,69.02,2.966,135.962,9.051,0.2,73.6,160.07630121100425
32,2010-05-07,0,48.94,2.771,189.5312483,8.963,0.2,73.6,158.22755141332829
30,2010-05-07,0,70.87,2.835,210.0011018,8.2,0.2,73.6,122.91945528492514
31,2010-05-07,0,70.87,2.835,210.0011018,8.2,0.2,73.6,167.1610894499704
38,2010-05-07,0,70.15,3.127,126.2898,14.099,0.2,73.6,116.98722484939543
5,2010-05-07,0,71.53,2.835,210.8896556,6.465,0.2,73.6,112.48800415975234
16,2010-05-07,0,37.43,2.771,189.5312483,6.842,0.2,73.6,118.62639061148587
36,2010-05-07,0,75.56,2.786,209.1215867,8.464,0.2,73.6,125.22485914459911
34,2010-05-07,0,57.39,2.836,126.2898,9.593,0.2,73.6,150.7999364696334
27,2010-05-07,0,69.02,3.095,135.962,8.058,0.2,73.6,183.6225739970188
13,2010-05-07,0,44.42,2.948,126.2898,8.107,0.2,73.6,185.33155561651998
24,2010-05-07,0,66.65,3.095,132.1062,8.211,0.2,73.6,168.0905424415133
15,2010-05-07,0,63.16,3.095,132.1062,8.185,0.2,73.6,136.2010335103834
11,2010-05-07,0,75.57,2.835,213.6211778,7.343,0.2,73.6,164.78664895103003
8,2010-05-07,0,62.68,2.835,213.6670857,6.29,0.2,73.6,149.16456245173265
45,2010-05-07,0,70.75,2.966,181.6468154,8.899,0.2,73.6,144.22067003146802
20,2010-05-07,0,66.74,2.966,203.6101784,7.856,0.2,73.6,188.62247949748735
42,2010-05-07,0,71.06,3.127,126.2898,9.524,0.2,73.6,131.4862837760153
4,2010-05-07,0,56.77,2.836,126.2898,7.896,0.2,73.6,185.20735626583885
9,2010-05-07,0,68.58,2.835,213.848478,6.384,0.2,73.6,127.7830899995914
43,2010-05-07,0,67.16,2.835,202.3792571,9.593,0.2,73.6,137.90336754646083
39,2010-05-07,0,74.86,2.835,209.1215867,8.464,0.2,73.6,166.27964849539217
2,2010-05-07,0,71.28,2.835,210.0011018,8.2,0.2,73.6,186.2740795658041
29,2010-05-14,0,50.99,2.983,132.152129,10.16,0.2,73.6,127.29331311004843
2,2010-05-14,0,73.31,2.854,209.9984585,8.2,0.2,73.6,182.066919006891
7,2010-05-14,0,41.41,2.788,189.4904116,8.963,0.2,73.6,116.0398889931429
28,2010-05-14,0,68.44,3.145,126.2085484,14.099,0.2,73.6,162.42870199319373
16,2010-05-14,0,41.26,2.788,189.4904116,6.842,0.2,73.6,118.50719364842102
40,2010-05-14,0,45.5,2.983,132.152129,5.435,0.2,73.6,148.73052194078753
37,2010-05-14,0,77.53,2.854,209.118536,8.464,0.2,73.6,126.3427959956961
18,2010-05-14,0,49.9,2.983,132.152129,9.269,0.2,73.6,156.615666381664
21,2010-05-14,0,73.08,2.854,209.9984585,8.2,0.2,73.6,139.65529568861078
27,2010-05-14,0,53.82,3.112,136.010394,8.058,0.2,73.6,181.03320520007995
11,2010-05-14,0,77.64,2.854,213.6196139,7.343,0.2,73.6,163.18012288872345
17,2010-05-14,0,47.28,2.962,126.2085484,6.635,0.2,73.6,144.29796172311669
38,2010-05-14,0,68.44,3.145,126.2085484,14.099,0.2,73.6,113.66756131710164
23,2010-05-14,0,45.33,2.983,132.152129,5.435,0.2,73.6,164.4627500363462
8,2010-05-14,0,61.35,2.854,213.6655355,6.29,0.2,73.6,147.16260940288603
41,2010-05-14,0,40.23,2.788,189.4904116,7.363,0.2,73.6,157.5565582863959
44,2010-05-14,0,50.15,2.962,126.2085484,7.972,0.2,73.6,107.79668951278967
35,2010-05-14,0,53.82,2.982,136.010394,9.051,0.2,73.6,157.07807889244174
9,2010-05-14,0,70.53,2.854,213.8469819,6.384,0.2,73.6,125.46873783380742
43,2010-05-14,0,72.14,2.854,202.3705092,9.593,0.2,73.6,137.86740916116892
32,2010-05-14,0,46.42,2.788,189.4904116,8.963,0.2,73.6,156.0837736601399
15,2010-05-14,0,47.13,3.112,132.152129,8.185,0.2,73.6,132.207215732223
5,2010-05-14,0,74.79,2.854,210.8872772,6.465,0.2,73.6,108.85552402825385
6,2010-05-14,0,74.95,2.854,211.8421769,7.092,0.2,73.6,171.7646127059076
20,2010-05-14,0,55.91,2.982,203.6133915,7.856,0.2,73.6,186.03723883646356
4,2010-05-14,0,62.35,2.845,126.2085484,7.896,0.2,73.6,181.92863367365845
30,2010-05-14,0,73.08,2.854,209.9984585,8.2,0.2,73.6,123.21741795666603
39,2010-05-14,0,77.49,2.854,209.118536,8.464,0.2,73.6,161.74111454144128
14,2010-05-14,0,54.26,2.982,181.6612792,8.899,0.2,73.6,188.44081579308542
45,2010-05-14,0,54.26,2.982,181.6612792,8.899,0.2,73.6,141.48475418837228
12,2010-05-14,0,68.44,3.145,126.2085484,14.099,0.2,73.6,151.3494405478108
19,2010-05-14,0,46.53,3.112,132.152129,8.185,0.2,73.6,168.99710554950067
3,2010-05-14,0,77.18,2.854,213.6196139,7.343,0.2,73.6,117.04696794480363
25,2010-05-14,0,50.27,2.982,203.6133915,7.856,0.2,73.6,138.26741752229574
36,2010-05-14,0,77.53,2.805,209.118536,8.464,0.2,73.6,124.31291508033702
31,2010-05-14,0,73.08,2.854,209.9984585,8.2,0.2,73.6,163.90826205073697
42,2010-05-14,0,73.88,3.145,126.2085484,9.524,0.2,73.6,130.3083818540529
24,2010-05-14,0,51.31,3.112,132.152129,8.211,0.2,73.6,165.97545555144188
1,2010-05-14,0,74.78,2.854,210.3374261,7.808,0.2,73.6,170.82682282198215
10,2010-05-14,0,73.88,3.145,126.2085484,9.524,0.2,73.6,180.0907323571793
34,2010-05-14,0,60.74,2.845,126.2085484,9.593,0.2,73.6,149.9330533147033
26,2010-05-14,0,39.08,2.983,132.152129,8.512,0.2,73.6,151.6364938107435
13,2010-05-14,0,50.15,2.962,126.2085484,8.107,0.2,73.6,182.32159812872354
33,2010-05-14,0,76.8,3.145,126.2085484,9.849,0.2,73.6,112.26541622056004
22,2010-05-14,0,50.99,2.983,136.010394,8.348,0.2,73.6,151.6764176510637
6,2010-05-21,0,74.8,2.826,212.1275324,7.092,0.2,73.6,172.01026020714227
25,2010-05-21,0,57.17,2.958,203.8770235,7.856,0.2,73.6,138.59959209880475
37,2010-05-21,0,77.34,2.826,209.3922937,8.464,0.2,73.6,126.71142628123647
42,2010-05-21,0,78.32,3.12,126.1843871,9.524,0.2,73.6,126.28738973787368
2,2010-05-21,0,74.83,2.826,210.2768443,8.2,0.2,73.6,182.49928869921456
27,2010-05-21,0,63.31,3.096,136.0796521,8.058,0.2,73.6,180.87333306410795
41,2010-05-21,0,50.59,2.776,189.467827,7.363,0.2,73.6,159.3630004460303
11,2010-05-21,0,76.97,2.826,213.9116886,7.343,0.2,73.6,163.35324175380316
12,2010-05-21,0,76.2,3.12,126.1843871,14.099,0.2,73.6,151.0140293723709
1,2010-05-21,0,76.44,2.826,210.6170934,7.808,0.2,73.6,167.75762994482895
8,2010-05-21,0,66.03,2.826,213.9577839,6.29,0.2,73.6,144.52334754499313
13,2010-05-21,0,57.71,2.95,126.1843871,8.107,0.2,73.6,181.33698367525346
39,2010-05-21,0,76.67,2.826,209.3922937,8.464,0.2,73.6,166.10830235753423
16,2010-05-21,0,47.34,2.776,189.467827,6.842,0.2,73.6,121.19382289757685
3,2010-05-21,0,75.81,2.826,213.9116886,7.343,0.2,73.6,113.4452160012215
45,2010-05-21,0,62.62,2.958,181.8538486,8.899,0.2,73.6,140.94729027469117
7,2010-05-21,0,46.6,2.776,189.467827,8.963,0.2,73.6,117.96132491800216
20,2010-05-21,0,60.38,2.958,203.8770235,7.856,0.2,73.6,182.41401027155945
30,2010-05-21,0,74.24,2.826,210.2768443,8.2,0.2,73.6,122.75922524015758
14,2010-05-21,0,62.62,2.958,181.8538486,8.899,0.2,73.6,187.91054201066487
33,2010-05-21,0,82.8,3.12,126.1843871,9.849,0.2,73.6,108.6067741072641
19,2010-05-21,0,57.53,3.096,132.2230323,8.185,0.2,73.6,167.0240452185416
31,2010-05-21,0,74.24,2.826,210.2768443,8.2,0.2,73.6,165.65409601130773
36,2010-05-21,0,77.34,2.767,209.3922937,8.464,0.2,73.6,124.18045235011594
22,2010-05-21,0,59.99,2.961,136.0796521,8.348,0.2,73.6,151.95254701068438
26,2010-05-21,0,50.81,2.961,132.2230323,8.512,0.2,73.6,152.24428676906854
24,2010-05-21,0,60.44,3.096,132.2230323,8.211,0.2,73.6,163.77367819997642
10,2010-05-21,0,78.32,3.12,126.1843871,9.524,0.2,73.6,181.17309794441104
34,2010-05-21,0,63.99,2.82,126.1843871,9.593,0.2,73.6,149.0194122633102
43,2010-05-21,0,74.74,2.826,202.6210737,9.593,0.2,73.6,136.81228626784323
15,2010-05-21,0,59.09,3.096,132.2230323,8.185,0.2,73.6,133.56680811179342
28,2010-05-21,0,76.2,3.12,126.1843871,14.099,0.2,73.6,161.4082733631742
5,2010-05-21,0,75.2,2.826,211.169023,6.465,0.2,73.6,109.36110860949708
18,2010-05-21,0,60.27,2.961,132.2230323,9.269,0.2,73.6,156.97306269214334
40,2010-05-21,0,56.75,2.961,132.2230323,5.435,0.2,73.6,147.73502104504115
17,2010-05-21,0,53.94,2.95,126.1843871,6.635,0.2,73.6,144.92939520869805
29,2010-05-21,0,59.99,2.961,132.2230323,10.16,0.2,73.6,126.12060825352121
32,2010-05-21,0,55.89,2.776,189.467827,8.963,0.2,73.6,158.62006936977934
21,2010-05-21,0,74.24,2.826,210.2768443,8.2,0.2,73.6,141.2337354114852
44,2010-05-21,0,57.71,2.95,126.1843871,7.972,0.2,73.6,105.69033190799945
35,2010-05-21,0,63.31,2.958,136.0796521,9.051,0.2,73.6,156.0382757268232
38,2010-05-21,0,76.2,3.12,126.1843871,14.099,0.2,73.6,113.14221000535409
23,2010-05-21,0,57.94,2.961,132.2230323,5.435,0.2,73.6,165.3102441959599
9,2010-05-21,0,71.5,2.826,214.1399162,6.384,0.2,73.6,126.41808099071726
4,2010-05-21,0,67.4,2.82,126.1843871,7.896,0.2,73.6,182.68055830038776
10,2010-05-28,0,76.67,3.058,126.1602258,9.524,0.2,73.6,182.7035457221102
1,2010-05-28,0,80.44,2.759,210.8967606,7.808,0.2,73.6,168.82575102853548
12,2010-05-28,0,67.84,3.058,126.1602258,14.099,0.2,73.6,150.8858468977518
2,2010-05-28,0,81.13,2.759,210.5552301,8.2,0.2,73.6,184.08369335211708
27,2010-05-28,0,67.88,3.046,136.1489101,8.058,0.2,73.6,184.22295165902315
14,2010-05-28,0,69.27,2.899,182.0464181,8.899,0.2,73.6,190.78571537403207
18,2010-05-28,0,69.12,2.906,132.2939355,9.269,0.2,73.6,162.8032265686332
29,2010-05-28,0,65.64,2.906,132.2939355,10.16,0.2,73.6,131.15682002779116
40,2010-05-28,0,67.88,2.906,132.2939355,5.435,0.2,73.6,153.16810638619552
38,2010-05-28,0,67.84,3.058,126.1602258,14.099,0.2,73.6,111.8161993275893
20,2010-05-28,0,70.97,2.899,204.1406556,7.856,0.2,73.6,186.86218698321295
31,2010-05-28,0,80.94,2.759,210.5552301,8.2,0.2,73.6,164.68581015266886
44,2010-05-28,0,53.11,2.908,126.1602258,7.972,0.2,73.6,108.36032483463153
39,2010-05-28,0,80.22,2.759,209.6660514,8.464,0.2,73.6,166.61340758071793
6,2010-05-28,0,78.89,2.759,212.412888,7.092,0.2,73.6,175.42219197585527
35,2010-05-28,0,67.88,2.899,136.1489101,9.051,0.2,73.6,161.6232002545348
4,2010-05-28,0,67.73,2.756,126.1602258,7.896,0.2,73.6,181.44188067131586
23,2010-05-28,0,69.26,2.906,132.2939355,5.435,0.2,73.6,173.21952636958278
9,2010-05-28,0,77.12,2.759,214.4328505,6.384,0.2,73.6,129.90721723015338
21,2010-05-28,0,80.94,2.759,210.5552301,8.2,0.2,73.6,141.33034154569094
28,2010-05-28,0,67.84,3.058,126.1602258,14.099,0.2,73.6,159.86877108905222
15,2010-05-28,0,70.61,3.046,132.2939355,8.185,0.2,73.6,140.78356971931473
32,2010-05-28,0,64.69,2.737,189.4452425,8.963,0.2,73.6,160.9556527433185
5,2010-05-28,0,79.81,2.759,211.4507688,6.465,0.2,73.6,110.2065913910186
24,2010-05-28,0,69.59,3.046,132.2939355,8.211,0.2,73.6,170.17766291434478
26,2010-05-28,0,61.65,2.906,132.2939355,8.512,0.2,73.6,155.70247396075246
22,2010-05-28,0,65.64,2.906,136.1489101,8.348,0.2,73.6,157.05685614197958
36,2010-05-28,0,80.87,2.716,209.6660514,8.464,0.2,73.6,122.09958170897711
19,2010-05-28,0,68.85,3.046,132.2939355,8.185,0.2,73.6,175.55244843289336
33,2010-05-28,0,78.47,3.058,126.1602258,9.849,0.2,73.6,107.02200587877462
30,2010-05-28,0,80.94,2.759,210.5552301,8.2,0.2,73.6,123.26257982349787
34,2010-05-28,0,68.68,2.756,126.1602258,9.593,0.2,73.6,150.3308440258428
43,2010-05-28,0,78.59,2.759,202.8716382,9.593,0.2,73.6,134.38869309169587
41,2010-05-28,0,56.97,2.737,189.4452425,7.363,0.2,73.6,162.45602772968093
16,2010-05-28,0,52.08,2.737,189.4452425,6.842,0.2,73.6,124.5089351648935
17,2010-05-28,0,48.19,2.908,126.1602258,6.635,0.2,73.6,147.13822330423878
13,2010-05-28,0,53.11,2.908,126.1602258,8.107,0.2,73.6,181.97591927830877
8,2010-05-28,0,74.71,2.759,214.2500323,6.29,0.2,73.6,146.9138418099475
25,2010-05-28,0,69.31,2.899,204.1406556,7.856,0.2,73.6,143.23610538955705
42,2010-05-28,0,76.67,3.058,126.1602258,9.524,0.2,73.6,124.8463414492496
37,2010-05-28,0,80.87,2.759,209.6660514,8.464,0.2,73.6,128.1957856741162
3,2010-05-28,0,78.6,2.759,214.2037634,7.343,0.2,73.6,114.02618978848918
11,2010-05-28,0,79.69,2.759,214.2037634,7.343,0.2,73.6,163.08986162459595
45,2010-05-28,0,69.27,2.899,182.0464181,8.899,0.2,73.6,143.66982797696758
7,2010-05-28,0,54.24,2.737,189.4452425,8.963,0.2,73.6,121.76892502186841
33,2010-06-04,0,86.06,2.941,126.1360645,9.849,0.18,76.0,107.64693452222974
36,2010-06-04,0,79.93,2.664,209.9398091,8.464,0.18,76.0,123.89989876944857
12,2010-06-04,0,81.39,2.941,126.1360645,14.099,0.18,76.0,154.86817578410952
13,2010-06-04,0,59.85,2.871,126.1360645,8.107,0.18,76.0,185.77072870220667
30,2010-06-04,0,82.68,2.705,210.833616,8.2,0.18,76.0,122.95393555236811
14,2010-06-04,0,75.93,2.847,182.2389876,8.899,0.18,76.0,193.94881277601937
39,2010-06-04,0,79.83,2.705,209.9398091,8.464,0.18,76.0,171.39336730844377
11,2010-06-04,0,79.66,2.705,214.4958382,7.343,0.18,76.0,167.6465311679035
40,2010-06-04,0,65.7,2.857,132.3648387,5.435,0.18,76.0,154.99397221711374
31,2010-06-04,0,82.68,2.705,210.833616,8.2,0.18,76.0,168.68028408739585
38,2010-06-04,0,81.39,2.941,126.1360645,14.099,0.18,76.0,116.34491670611
16,2010-06-04,0,53.76,2.7,189.422658,6.842,0.18,76.0,127.11183195732566
8,2010-06-04,0,75.71,2.705,214.5422806,6.29,0.18,76.0,151.0074964866954
15,2010-06-04,0,69.99,3.006,132.3648387,8.185,0.18,76.0,137.9973921762599
9,2010-06-04,0,79.65,2.705,214.7257848,6.384,0.18,76.0,131.68820299596607
35,2010-06-04,0,74.29,2.847,136.2181682,9.051,0.18,76.0,163.73457765886036
7,2010-06-04,0,53.63,2.7,189.422658,8.963,0.18,76.0,126.62044589986493
17,2010-06-04,0,53.79,2.871,126.1360645,6.635,0.18,76.0,147.32944139527032
32,2010-06-04,0,66.69,2.7,189.422658,8.963,0.18,76.0,158.82822067322908
37,2010-06-04,0,79.93,2.705,209.9398091,8.464,0.18,76.0,124.49188394572083
10,2010-06-04,0,82.82,2.941,126.1360645,9.524,0.18,76.0,183.41123890227092
34,2010-06-04,0,72.17,2.701,126.1360645,9.593,0.18,76.0,151.35521161950035
29,2010-06-04,0,69.49,2.857,132.3648387,10.16,0.18,76.0,131.81065901020224
26,2010-06-04,0,58.46,2.857,132.3648387,8.512,0.18,76.0,152.94483800868292
22,2010-06-04,0,69.49,2.857,136.2181682,8.348,0.18,76.0,156.73189818402528
43,2010-06-04,0,82.76,2.705,203.1222028,9.593,0.18,76.0,137.37369211858902
4,2010-06-04,0,70.83,2.701,126.1360645,7.896,0.18,76.0,182.66828506185098
42,2010-06-04,0,82.82,2.941,126.1360645,9.524,0.18,76.0,129.77081582934312
5,2010-06-04,0,79.54,2.705,211.7325146,6.465,0.18,76.0,112.89281656278402
19,2010-06-04,0,68.88,3.006,132.3648387,8.185,0.18,76.0,171.60680818671327
21,2010-06-04,0,82.68,2.705,210.833616,8.2,0.18,76.0,143.914539629835
23,2010-06-04,0,64.94,2.857,132.3648387,5.435,0.18,76.0,171.4633067733351
3,2010-06-04,0,78.53,2.705,214.4958382,7.343,0.18,76.0,118.10917726812679
44,2010-06-04,0,59.85,2.871,126.1360645,7.972,0.18,76.0,107.3547191331873
18,2010-06-04,0,70.28,2.857,132.3648387,9.269,0.18,76.0,163.3413057408186
28,2010-06-04,0,81.39,2.941,126.1360645,14.099,0.18,76.0,172.37456699916157
25,2010-06-04,0,69.22,2.847,204.4042877,7.856,0.18,76.0,141.79419289191662
45,2010-06-04,0,75.93,2.847,182.2389876,8.899,0.18,76.0,145.45964866116043
41,2010-06-04,0,60.13,2.7,189.422658,7.363,0.18,76.0,164.5331925425157
6,2010-06-04,0,79.44,2.705,212.6982436,7.092,0.18,76.0,181.4377266357696
27,2010-06-04,0,74.29,3.006,136.2181682,8.058,0.18,76.0,187.04008531206904
2,2010-06-04,0,81.81,2.705,210.833616,8.2,0.18,76.0,187.77115052681802
20,2010-06-04,0,72.52,2.847,204.4042877,7.856,0.18,76.0,190.22600695964255
24,2010-06-04,0,71.99,3.006,132.3648387,8.211,0.18,76.0,173.0822205542416
1,2010-06-04,0,80.69,2.705,211.1764278,7.808,0.18,76.0,174.56122953894518
25,2010-06-11,0,63.68,2.809,204.6679198,7.856,0.18,76.0,140.38155312917257
11,2010-06-11,0,82.81,2.668,214.787913,7.343,0.18,76.0,165.7284408820616
8,2010-06-11,0,82.21,2.668,214.834529,6.29,0.18,76.0,149.07469347399356
32,2010-06-11,0,70.86,2.684,189.4000734,8.963,0.18,76.0,160.45007584474143
22,2010-06-11,0,65.01,2.83,136.2874263,8.348,0.18,76.0,155.35156635736857
9,2010-06-11,0,83.75,2.668,215.0187191,6.384,0.18,76.0,127.55114255719091
41,2010-06-11,0,63.36,2.684,189.4000734,7.363,0.18,76.0,161.38162694959482
26,2010-06-11,0,51.62,2.83,132.4357419,8.512,0.18,76.0,155.8643922258963
21,2010-06-11,0,83.51,2.668,211.1120018,8.2,0.18,76.0,142.825224102766
40,2010-06-11,0,59.42,2.83,132.4357419,5.435,0.18,76.0,153.12975782457394
42,2010-06-11,0,89.67,3.057,126.1119032,9.524,0.18,76.0,132.99714009998726
15,2010-06-11,0,61.04,2.972,132.4357419,8.185,0.18,76.0,133.73198190851755
39,2010-06-11,0,81.78,2.668,210.2135668,8.464,0.18,76.0,166.8115178256386
33,2010-06-11,0,93.52,3.057,126.1119032,9.849,0.18,76.0,110.28503620059604
13,2010-06-11,0,65.24,2.841,126.1119032,8.107,0.18,76.0,186.1553614244408
7,2010-06-11,0,63.59,2.684,189.4000734,8.963,0.18,76.0,125.87859374386201
2,2010-06-11,0,83.4,2.668,211.1120018,8.2,0.18,76.0,185.84270471844079
6,2010-06-11,0,81.81,2.668,212.9835992,7.092,0.18,76.0,176.62826067458985
45,2010-06-11,0,69.71,2.809,182.4315571,8.899,0.18,76.0,143.3494901320387
5,2010-06-11,0,80.7,2.668,212.0142605,6.465,0.18,76.0,108.85224460915683
18,2010-06-11,0,64.08,2.83,132.4357419,9.269,0.18,76.0,159.75300355590946
34,2010-06-11,0,80.84,2.668,126.1119032,9.593,0.18,76.0,150.85205469472635
44,2010-06-11,0,65.24,2.841,126.1119032,7.972,0.18,76.0,108.87038730461988
31,2010-06-11,0,83.51,2.668,211.1120018,8.2,0.18,76.0,167.0030680665782
1,2010-06-11,0,80.43,2.668,211.4560951,7.808,0.18,76.0,172.3399931089695
3,2010-06-11,0,82.1,2.668,214.787913,7.343,0.18,76.0,114.47347744884684
16,2010-06-11,0,62.63,2.684,189.4000734,6.842,0.18,76.0,128.42023747305146
12,2010-06-11,0,90.84,2.949,126.1119032,14.099,0.18,76.0,153.48614216775326
24,2010-06-11,0,64.84,2.972,132.4357419,8.211,0.18,76.0,166.9480865435119
14,2010-06-11,0,69.71,2.809,182.4315571,8.899,0.18,76.0,191.31491228776977
10,2010-06-11,0,89.67,3.057,126.1119032,9.524,0.18,76.0,180.62547628857786
38,2010-06-11,0,90.84,2.949,126.1119032,14.099,0.18,76.0,114.45645675543422
36,2010-06-11,0,82.3,2.615,210.2135668,8.464,0.18,76.0,123.65103602163212
23,2010-06-11,0,58.35,2.83,132.4357419,5.435,0.18,76.0,169.06593682213483
35,2010-06-11,0,68.9,2.809,136.2874263,9.051,0.18,76.0,159.25559264204813
27,2010-06-11,0,68.9,2.972,136.2874263,8.058,0.18,76.0,181.8807038576604
19,2010-06-11,0,61.64,2.972,132.4357419,8.185,0.18,76.0,168.12289963668593
37,2010-06-11,0,82.3,2.668,210.2135668,8.464,0.18,76.0,124.68889438035797
30,2010-06-11,0,83.51,2.668,211.1120018,8.2,0.18,76.0,121.98337472374159
4,2010-06-11,0,78.45,2.668,126.1119032,7.896,0.18,76.0,181.7948340847926
28,2010-06-11,0,90.84,2.949,126.1119032,14.099,0.18,76.0,166.05101309874777
43,2010-06-11,0,88.12,2.668,203.3727673,9.593,0.18,76.0,137.4864505346976
17,2010-06-11,0,57.14,2.841,126.1119032,6.635,0.18,76.0,145.83062444493362
20,2010-06-11,0,67.32,2.809,204.6679198,7.856,0.18,76.0,187.72047855854345
29,2010-06-11,0,65.01,2.83,132.4357419,10.16,0.18,76.0,128.76232750377656
45,2010-06-18,0,72.62,2.78,182.4424199,8.899,0.18,76.0,144.3657370390345
33,2010-06-18,0,87.69,2.935,126.114,9.849,0.18,76.0,106.27877120056561
32,2010-06-18,0,60.94,2.674,189.4185259,8.963,0.18,76.0,158.86491982821806
3,2010-06-18,0,83.52,2.637,214.7858259,7.343,0.18,76.0,115.28413796221835
36,2010-06-18,0,84.37,2.572,210.2108417,8.464,0.18,76.0,124.96130292044988
17,2010-06-18,0,54.94,2.819,126.114,6.635,0.18,76.0,147.38050996767248
7,2010-06-18,0,52.7,2.674,189.4185259,8.963,0.18,76.0,124.6331334737464
21,2010-06-18,0,86.18,2.637,211.1096543,8.2,0.18,76.0,142.86569397591313
37,2010-06-18,0,84.37,2.637,210.2108417,8.464,0.18,76.0,126.38227509429476
22,2010-06-18,0,67.13,2.805,136.3243393,8.348,0.18,76.0,155.01304228530037
44,2010-06-18,0,58.41,2.819,126.114,7.972,0.18,76.0,108.52563891532344
2,2010-06-18,0,85.81,2.637,211.1096543,8.2,0.18,76.0,185.2332471682755
5,2010-06-18,0,83.91,2.637,212.0119769,6.465,0.18,76.0,110.58197255757739
39,2010-06-18,0,83.96,2.637,210.2108417,8.464,0.18,76.0,166.70709996692105
18,2010-06-18,0,65.96,2.805,132.4733333,9.269,0.18,76.0,160.11861336443437
27,2010-06-18,0,70.0,2.942,136.3243393,8.058,0.18,76.0,182.23901518189487
12,2010-06-18,0,81.06,3.043,126.114,14.099,0.18,76.0,150.91919987280758
29,2010-06-18,0,67.13,2.805,132.4733333,10.16,0.18,76.0,129.9454033685939
20,2010-06-18,0,72.62,2.78,204.670036,7.856,0.18,76.0,187.50786770119996
1,2010-06-18,0,84.11,2.637,211.4537719,7.808,0.18,76.0,171.11242576591113
31,2010-06-18,0,86.18,2.637,211.1096543,8.2,0.18,76.0,166.69958597094222
14,2010-06-18,0,72.62,2.78,182.4424199,8.899,0.18,76.0,191.29316584677204
16,2010-06-18,0,52.4,2.674,189.4185259,6.842,0.18,76.0,128.72464668155015
38,2010-06-18,0,81.06,3.043,126.114,14.099,0.18,76.0,112.69253911615948
23,2010-06-18,0,60.29,2.805,132.4733333,5.435,0.18,76.0,171.25188078931808
35,2010-06-18,0,70.0,2.78,136.3243393,9.051,0.18,76.0,160.67202496685016
4,2010-06-18,0,81.53,2.635,126.114,7.896,0.18,76.0,183.3673321426149
19,2010-06-18,0,66.25,2.942,132.4733333,8.185,0.18,76.0,169.64563518641768
11,2010-06-18,0,84.13,2.637,214.7858259,7.343,0.18,76.0,165.6237636156236
8,2010-06-18,0,78.79,2.637,214.8324452,6.29,0.18,76.0,147.00231917559043
24,2010-06-18,0,67.17,2.942,132.4733333,8.211,0.18,76.0,166.22737547707757
43,2010-06-18,0,84.9,2.637,203.370619,9.593,0.18,76.0,138.37411959415104
10,2010-06-18,0,83.49,2.935,126.114,9.524,0.18,76.0,180.90170207562025
42,2010-06-18,0,83.49,2.935,126.114,9.524,0.18,76.0,128.0056494383983
40,2010-06-18,0,60.97,2.805,132.4733333,5.435,0.18,76.0,151.65562928156575
13,2010-06-18,0,58.41,2.819,126.114,8.107,0.18,76.0,185.27928613341064
25,2010-06-18,0,69.56,2.78,204.670036,7.856,0.18,76.0,142.62919354344766
9,2010-06-18,0,82.99,2.637,215.0166484,6.384,0.18,76.0,126.88985358776743
15,2010-06-18,0,65.83,2.942,132.4733333,8.185,0.18,76.0,135.6808059611715
28,2010-06-18,0,81.06,3.043,126.114,14.099,0.18,76.0,163.2095280692244
26,2010-06-18,0,53.62,2.805,132.4733333,8.512,0.18,76.0,152.86361363901614
6,2010-06-18,0,83.89,2.637,212.9813843,7.092,0.18,76.0,176.38389136016008
41,2010-06-18,0,54.9,2.674,189.4185259,7.363,0.18,76.0,160.85553739074865
34,2010-06-18,0,73.48,2.635,126.114,9.593,0.18,76.0,150.27513349190284
30,2010-06-18,0,86.18,2.637,211.1096543,8.2,0.18,76.0,122.1512458096276
19,2010-06-25,0,72.3,2.958,132.4976,8.185,0.18,76.0,169.42234371328365
26,2010-06-25,0,63.78,2.81,132.4976,8.512,0.18,76.0,151.79133749481505
44,2010-06-25,0,71.83,2.82,126.1266,7.972,0.18,76.0,107.97907178600909
27,2010-06-25,0,78.02,2.958,136.3483143,8.058,0.18,76.0,184.2270133303458
20,2010-06-25,0,75.17,2.808,204.5675459,7.856,0.18,76.0,184.49954357629343
31,2010-06-25,0,87.01,2.653,210.9950134,8.2,0.18,76.0,164.4791565237821
16,2010-06-25,0,62.37,2.715,189.4533931,6.842,0.18,76.0,129.1488452000666
38,2010-06-25,0,87.27,3.084,126.1266,14.099,0.18,76.0,111.38953336268612
4,2010-06-25,0,81.1,2.654,126.1266,7.896,0.18,76.0,181.1469870011697
8,2010-06-25,0,81.78,2.653,214.7126286,6.29,0.18,76.0,144.35531833377678
43,2010-06-25,0,88.48,2.653,203.2673857,9.593,0.18,76.0,134.08349303987129
42,2010-06-25,0,90.32,3.084,126.1266,9.524,0.18,76.0,124.86294624125831
5,2010-06-25,0,83.72,2.653,211.8960815,6.465,0.18,76.0,108.70947508462973
9,2010-06-25,0,85.02,2.653,214.8965756,6.384,0.18,76.0,126.62600473656684
15,2010-06-25,0,72.79,2.958,132.4976,8.185,0.18,76.0,136.81977040409916
39,2010-06-25,0,83.24,2.653,210.0975233,8.464,0.18,76.0,163.6649697061409
21,2010-06-25,0,87.01,2.653,210.9950134,8.2,0.18,76.0,142.08749380737572
32,2010-06-25,0,72.42,2.715,189.4533931,8.963,0.18,76.0,157.88190027181776
37,2010-06-25,0,84.14,2.653,210.0975233,8.464,0.18,76.0,124.94151127591996
3,2010-06-25,0,83.79,2.653,214.6660741,7.343,0.18,76.0,114.6833360850504
30,2010-06-25,0,87.01,2.653,210.9950134,8.2,0.18,76.0,122.56750552238728
28,2010-06-25,0,87.27,3.084,126.1266,14.099,0.18,76.0,161.88826717622942
10,2010-06-25,0,90.32,3.084,126.1266,9.524,0.18,76.0,178.98180797774168
40,2010-06-25,0,69.72,2.81,132.4976,5.435,0.18,76.0,150.22155938590475
35,2010-06-25,0,78.02,2.808,136.3483143,9.051,0.18,76.0,161.85981930446792
7,2010-06-25,0,59.94,2.715,189.4533931,8.963,0.18,76.0,129.618766408269
2,2010-06-25,0,86.26,2.653,210.9950134,8.2,0.18,76.0,183.6348432807138
22,2010-06-25,0,74.37,2.81,136.3483143,8.348,0.18,76.0,156.71128229816875
36,2010-06-25,0,84.14,2.601,210.0975233,8.464,0.18,76.0,121.161068637199
41,2010-06-25,0,66.0,2.715,189.4533931,7.363,0.18,76.0,159.77898558546286
1,2010-06-25,0,84.34,2.653,211.3386526,7.808,0.18,76.0,168.5191364842353
6,2010-06-25,0,84.2,2.653,212.8641412,7.092,0.18,76.0,175.31013058058173
11,2010-06-25,0,84.5,2.653,214.6660741,7.343,0.18,76.0,163.00936747077608
34,2010-06-25,0,78.47,2.654,126.1266,9.593,0.18,76.0,148.20561084752921
17,2010-06-25,0,62.64,2.82,126.1266,6.635,0.18,76.0,148.12252407753064
25,2010-06-25,0,72.17,2.808,204.5675459,7.856,0.18,76.0,140.40307495349404
29,2010-06-25,0,74.37,2.81,132.4976,10.16,0.18,76.0,131.65606115995743
33,2010-06-25,0,93.66,3.084,126.1266,9.849,0.18,76.0,104.83173322675778
23,2010-06-25,0,69.83,2.81,132.4976,5.435,0.18,76.0,168.27212428759378
12,2010-06-25,0,87.27,3.084,126.1266,14.099,0.18,76.0,150.99795885149123
45,2010-06-25,0,79.32,2.808,182.3806,8.899,0.18,76.0,143.22889151236345
13,2010-06-25,0,71.83,2.82,126.1266,8.107,0.18,76.0,184.42716096396595
18,2010-06-25,0,74.04,2.81,132.4976,9.269,0.18,76.0,161.52069809598473
14,2010-06-25,0,79.32,2.808,182.3806,8.899,0.18,76.0,191.23513216949587
24,2010-06-25,0,74.9,2.958,132.4976,8.211,0.18,76.0,167.73807391788839
4,2010-07-02,0,73.66,2.668,126.1392,7.372,0.18,67.8,182.08259019204468
2,2010-07-02,0,82.74,2.669,210.8803726,8.099,0.18,67.8,185.29221750015085
21,2010-07-02,0,82.29,2.669,210.8803726,8.099,0.18,67.8,139.0014833641178
35,2010-07-02,0,76.25,2.815,136.3722893,8.861,0.18,67.8,162.42610988646595
7,2010-07-02,0,61.31,2.728,189.4882603,9.017,0.18,67.8,131.02636624126507
5,2010-07-02,0,81.25,2.669,211.7801861,6.496,0.18,67.8,109.80397910019471
40,2010-07-02,0,65.47,2.815,132.5218667,5.326,0.18,67.8,156.41478648480307
24,2010-07-02,0,71.12,2.958,132.5218667,8.117,0.18,67.8,172.9816980565147
13,2010-07-02,0,78.82,2.814,126.1392,7.951,0.18,67.8,185.65905813876617
42,2010-07-02,0,92.89,2.978,126.1392,9.199,0.18,67.8,126.4803678178525
6,2010-07-02,0,80.34,2.669,212.746898,6.973,0.18,67.8,178.7460771559929
9,2010-07-02,0,78.55,2.669,214.7765028,6.442,0.18,67.8,127.9660756692361
26,2010-07-02,0,58.9,2.815,132.5218667,8.445,0.18,67.8,156.04926023092662
8,2010-07-02,0,74.78,2.669,214.5928119,6.315,0.18,67.8,146.1694776108182
32,2010-07-02,0,74.74,2.728,189.4882603,9.017,0.18,67.8,160.29725382660126
34,2010-07-02,0,73.66,2.668,126.1392,9.816,0.18,67.8,149.27340480535798
11,2010-07-02,0,83.09,2.669,214.5463222,7.346,0.18,67.8,164.44681870483734
43,2010-07-02,0,80.17,2.669,203.1641524,9.816,0.18,67.8,136.54453093287844
39,2010-07-02,0,81.35,2.669,209.984205,8.36,0.18,67.8,166.17218166552294
41,2010-07-02,0,69.39,2.728,189.4882603,7.335,0.18,67.8,163.41142294716593
15,2010-07-02,0,66.13,2.958,132.5218667,8.099,0.18,67.8,138.88524834743174
45,2010-07-02,0,76.61,2.815,182.3187801,8.743,0.18,67.8,143.62236396820597
19,2010-07-02,0,66.25,2.958,132.5218667,8.099,0.18,67.8,172.5396323916823
29,2010-07-02,0,72.88,2.815,132.5218667,10.409,0.18,67.8,131.39983191254694
17,2010-07-02,0,68.98,2.814,126.1392,6.697,0.18,67.8,151.0359598201714
20,2010-07-02,0,70.1,2.815,204.4650559,7.527,0.18,67.8,188.780377073276
30,2010-07-02,0,82.29,2.669,210.8803726,8.099,0.18,67.8,122.3498592198986
23,2010-07-02,0,64.76,2.815,132.5218667,5.326,0.18,67.8,172.54254939537384
44,2010-07-02,0,78.82,2.814,126.1392,7.804,0.18,67.8,109.26058360325369
33,2010-07-02,0,97.66,2.978,126.1392,9.495,0.18,67.8,105.73813253773912
1,2010-07-02,0,80.91,2.669,211.2235333,7.787,0.18,67.8,170.76869982458373
12,2010-07-02,0,91.98,3.105,126.1392,14.18,0.18,67.8,150.73227645108378
25,2010-07-02,0,66.42,2.815,204.4650559,7.527,0.18,67.8,141.5483934777286
36,2010-07-02,0,81.85,2.606,209.984205,8.36,0.18,67.8,121.11214658086965
3,2010-07-02,0,82.2,2.669,214.5463222,7.346,0.18,67.8,116.772868236072
16,2010-07-02,0,64.44,2.728,189.4882603,6.868,0.18,67.8,133.20576474636795
18,2010-07-02,0,71.22,2.815,132.5218667,9.342,0.18,67.8,162.86237014193804
31,2010-07-02,0,82.29,2.669,210.8803726,8.099,0.18,67.8,164.7648795344054
28,2010-07-02,0,91.98,3.105,126.1392,14.18,0.18,67.8,167.76753597482622
22,2010-07-02,0,72.88,2.815,136.3722893,8.433,0.18,67.8,157.70609502054626
27,2010-07-02,0,76.25,2.958,136.3722893,7.982,0.18,67.8,185.81770125225603
38,2010-07-02,0,91.98,3.105,126.1392,14.18,0.18,67.8,115.0266765494543
37,2010-07-02,0,81.85,2.669,209.984205,8.36,0.18,67.8,125.85825854091141
10,2010-07-02,0,92.89,2.978,126.1392,9.199,0.18,67.8,181.12639602477523
14,2010-07-02,0,76.61,2.815,182.3187801,8.743,0.18,67.8,193.29218501912564
18,2010-07-09,0,79.75,2.806,132.5461333,9.342,0.18,67.8,159.6724439386164
42,2010-07-09,0,91.03,3.1,126.1518,9.199,0.18,67.8,130.67578160478766
40,2010-07-09,0,76.67,2.806,132.5461333,5.326,0.18,67.8,155.23166789623912
43,2010-07-09,0,81.52,2.642,203.060919,9.816,0.18,67.8,139.39603384699976
20,2010-07-09,0,78.09,2.793,204.3625658,7.527,0.18,67.8,187.88831433656915
24,2010-07-09,0,79.05,2.94,132.5461333,8.117,0.18,67.8,176.04085838345762
8,2010-07-09,0,72.49,2.642,214.4729952,6.315,0.18,67.8,145.83242714579717
29,2010-07-09,0,79.22,2.806,132.5461333,10.409,0.18,67.8,130.2506174122377
1,2010-07-09,0,80.48,2.642,211.108414,7.787,0.18,67.8,172.4486772239278
34,2010-07-09,0,75.0,2.637,126.1518,9.816,0.18,67.8,148.91021373101825
35,2010-07-09,0,82.69,2.793,136.3962643,8.861,0.18,67.8,163.25051480968543
16,2010-07-09,0,61.79,2.711,189.5231276,6.868,0.18,67.8,133.42499266623264
31,2010-07-09,0,81.67,2.642,210.7657317,8.099,0.18,67.8,164.88370935795425
38,2010-07-09,0,90.37,3.1,126.1518,14.18,0.18,67.8,113.45327425658313
4,2010-07-09,0,80.35,2.637,126.1518,7.372,0.18,67.8,180.20514012274515
12,2010-07-09,0,90.37,3.1,126.1518,14.18,0.18,67.8,150.35911005294946
23,2010-07-09,0,77.16,2.806,132.5461333,5.326,0.18,67.8,168.34892565067588
10,2010-07-09,0,91.03,3.1,126.1518,9.199,0.18,67.8,179.027232878756
37,2010-07-09,0,81.74,2.642,209.8708867,8.36,0.18,67.8,126.15106255149705
21,2010-07-09,0,81.67,2.642,210.7657317,8.099,0.18,67.8,139.1756933160169
36,2010-07-09,0,81.74,2.596,209.8708867,8.36,0.18,67.8,123.94578367615358
22,2010-07-09,0,79.22,2.806,136.3962643,8.433,0.18,67.8,156.61716991811548
33,2010-07-09,0,95.88,3.1,126.1518,9.495,0.18,67.8,109.44324403262422
30,2010-07-09,0,81.67,2.642,210.7657317,8.099,0.18,67.8,121.27104556987527
32,2010-07-09,0,67.55,2.711,189.5231276,9.017,0.18,67.8,156.00094178709412
17,2010-07-09,0,62.41,2.802,126.1518,6.697,0.18,67.8,145.42906989941224
2,2010-07-09,0,82.59,2.642,210.7657317,8.099,0.18,67.8,182.07094559575856
7,2010-07-09,0,58.0,2.711,189.5231276,9.017,0.18,67.8,132.14993441285108
41,2010-07-09,0,60.93,2.711,189.5231276,7.335,0.18,67.8,159.84958277007925
44,2010-07-09,0,71.33,2.802,126.1518,7.804,0.18,67.8,107.15372476777134
39,2010-07-09,0,81.1,2.642,209.8708867,8.36,0.18,67.8,165.41548664626208
6,2010-07-09,0,80.93,2.642,212.6296549,6.973,0.18,67.8,176.76354213015028
19,2010-07-09,0,78.22,2.94,132.5461333,8.099,0.18,67.8,173.41423495701417
25,2010-07-09,0,75.24,2.793,204.3625658,7.527,0.18,67.8,139.4415377994957
45,2010-07-09,0,82.45,2.793,182.2569603,8.743,0.18,67.8,142.96475882081657
5,2010-07-09,0,81.14,2.642,211.6642907,6.496,0.18,67.8,108.35176871970691
13,2010-07-09,0,71.33,2.802,126.1518,7.951,0.18,67.8,181.80087833227392
9,2010-07-09,0,78.51,2.642,214.6564301,6.442,0.18,67.8,124.93933702472147
26,2010-07-09,0,71.08,2.806,132.5461333,8.445,0.18,67.8,157.78800388984982
28,2010-07-09,0,90.37,3.1,126.1518,14.18,0.18,67.8,165.75324660976648
27,2010-07-09,0,82.69,2.94,136.3962643,7.982,0.18,67.8,188.1806886230002
15,2010-07-09,0,77.33,2.94,132.5461333,8.099,0.18,67.8,137.90331310028446
14,2010-07-09,0,82.45,2.793,182.2569603,8.743,0.18,67.8,190.99997959889467
11,2010-07-09,0,83.01,2.642,214.4265704,7.346,0.18,67.8,163.65580778407528
3,2010-07-09,0,81.75,2.642,214.4265704,7.346,0.18,67.8,113.94628510013933
20,2010-07-16,0,75.14,2.783,204.3571656,7.527,0.18,67.8,186.0028107599854
44,2010-07-16,0,77.79,2.791,126.1498065,7.804,0.18,67.8,108.89936700697908
33,2010-07-16,0,100.14,2.971,126.1498065,9.495,0.18,67.8,107.20356177080045
36,2010-07-16,0,84.43,2.561,209.8630532,8.36,0.18,67.8,123.59566343084421
25,2010-07-16,0,73.43,2.783,204.3571656,7.527,0.18,67.8,139.839775589267
23,2010-07-16,0,73.94,2.796,132.5667742,5.326,0.18,67.8,168.20348661024082
1,2010-07-16,0,83.15,2.623,211.1003854,7.787,0.18,67.8,169.37477350998958
14,2010-07-16,0,77.84,2.783,182.2604411,8.743,0.18,67.8,188.4534482202822
24,2010-07-16,0,76.56,2.933,132.5667742,8.117,0.18,67.8,168.3871542656719
21,2010-07-16,0,85.61,2.623,210.7577954,8.099,0.18,67.8,141.32430527213182
9,2010-07-16,0,82.93,2.623,214.6474453,6.442,0.18,67.8,124.11557563128163
43,2010-07-16,0,84.17,2.623,203.0538548,9.816,0.18,67.8,138.1995307127189
15,2010-07-16,0,72.83,2.933,132.5667742,8.099,0.18,67.8,134.56005748307078
10,2010-07-16,0,91.8,2.971,126.1498065,9.199,0.18,67.8,180.6399988949902
13,2010-07-16,0,77.79,2.791,126.1498065,7.951,0.18,67.8,183.4329140250308
11,2010-07-16,0,84.9,2.623,214.4176476,7.346,0.18,67.8,164.02546541015764
26,2010-07-16,0,67.66,2.796,132.5667742,8.445,0.18,67.8,153.99232313662102
34,2010-07-16,0,78.53,2.621,126.1498065,9.816,0.18,67.8,149.76971002237246
35,2010-07-16,0,78.26,2.783,136.4179827,8.861,0.18,67.8,157.86830121886575
2,2010-07-16,0,85.32,2.623,210.7577954,8.099,0.18,67.8,181.12601352539608
4,2010-07-16,0,78.53,2.621,126.1498065,7.372,0.18,67.8,182.538973126771
32,2010-07-16,0,76.2,2.699,189.6125456,9.017,0.18,67.8,157.70267572057494
37,2010-07-16,0,84.43,2.623,209.8630532,8.36,0.18,67.8,124.92213941916278
45,2010-07-16,0,77.84,2.783,182.2604411,8.743,0.18,67.8,139.66331012173654
22,2010-07-16,0,76.3,2.796,136.4179827,8.433,0.18,67.8,152.31404685449579
38,2010-07-16,0,97.18,3.094,126.1498065,14.18,0.18,67.8,112.9351010840156
31,2010-07-16,0,85.61,2.623,210.7577954,8.099,0.18,67.8,165.58631424533797
3,2010-07-16,0,84.32,2.623,214.4176476,7.346,0.18,67.8,114.2663405430224
27,2010-07-16,0,78.26,2.933,136.4179827,7.982,0.18,67.8,182.0652917975963
12,2010-07-16,0,97.18,3.094,126.1498065,14.18,0.18,67.8,149.14564159746106
42,2010-07-16,0,91.8,2.971,126.1498065,9.199,0.18,67.8,129.95225119511656
5,2010-07-16,0,83.98,2.623,211.6561123,6.496,0.18,67.8,107.1782639313324
6,2010-07-16,0,83.75,2.623,212.6212163,6.973,0.18,67.8,172.88144641841663
30,2010-07-16,0,85.61,2.623,210.7577954,8.099,0.18,67.8,121.40880288563669
39,2010-07-16,0,83.86,2.623,209.8630532,8.36,0.18,67.8,165.736704480145
16,2010-07-16,0,67.68,2.699,189.6125456,6.868,0.18,67.8,131.72092313856885
8,2010-07-16,0,77.49,2.623,214.4640599,6.315,0.18,67.8,145.99253666193067
29,2010-07-16,0,76.3,2.796,132.5667742,10.409,0.18,67.8,126.83583358077489
41,2010-07-16,0,69.06,2.699,189.6125456,7.335,0.18,67.8,159.98935202592887
28,2010-07-16,0,97.18,3.094,126.1498065,14.18,0.18,67.8,161.68031154406884
40,2010-07-16,0,74.25,2.796,132.5667742,5.326,0.18,67.8,151.05144417469182
18,2010-07-16,0,76.9,2.796,132.5667742,9.342,0.18,67.8,157.5203220954354
17,2010-07-16,0,65.66,2.791,126.1498065,6.697,0.18,67.8,147.31488578797146
7,2010-07-16,0,62.19,2.699,189.6125456,9.017,0.18,67.8,129.84371458705397
19,2010-07-16,0,74.6,2.933,132.5667742,8.099,0.18,67.8,168.17156045968684
12,2010-07-23,0,99.22,3.112,126.1283548,14.18,0.18,67.8,148.9643900326434
19,2010-07-23,0,74.68,2.924,132.5825806,8.099,0.18,67.8,166.83304862638963
30,2010-07-23,0,87.17,2.608,210.8921319,8.099,0.18,67.8,121.59613420025718
37,2010-07-23,0,82.6,2.608,209.9958663,8.36,0.18,67.8,125.41219273857728
21,2010-07-23,0,87.17,2.608,210.8921319,8.099,0.18,67.8,141.88028936857802
28,2010-07-23,0,99.22,3.112,126.1283548,14.18,0.18,67.8,160.96388263535633
38,2010-07-23,0,99.22,3.112,126.1283548,14.18,0.18,67.8,111.99508987914672
15,2010-07-23,0,73.2,2.924,132.5825806,8.099,0.18,67.8,132.46513067299395
2,2010-07-23,0,87.66,2.608,210.8921319,8.099,0.18,67.8,179.36044515705944
5,2010-07-23,0,83.66,2.608,211.7915565,6.496,0.18,67.8,106.53466856104286
24,2010-07-23,0,75.27,2.924,132.5825806,8.117,0.18,67.8,165.5280478035368
20,2010-07-23,0,77.75,2.771,204.4812188,7.527,0.18,67.8,182.59506381859674
43,2010-07-23,0,86.6,2.608,203.1750161,9.816,0.18,67.8,135.48950571536383
42,2010-07-23,0,88.44,3.112,126.1283548,9.199,0.18,67.8,125.34933791791796
3,2010-07-23,0,83.32,2.608,214.5564968,7.346,0.18,67.8,114.27865222777828
34,2010-07-23,0,79.58,2.612,126.1283548,9.816,0.18,67.8,148.49246739576117
33,2010-07-23,0,97.04,3.112,126.1283548,9.495,0.18,67.8,104.06568202586743
25,2010-07-23,0,75.37,2.771,204.4812188,7.527,0.18,67.8,136.42678454084836
8,2010-07-23,0,78.29,2.608,214.6029664,6.315,0.18,67.8,142.88653635304095
40,2010-07-23,0,71.79,2.784,132.5825806,5.326,0.18,67.8,149.41375824471203
17,2010-07-23,0,69.66,2.797,126.1283548,6.697,0.18,67.8,148.09991667430708
9,2010-07-23,0,84.49,2.608,214.7865779,6.442,0.18,67.8,123.27764777332725
45,2010-07-23,0,81.46,2.771,182.3509895,8.743,0.18,67.8,139.1715515046853
4,2010-07-23,0,79.78,2.612,126.1283548,7.372,0.18,67.8,181.19517087144453
35,2010-07-23,0,81.56,2.771,136.4366924,8.861,0.18,67.8,157.76457335499632
7,2010-07-23,0,64.64,2.691,189.774698,9.017,0.18,67.8,130.6861233824795
27,2010-07-23,0,81.56,2.924,136.4366924,7.982,0.18,67.8,180.09609077825291
18,2010-07-23,0,75.71,2.784,132.5825806,9.342,0.18,67.8,154.18991753989104
32,2010-07-23,0,75.69,2.691,189.774698,9.017,0.18,67.8,157.28693525002262
14,2010-07-23,0,81.46,2.771,182.3509895,8.743,0.18,67.8,186.31377860714773
29,2010-07-23,0,76.91,2.784,132.5825806,10.409,0.18,67.8,126.43391706877645
39,2010-07-23,0,82.2,2.608,209.9958663,8.36,0.18,67.8,164.867480426288
1,2010-07-23,0,83.36,2.608,211.2351443,7.787,0.18,67.8,167.2706431422755
26,2010-07-23,0,65.4,2.784,132.5825806,8.445,0.18,67.8,151.59106899608625
41,2010-07-23,0,70.77,2.691,189.774698,7.335,0.18,67.8,160.45529775622796
16,2010-07-23,0,70.67,2.691,189.774698,6.868,0.18,67.8,131.8310698903128
31,2010-07-23,0,87.17,2.608,210.8921319,8.099,0.18,67.8,163.50934100653922
44,2010-07-23,0,82.27,2.797,126.1283548,7.804,0.18,67.8,108.44243739908251
6,2010-07-23,0,83.9,2.608,212.7578505,6.973,0.18,67.8,173.64835721558114
36,2010-07-23,0,82.6,2.542,209.9958663,8.36,0.18,67.8,122.47754396134695
11,2010-07-23,0,84.57,2.608,214.5564968,7.346,0.18,67.8,162.37409828087644
23,2010-07-23,0,70.2,2.784,132.5825806,5.326,0.18,67.8,165.52440214531183
13,2010-07-23,0,82.27,2.797,126.1283548,7.951,0.18,67.8,182.77607838553743
22,2010-07-23,0,76.91,2.784,136.4366924,8.433,0.18,67.8,151.69970199167236
10,2010-07-23,0,88.44,3.112,126.1283548,9.199,0.18,67.8,180.73906440953346
9,2010-07-30,0,79.83,2.64,214.9257105,6.442,0.18,67.8,123.7221956938673
7,2010-07-30,0,66.07,2.69,189.9368504,9.017,0.18,67.8,132.77240707064544
8,2010-07-30,0,76.02,2.64,214.7418728,6.315,0.18,67.8,142.97654177086247
32,2010-07-30,0,75.62,2.69,189.9368504,9.017,0.18,67.8,155.52024633281064
15,2010-07-30,0,72.04,2.932,132.5983871,8.099,0.18,67.8,133.72516467134363
39,2010-07-30,0,80.99,2.64,210.1286794,8.36,0.18,67.8,164.64340827145836
22,2010-07-30,0,76.35,2.792,136.4554021,8.433,0.18,67.8,151.55454705579942
33,2010-07-30,0,92.71,3.017,126.1069032,9.495,0.18,67.8,102.80984754083255
42,2010-07-30,0,85.03,3.017,126.1069032,9.199,0.18,67.8,123.79025627411629
2,2010-07-30,0,83.49,2.64,211.0264684,8.099,0.18,67.8,179.9855680815994
37,2010-07-30,0,81.88,2.64,210.1286794,8.36,0.18,67.8,125.12045922906638
41,2010-07-30,0,70.07,2.69,189.9368504,7.335,0.18,67.8,161.15813469962083
11,2010-07-30,0,83.26,2.64,214.695346,7.346,0.18,67.8,162.58335014987435
43,2010-07-30,0,79.79,2.64,203.2961774,9.816,0.18,67.8,133.89876955226507
36,2010-07-30,0,81.88,2.602,210.1286794,8.36,0.18,67.8,120.97155647474135
26,2010-07-30,0,63.79,2.792,132.5983871,8.445,0.18,67.8,153.0346478524834
5,2010-07-30,0,82.46,2.64,211.9270006,6.496,0.18,67.8,105.89690621653608
6,2010-07-30,0,81.37,2.64,212.8944846,6.973,0.18,67.8,172.02178374868802
21,2010-07-30,0,83.59,2.64,211.0264684,8.099,0.18,67.8,139.2406747040946
45,2010-07-30,0,79.78,2.781,182.4415378,8.743,0.18,67.8,139.29389943501482
13,2010-07-30,0,78.94,2.797,126.1069032,7.951,0.18,67.8,180.3613227054305
24,2010-07-30,0,75.91,2.932,132.5983871,8.117,0.18,67.8,167.35272265059638
23,2010-07-30,0,69.71,2.792,132.5983871,5.326,0.18,67.8,165.04540240879888
28,2010-07-30,0,96.31,3.017,126.1069032,14.18,0.18,67.8,158.86541794222856
12,2010-07-30,0,96.31,3.017,126.1069032,14.18,0.18,67.8,149.0163250962248
10,2010-07-30,0,85.03,3.017,126.1069032,9.199,0.18,67.8,180.7660508370086
19,2010-07-30,0,72.83,2.932,132.5983871,8.099,0.18,67.8,166.6423115536642
30,2010-07-30,0,83.59,2.64,211.0264684,8.099,0.18,67.8,121.39524551829774
31,2010-07-30,0,83.59,2.64,211.0264684,8.099,0.18,67.8,161.92358635225597
16,2010-07-30,0,70.71,2.69,189.9368504,6.868,0.18,67.8,130.19797478934908
38,2010-07-30,0,96.31,3.017,126.1069032,14.18,0.18,67.8,112.75707021193047
44,2010-07-30,0,78.94,2.797,126.1069032,7.804,0.18,67.8,106.56495422768796
4,2010-07-30,0,80.7,2.65,126.1069032,7.372,0.18,67.8,179.77508417532744
1,2010-07-30,0,81.84,2.64,211.3699032,7.787,0.18,67.8,166.83112276058176
25,2010-07-30,0,71.99,2.781,204.605272,7.527,0.18,67.8,137.3799664437516
35,2010-07-30,0,79.78,2.781,136.4554021,8.861,0.18,67.8,158.439320006455
14,2010-07-30,0,79.78,2.781,182.4415378,8.743,0.18,67.8,186.58281319983396
17,2010-07-30,0,69.96,2.797,126.1069032,6.697,0.18,67.8,145.26451837705332
3,2010-07-30,0,82.04,2.64,214.695346,7.346,0.18,67.8,113.83105196622856
34,2010-07-30,0,72.26,2.65,126.1069032,9.816,0.18,67.8,147.286153272448
29,2010-07-30,0,76.35,2.792,132.5983871,10.409,0.18,67.8,126.66830282688731
27,2010-07-30,0,79.78,2.932,136.4554021,7.982,0.18,67.8,180.32291656047929
18,2010-07-30,0,75.79,2.792,132.5983871,9.342,0.18,67.8,156.05336493252437
20,2010-07-30,0,76.03,2.781,204.605272,7.527,0.18,67.8,184.05199709402734
40,2010-07-30,0,71.35,2.792,132.5983871,5.326,0.18,67.8,150.79543199944607
19,2010-08-06,0,74.2,2.942,132.6141935,8.099,0.19,68.9,170.75736787460508
28,2010-08-06,0,92.95,3.123,126.0854516,14.18,0.19,68.9,171.7346811393628
27,2010-08-06,0,77.45,2.942,136.4741118,7.982,0.19,68.9,182.79425865456912
7,2010-08-06,0,61.7,2.69,190.0990028,9.017,0.19,68.9,135.18715666889713
23,2010-08-06,0,70.03,2.792,132.6141935,5.326,0.19,68.9,168.33171076664655
11,2010-08-06,0,86.54,2.627,214.8341952,7.346,0.19,68.9,166.7517685325469
18,2010-08-06,0,73.67,2.792,132.6141935,9.342,0.19,68.9,159.47256857861728
31,2010-08-06,0,90.3,2.627,211.1608049,8.099,0.19,68.9,166.16718538790738
6,2010-08-06,0,86.61,2.627,213.0311188,6.973,0.19,68.9,175.08951794221622
32,2010-08-06,0,72.95,2.69,190.0990028,9.017,0.19,68.9,158.64827449807717
39,2010-08-06,0,84.92,2.627,210.2614925,8.36,0.19,68.9,168.0999527082275
44,2010-08-06,0,81.24,2.802,126.0854516,7.804,0.19,68.9,108.86897663634963
22,2010-08-06,0,74.37,2.792,136.4741118,8.433,0.19,68.9,153.2458352365568
26,2010-08-06,0,62.93,2.792,132.6141935,8.445,0.19,68.9,157.90395774674676
29,2010-08-06,0,74.37,2.792,132.6141935,10.409,0.19,68.9,127.35128763295882
41,2010-08-06,0,69.21,2.69,190.0990028,7.335,0.19,68.9,165.67907179091785
2,2010-08-06,0,89.53,2.627,211.1608049,8.099,0.19,68.9,184.98370620291624
14,2010-08-06,0,77.17,2.784,182.5320862,8.743,0.19,68.9,190.61163573499456
10,2010-08-06,0,86.13,3.123,126.0854516,9.199,0.19,68.9,183.87831493774934
1,2010-08-06,0,87.16,2.627,211.5046621,7.787,0.19,68.9,174.26018936922375
4,2010-08-06,0,76.53,2.64,126.0854516,7.372,0.19,68.9,182.78370084417654
43,2010-08-06,0,84.66,2.627,203.4173387,9.816,0.19,68.9,138.29290851982213
24,2010-08-06,0,74.54,2.942,132.6141935,8.117,0.19,68.9,169.17614289371016
17,2010-08-06,0,70.53,2.802,126.0854516,6.697,0.19,68.9,143.37972350347087
8,2010-08-06,0,80.37,2.627,214.8807793,6.315,0.19,68.9,148.09507207483486
40,2010-08-06,0,69.16,2.792,132.6141935,5.326,0.19,68.9,155.19274097324305
3,2010-08-06,0,85.13,2.627,214.8341952,7.346,0.19,68.9,118.57850769589669
42,2010-08-06,0,86.13,3.123,126.0854516,9.199,0.19,68.9,131.27806876897534
20,2010-08-06,0,74.57,2.784,204.7293252,7.527,0.19,68.9,182.85100358009566
34,2010-08-06,0,73.8,2.64,126.0854516,9.816,0.19,68.9,152.27302145735703
25,2010-08-06,0,71.79,2.784,204.7293252,7.527,0.19,68.9,138.3440823216228
5,2010-08-06,0,86.1,2.627,212.0624447,6.496,0.19,68.9,109.50603388031027
33,2010-08-06,0,92.51,3.123,126.0854516,9.495,0.19,68.9,105.2124374224051
16,2010-08-06,0,67.42,2.69,190.0990028,6.868,0.19,68.9,131.74301318631674
36,2010-08-06,0,85.49,2.573,210.2614925,8.36,0.19,68.9,123.63121652735066
21,2010-08-06,0,90.3,2.627,211.1608049,8.099,0.19,68.9,140.4936424628848
9,2010-08-06,0,87.09,2.627,215.064843,6.442,0.19,68.9,127.55793869906879
15,2010-08-06,0,72.7,2.942,132.6141935,8.099,0.19,68.9,134.94059806397019
30,2010-08-06,0,90.3,2.627,211.1608049,8.099,0.19,68.9,121.66674835157976
35,2010-08-06,0,77.45,2.784,136.4741118,8.861,0.19,68.9,160.0042194766298
45,2010-08-06,0,77.17,2.784,182.5320862,8.743,0.19,68.9,140.87530578716846
13,2010-08-06,0,81.24,2.802,126.0854516,7.951,0.19,68.9,184.3955810577905
38,2010-08-06,0,92.95,3.123,126.0854516,14.18,0.19,68.9,116.55131595119387
12,2010-08-06,0,92.95,3.123,126.0854516,14.18,0.19,68.9,151.4156760798421
37,2010-08-06,0,85.49,2.627,210.2614925,8.36,0.19,68.9,126.57830690215854
37,2010-08-13,0,86.06,2.692,210.3943056,8.36,0.19,68.9,125.39921259360267
14,2010-08-13,0,78.44,2.805,182.6226346,8.743,0.19,68.9,186.5361053174312
17,2010-08-13,0,65.17,2.837,126.064,6.697,0.19,68.9,141.5788612912612
7,2010-08-13,0,60.13,2.723,190.2611552,9.017,0.19,68.9,132.44241108493478
32,2010-08-13,0,74.97,2.723,190.2611552,9.017,0.19,68.9,159.1626713721377
3,2010-08-13,0,86.74,2.692,214.9730444,7.346,0.19,68.9,113.05836999009969
21,2010-08-13,0,89.65,2.692,211.2951413,8.099,0.19,68.9,143.2937580714873
2,2010-08-13,0,89.05,2.692,211.2951413,8.099,0.19,68.9,182.4636986052015
30,2010-08-13,0,89.65,2.692,211.2951413,8.099,0.19,68.9,121.878398772287
10,2010-08-13,0,88.37,3.049,126.064,9.199,0.19,68.9,184.2366687905401
13,2010-08-13,0,74.93,2.837,126.064,7.951,0.19,68.9,181.98218972507132
44,2010-08-13,0,74.93,2.837,126.064,7.804,0.19,68.9,108.27035100022597
22,2010-08-13,0,74.75,2.81,136.4928214,8.433,0.19,68.9,152.51516598430402
33,2010-08-13,0,95.57,3.049,126.064,9.495,0.19,68.9,105.50122329454692
25,2010-08-13,0,72.73,2.805,204.8533784,7.527,0.19,68.9,137.60103621473556
36,2010-08-13,0,86.06,2.644,210.3943056,8.36,0.19,68.9,123.85195621959737
27,2010-08-13,0,77.36,2.923,136.4928214,7.982,0.19,68.9,181.62828324979907
43,2010-08-13,0,86.31,2.692,203.5385,9.816,0.19,68.9,139.1106997929782
35,2010-08-13,0,77.36,2.805,136.4928214,8.861,0.19,68.9,156.5348412543888
12,2010-08-13,0,87.01,3.159,126.064,14.18,0.19,68.9,149.6798810579762
38,2010-08-13,0,87.01,3.159,126.064,14.18,0.19,68.9,113.22625484907608
16,2010-08-13,0,63.91,2.723,190.2611552,6.868,0.19,68.9,128.96405372389577
15,2010-08-13,0,72.17,2.923,132.63,8.099,0.19,68.9,133.9182591790194
45,2010-08-13,0,78.44,2.805,182.6226346,8.743,0.19,68.9,139.5854970611136
6,2010-08-13,0,86.83,2.692,213.1677529,6.973,0.19,68.9,172.4975235776733
34,2010-08-13,0,76.72,2.698,126.064,9.816,0.19,68.9,150.69931605799317
40,2010-08-13,0,67.47,2.81,132.63,5.326,0.19,68.9,149.4889203992134
24,2010-08-13,0,74.17,2.923,132.63,8.117,0.19,68.9,167.24312664877507
9,2010-08-13,0,86.85,2.692,215.2039756,6.442,0.19,68.9,124.68765622865105
5,2010-08-13,0,87.41,2.692,212.1978889,6.496,0.19,68.9,107.79261730374091
42,2010-08-13,0,88.37,3.049,126.064,9.199,0.19,68.9,131.50099075252587
4,2010-08-13,0,78.08,2.698,126.064,7.372,0.19,68.9,185.3717527726857
20,2010-08-13,0,75.98,2.805,204.8533784,7.527,0.19,68.9,186.9881403708635
23,2010-08-13,0,67.43,2.81,132.63,5.326,0.19,68.9,165.9605035932924
8,2010-08-13,0,80.11,2.692,215.0196857,6.315,0.19,68.9,146.9080819457588
28,2010-08-13,0,87.01,3.159,126.064,14.18,0.19,68.9,161.4363809912967
31,2010-08-13,0,89.65,2.692,211.2951413,8.099,0.19,68.9,165.3204358521954
26,2010-08-13,0,61.58,2.81,132.63,8.445,0.19,68.9,153.3137406955396
41,2010-08-13,0,70.24,2.723,190.2611552,7.335,0.19,68.9,163.86189595388834
11,2010-08-13,0,87.73,2.692,214.9730444,7.346,0.19,68.9,167.24632124246403
1,2010-08-13,0,87.0,2.692,211.6394211,7.787,0.19,68.9,171.26852753446994
29,2010-08-13,0,74.75,2.81,132.63,10.409,0.19,68.9,125.64450573159127
39,2010-08-13,0,85.66,2.692,210.3943056,8.36,0.19,68.9,166.81355290296068
18,2010-08-13,0,74.19,2.81,132.63,9.342,0.19,68.9,156.30060148939492
19,2010-08-13,0,72.71,2.923,132.63,8.099,0.19,68.9,168.3651018641767
4,2010-08-20,0,78.83,2.671,126.0766452,7.372,0.19,68.9,185.1190439097634
18,2010-08-20,0,71.76,2.796,132.6616129,9.342,0.19,68.9,158.54460983259136
27,2010-08-20,0,75.16,2.913,136.5249182,7.982,0.19,68.9,183.5549230447539
3,2010-08-20,0,88.02,2.664,214.9314191,7.346,0.19,68.9,114.17546158888346
40,2010-08-20,0,67.05,2.796,132.6616129,5.326,0.19,68.9,149.8648416755485
20,2010-08-20,0,75.34,2.779,204.8217044,7.527,0.19,68.9,184.55745261051226
29,2010-08-20,0,73.21,2.796,132.6616129,10.409,0.19,68.9,128.15536042843948
16,2010-08-20,0,63.59,2.732,190.2948237,6.868,0.19,68.9,127.46941404393893
23,2010-08-20,0,68.65,2.796,132.6616129,5.326,0.19,68.9,169.0812070720167
25,2010-08-20,0,71.81,2.779,204.8217044,7.527,0.19,68.9,139.70579537917175
30,2010-08-20,0,89.58,2.664,211.2596586,8.099,0.19,68.9,122.10640484902532
1,2010-08-20,0,86.65,2.664,211.6033633,7.787,0.19,68.9,171.4207716837228
44,2010-08-20,0,76.34,2.85,126.0766452,7.804,0.19,68.9,107.6088257123259
38,2010-08-20,0,92.81,3.041,126.0766452,14.18,0.19,68.9,112.07177437260214
12,2010-08-20,0,92.81,3.041,126.0766452,14.18,0.19,68.9,150.57758335430225
8,2010-08-20,0,79.36,2.664,214.9779825,6.315,0.19,68.9,147.03774060753383
15,2010-08-20,0,71.1,2.913,132.6616129,8.099,0.19,68.9,134.7897932861202
35,2010-08-20,0,75.16,2.779,136.5249182,8.861,0.19,68.9,154.2235530055933
10,2010-08-20,0,89.88,3.041,126.0766452,9.199,0.19,68.9,184.7592578441826
31,2010-08-20,0,89.58,2.664,211.2596586,8.099,0.19,68.9,166.98553965348881
34,2010-08-20,0,76.45,2.671,126.0766452,9.816,0.19,68.9,152.17512575167686
41,2010-08-20,0,66.19,2.732,190.2948237,7.335,0.19,68.9,166.21614667834444
42,2010-08-20,0,89.88,3.041,126.0766452,9.199,0.19,68.9,126.0450461544022
28,2010-08-20,0,92.81,3.041,126.0766452,14.18,0.19,68.9,160.59275429606964
6,2010-08-20,0,87.36,2.664,213.1291427,6.973,0.19,68.9,172.258492658946
43,2010-08-20,0,85.26,2.664,203.5092419,9.816,0.19,68.9,139.07751898489101
17,2010-08-20,0,67.04,2.85,126.0766452,6.697,0.19,68.9,142.80617046616243
11,2010-08-20,0,88.93,2.664,214.9314191,7.346,0.19,68.9,168.7643518145251
37,2010-08-20,0,85.54,2.664,210.3617581,8.36,0.19,68.9,125.05005015864579
26,2010-08-20,0,62.68,2.796,132.6616129,8.445,0.19,68.9,153.12176283608238
5,2010-08-20,0,87.71,2.664,212.1608984,6.496,0.19,68.9,107.86941519576625
36,2010-08-20,0,85.54,2.604,210.3617581,8.36,0.19,68.9,121.39959639470338
22,2010-08-20,0,73.21,2.796,136.5249182,8.433,0.19,68.9,153.52834016478772
7,2010-08-20,0,59.59,2.732,190.2948237,9.017,0.19,68.9,131.45524818041642
14,2010-08-20,0,76.01,2.779,182.6165205,8.743,0.19,68.9,186.64045044133258
13,2010-08-20,0,76.34,2.85,126.0766452,7.951,0.19,68.9,185.12459808618257
2,2010-08-20,0,88.7,2.664,211.2596586,8.099,0.19,68.9,184.27142899995707
19,2010-08-20,0,72.22,2.913,132.6616129,8.099,0.19,68.9,168.40973104697377
32,2010-08-20,0,71.46,2.732,190.2948237,9.017,0.19,68.9,160.36834438282978
33,2010-08-20,0,96.46,3.041,126.0766452,9.495,0.19,68.9,101.40912967423947
39,2010-08-20,0,85.73,2.664,210.3617581,8.36,0.19,68.9,170.11196191497797
24,2010-08-20,0,72.17,2.913,132.6616129,8.117,0.19,68.9,166.94301471176576
9,2010-08-20,0,86.3,2.664,215.1619646,6.442,0.19,68.9,125.93106077491815
21,2010-08-20,0,89.58,2.664,211.2596586,8.099,0.19,68.9,146.0041507530072
45,2010-08-20,0,76.01,2.779,182.6165205,8.743,0.19,68.9,138.84330362847564
22,2010-08-27,0,68.99,2.77,136.557015,8.433,0.19,68.9,156.1683189226137
2,2010-08-27,0,87.12,2.619,211.2241759,8.099,0.19,68.9,181.61221786938978
11,2010-08-27,0,87.7,2.619,214.8897938,7.346,0.19,68.9,164.74948141817984
23,2010-08-27,0,63.25,2.77,132.6932258,5.326,0.19,68.9,173.62960982473263
1,2010-08-27,0,85.22,2.619,211.5673056,7.787,0.19,68.9,169.38138438295553
41,2010-08-27,0,70.59,2.731,190.3284922,7.335,0.19,68.9,159.7382568336101
7,2010-08-27,0,57.57,2.731,190.3284922,9.017,0.19,68.9,129.65757680627325
17,2010-08-27,0,65.03,2.854,126.0892903,6.697,0.19,68.9,143.74391652945553
35,2010-08-27,0,70.31,2.755,136.557015,8.861,0.19,68.9,149.20399913281662
12,2010-08-27,0,93.19,3.129,126.0892903,14.18,0.19,68.9,153.0004684925786
34,2010-08-27,0,72.87,2.621,126.0892903,9.816,0.19,68.9,146.31657981273082
18,2010-08-27,0,67.05,2.77,132.6932258,9.342,0.19,68.9,161.27494956929715
44,2010-08-27,0,75.31,2.854,126.0892903,7.804,0.19,68.9,108.49177600211274
25,2010-08-27,0,67.15,2.755,204.7900305,7.527,0.19,68.9,139.001001775942
36,2010-08-27,0,84.62,2.562,210.3292106,8.36,0.19,68.9,119.34771217972362
45,2010-08-27,0,71.36,2.755,182.6104063,8.743,0.19,68.9,139.55761599827136
13,2010-08-27,0,75.31,2.854,126.0892903,7.951,0.19,68.9,182.80066495918413
33,2010-08-27,0,94.0,3.022,126.0892903,9.495,0.19,68.9,100.59815075987694
40,2010-08-27,0,62.57,2.77,132.6932258,5.326,0.19,68.9,149.41313670900922
24,2010-08-27,0,67.0,2.885,132.6932258,8.117,0.19,68.9,166.08733418116472
29,2010-08-27,0,68.99,2.77,132.6932258,10.409,0.19,68.9,129.09679869518467
6,2010-08-27,0,85.71,2.619,213.0905324,6.973,0.19,68.9,169.43396204235486
43,2010-08-27,0,80.32,2.619,203.4799839,9.816,0.19,68.9,135.85183091190572
28,2010-08-27,0,93.19,3.129,126.0892903,14.18,0.19,68.9,160.4318352532957
21,2010-08-27,0,86.2,2.619,211.2241759,8.099,0.19,68.9,146.3385182534793
38,2010-08-27,0,93.19,3.129,126.0892903,14.18,0.19,68.9,111.4691360103431
20,2010-08-27,0,70.51,2.755,204.7900305,7.527,0.19,68.9,183.80343316747948
16,2010-08-27,0,65.66,2.731,190.3284922,6.868,0.19,68.9,131.37063636930145
37,2010-08-27,0,84.62,2.619,210.3292106,8.36,0.19,68.9,126.82651671987561
14,2010-08-27,0,71.36,2.755,182.6104063,8.743,0.19,68.9,185.71039070251805
4,2010-08-27,0,74.44,2.621,126.0892903,7.372,0.19,68.9,181.19455047240402
3,2010-08-27,0,86.15,2.619,214.8897938,7.346,0.19,68.9,115.11154978302193
31,2010-08-27,0,86.2,2.619,211.2241759,8.099,0.19,68.9,165.28252363307988
8,2010-08-27,0,74.92,2.619,214.9362793,6.315,0.19,68.9,147.88341343002298
15,2010-08-27,0,65.07,2.885,132.6932258,8.099,0.19,68.9,135.53345014491111
32,2010-08-27,0,74.95,2.731,190.3284922,9.017,0.19,68.9,158.49217325889623
5,2010-08-27,0,87.05,2.619,212.123908,6.496,0.19,68.9,108.0077060193749
42,2010-08-27,0,84.99,3.022,126.0892903,9.199,0.19,68.9,123.52397863282575
9,2010-08-27,0,84.01,2.619,215.1199536,6.442,0.19,68.9,126.45395799009009
19,2010-08-27,0,66.4,2.885,132.6932258,8.099,0.19,68.9,172.8128502153079
39,2010-08-27,0,84.31,2.619,210.3292106,8.36,0.19,68.9,168.34827199706407
26,2010-08-27,0,57.23,2.77,132.6932258,8.445,0.19,68.9,151.83800700403364
10,2010-08-27,0,84.99,3.022,126.0892903,9.199,0.19,68.9,177.83390088265162
27,2010-08-27,0,70.31,2.885,136.557015,7.982,0.19,68.9,181.79658228177632
30,2010-08-27,0,86.2,2.619,211.2241759,8.099,0.19,68.9,121.8515985230322
6,2010-09-03,0,82.15,2.577,213.0519222,6.973,0.19,68.2,171.35306207122545
16,2010-09-03,0,58.02,2.773,190.3621607,6.868,0.19,68.2,128.85338443773617
36,2010-09-03,0,82.29,2.533,210.2966631,8.36,0.19,68.2,120.88093901380233
17,2010-09-03,0,57.86,2.868,126.1019355,6.697,0.19,68.2,145.30603428186419
41,2010-09-03,0,64.13,2.773,190.3621607,7.335,0.19,68.2,161.60773193102108
43,2010-09-03,0,80.43,2.577,203.4507258,9.816,0.19,68.2,137.78257602365747
13,2010-09-03,0,65.71,2.868,126.1019355,7.951,0.19,68.2,182.89537688425375
34,2010-09-03,0,72.59,2.584,126.1019355,9.816,0.19,68.2,151.27544491979506
12,2010-09-03,0,83.12,3.087,126.1019355,14.18,0.19,68.2,155.94077603556462
38,2010-09-03,0,83.12,3.087,126.1019355,14.18,0.19,68.2,116.42377498681253
11,2010-09-03,0,84.94,2.577,214.8481685,7.346,0.19,68.2,164.49282554709333
18,2010-09-03,0,75.42,2.735,132.7248387,9.342,0.19,68.2,160.27369606144057
37,2010-09-03,0,82.29,2.577,210.2966631,8.36,0.19,68.2,126.70677068460755
26,2010-09-03,0,66.93,2.735,132.7248387,8.445,0.19,68.2,154.38209524039337
7,2010-09-03,0,49.84,2.773,190.3621607,9.017,0.19,68.2,128.23099133175
5,2010-09-03,0,84.06,2.577,212.0869176,6.496,0.19,68.2,111.55898736327218
14,2010-09-03,0,78.37,2.715,182.6042922,8.743,0.19,68.2,189.72151087887784
4,2010-09-03,0,76.8,2.584,126.1019355,7.372,0.19,68.2,183.52814005567927
8,2010-09-03,0,76.14,2.577,214.894576,6.315,0.19,68.2,148.35431258514527
19,2010-09-03,0,74.69,2.86,132.7248387,8.099,0.19,68.2,174.80014527641796
22,2010-09-03,0,75.85,2.735,136.5891118,8.433,0.19,68.2,155.89152875464387
9,2010-09-03,0,82.47,2.577,215.0779426,6.442,0.19,68.2,126.74983230199989
24,2010-09-03,0,73.52,2.86,132.7248387,8.117,0.19,68.2,166.64182585300304
2,2010-09-03,0,81.83,2.577,211.1886931,8.099,0.19,68.2,182.7032780657816
45,2010-09-03,0,78.37,2.715,182.6042922,8.743,0.19,68.2,143.1203875360578
32,2010-09-03,0,70.2,2.773,190.3621607,9.017,0.19,68.2,156.74752543396755
39,2010-09-03,0,82.13,2.577,210.2966631,8.36,0.19,68.2,165.92020340516996
40,2010-09-03,0,70.66,2.735,132.7248387,5.326,0.19,68.2,151.80046546302037
33,2010-09-03,0,90.82,3.087,126.1019355,9.495,0.19,68.2,102.25186402239214
28,2010-09-03,0,83.12,3.087,126.1019355,14.18,0.19,68.2,171.7443470834911
20,2010-09-03,0,75.5,2.715,204.7583566,7.527,0.19,68.2,188.23958389209417
3,2010-09-03,0,84.16,2.577,214.8481685,7.346,0.19,68.2,115.49616755233497
42,2010-09-03,0,83.8,3.087,126.1019355,9.199,0.19,68.2,127.68328421638952
31,2010-09-03,0,82.57,2.577,211.1886931,8.099,0.19,68.2,164.42746033258862
44,2010-09-03,0,65.71,2.868,126.1019355,7.804,0.19,68.2,108.77375536311402
15,2010-09-03,0,73.17,2.86,132.7248387,8.099,0.19,68.2,134.88152354544752
1,2010-09-03,0,81.21,2.577,211.5312479,7.787,0.19,68.2,172.2657164445154
10,2010-09-03,0,83.8,3.087,126.1019355,9.199,0.19,68.2,178.9301870896636
25,2010-09-03,0,71.17,2.715,204.7583566,7.527,0.19,68.2,137.58022848497728
35,2010-09-03,0,78.52,2.715,136.5891118,8.861,0.19,68.2,150.58700252769162
30,2010-09-03,0,82.57,2.577,211.1886931,8.099,0.19,68.2,123.19362182382874
27,2010-09-03,0,78.52,2.86,136.5891118,7.982,0.19,68.2,182.79622682843137
23,2010-09-03,0,72.91,2.735,132.7248387,5.326,0.19,68.2,167.93874360699817
21,2010-09-03,0,82.57,2.577,211.1886931,8.099,0.19,68.2,139.8812718796323
29,2010-09-03,0,75.85,2.735,132.7248387,10.409,0.19,68.2,131.2608894969103
22,2010-09-10,1,68.6,2.717,136.6212085,8.433,0.19,68.2,149.49623535500768
24,2010-09-10,1,67.11,2.837,132.7564516,8.117,0.19,68.2,170.19783861616435
30,2010-09-10,1,79.3,2.565,211.1532104,8.099,0.19,68.2,122.71487090112429
2,2010-09-10,1,79.09,2.565,211.1532104,8.099,0.19,68.2,180.94237053939892
25,2010-09-10,1,61.14,2.699,204.7266827,7.527,0.19,68.2,135.88228609324813
45,2010-09-10,1,70.87,2.699,182.598178,8.743,0.19,68.2,139.54231419889703
9,2010-09-10,1,77.7,2.565,215.0359315,6.442,0.19,68.2,124.8994906317478
32,2010-09-10,1,68.44,2.78,190.3958293,9.017,0.19,68.2,154.01244608572586
39,2010-09-10,1,79.94,2.565,210.2641156,8.36,0.19,68.2,163.6384257606974
41,2010-09-10,1,63.3,2.78,190.3958293,7.335,0.19,68.2,159.72089134013626
42,2010-09-10,1,84.04,2.961,126.1145806,9.199,0.19,68.2,131.8777253586922
44,2010-09-10,1,65.74,2.87,126.1145806,7.804,0.19,68.2,107.47228257961264
19,2010-09-10,1,63.36,2.837,132.7564516,8.099,0.19,68.2,173.83665499544455
10,2010-09-10,1,84.04,2.961,126.1145806,9.199,0.19,68.2,177.63303164591102
26,2010-09-10,1,54.82,2.717,132.7564516,8.445,0.19,68.2,154.5750941255043
5,2010-09-10,1,79.86,2.565,212.0499271,6.496,0.19,68.2,109.85826764547531
6,2010-09-10,1,78.78,2.565,213.013312,6.973,0.19,68.2,168.56883498176487
27,2010-09-10,1,70.38,2.837,136.6212085,7.982,0.19,68.2,182.93884937547705
43,2010-09-10,1,81.32,2.565,203.4214677,9.816,0.19,68.2,139.5778445175235
28,2010-09-10,1,83.63,3.044,126.1145806,14.18,0.19,68.2,162.43461441190652
1,2010-09-10,1,78.69,2.565,211.4951902,7.787,0.19,68.2,171.24406511320802
8,2010-09-10,1,74.34,2.565,214.8528728,6.315,0.19,68.2,145.16299021753352
33,2010-09-10,1,91.77,2.961,126.1145806,9.495,0.19,68.2,106.32647824613366
36,2010-09-10,1,80.58,2.513,210.2641156,8.36,0.19,68.2,121.12923836690493
38,2010-09-10,1,83.63,3.044,126.1145806,14.18,0.19,68.2,112.74291417607004
21,2010-09-10,1,79.3,2.565,211.1532104,8.099,0.19,68.2,136.92525567514906
12,2010-09-10,1,83.63,3.044,126.1145806,14.18,0.19,68.2,148.54133720690058
34,2010-09-10,1,72.61,2.574,126.1145806,9.816,0.19,68.2,149.85786873778423
13,2010-09-10,1,65.74,2.87,126.1145806,7.951,0.19,68.2,179.09304608733152
35,2010-09-10,1,70.38,2.699,136.6212085,8.861,0.19,68.2,151.15888169692735
16,2010-09-10,1,57.24,2.78,190.3958293,6.868,0.19,68.2,128.54931941991882
11,2010-09-10,1,81.93,2.565,214.8065431,7.346,0.19,68.2,161.902986961603
15,2010-09-10,1,62.36,2.837,132.7564516,8.099,0.19,68.2,135.07648861287532
31,2010-09-10,1,79.3,2.565,211.1532104,8.099,0.19,68.2,164.64189933570398
3,2010-09-10,1,80.84,2.565,214.8065431,7.346,0.19,68.2,114.22387409224191
17,2010-09-10,1,56.28,2.87,126.1145806,6.697,0.19,68.2,160.77848774811036
37,2010-09-10,1,80.58,2.565,210.2641156,8.36,0.19,68.2,126.69765781405708
23,2010-09-10,1,63.21,2.717,132.7564516,5.326,0.19,68.2,163.39586242067378
14,2010-09-10,1,70.87,2.699,182.598178,8.743,0.19,68.2,189.94247623017264
18,2010-09-10,1,67.09,2.717,132.7564516,9.342,0.19,68.2,153.2827001063485
29,2010-09-10,1,68.6,2.717,132.7564516,10.409,0.19,68.2,125.36177705202535
20,2010-09-10,1,65.02,2.699,204.7266827,7.527,0.19,68.2,185.57348052853848
4,2010-09-10,1,73.54,2.574,126.1145806,7.372,0.19,68.2,181.66561677254347
40,2010-09-10,1,62.75,2.717,132.7564516,5.326,0.19,68.2,151.4040997631577
7,2010-09-10,1,48.5,2.78,190.3958293,9.017,0.19,68.2,128.4324171561039
23,2010-09-17,0,55.3,2.716,132.7670667,5.326,0.19,68.2,159.20680044341756
43,2010-09-17,0,78.86,2.582,203.4499286,9.816,0.19,68.2,139.73495977378352
38,2010-09-17,0,82.45,3.028,126.1454667,14.18,0.19,68.2,112.74531000775092
12,2010-09-17,0,82.45,3.028,126.1454667,14.18,0.19,68.2,146.19565489610193
34,2010-09-17,0,70.71,2.594,126.1454667,9.816,0.19,68.2,147.7272062236329
6,2010-09-17,0,81.78,2.582,213.0398643,6.973,0.19,68.2,164.65442254177867
27,2010-09-17,0,64.5,2.846,136.6338071,7.982,0.19,68.2,174.9925315504016
5,2010-09-17,0,82.28,2.582,212.0769346,6.496,0.19,68.2,107.37678341262432
35,2010-09-17,0,64.5,2.706,136.6338071,8.861,0.19,68.2,145.1638845004294
8,2010-09-17,0,75.32,2.582,214.8785562,6.315,0.19,68.2,145.41901007379585
4,2010-09-17,0,64.91,2.594,126.1454667,7.372,0.19,68.2,182.5797358635239
20,2010-09-17,0,65.28,2.706,204.7513279,7.527,0.19,68.2,183.85543171341317
19,2010-09-17,0,58.68,2.846,132.7670667,8.099,0.19,68.2,167.32835781009118
42,2010-09-17,0,85.52,3.028,126.1454667,9.199,0.19,68.2,128.5061134690772
40,2010-09-17,0,55.34,2.716,132.7670667,5.326,0.19,68.2,146.29876127390347
24,2010-09-17,0,60.31,2.846,132.7670667,8.117,0.19,68.2,163.41198092279092
45,2010-09-17,0,66.55,2.706,182.622509,8.743,0.19,68.2,139.3008428808853
15,2010-09-17,0,57.94,2.846,132.7670667,8.099,0.19,68.2,131.50922478291687
9,2010-09-17,0,81.19,2.582,215.0615285,6.442,0.19,68.2,123.33510005359602
1,2010-09-17,0,82.11,2.582,211.5224596,7.787,0.19,68.2,168.77044668137844
17,2010-09-17,0,58.53,2.875,126.1454667,6.697,0.19,68.2,147.06534365416448
29,2010-09-17,0,62.49,2.716,132.7670667,10.409,0.19,68.2,123.35772427566678
31,2010-09-17,0,83.03,2.582,211.1806415,8.099,0.19,68.2,164.14859081109265
11,2010-09-17,0,83.04,2.582,214.8322484,7.346,0.19,68.2,161.32555789608134
28,2010-09-17,0,82.45,3.028,126.1454667,14.18,0.19,68.2,159.23271478653882
25,2010-09-17,0,60.13,2.706,204.7513279,7.527,0.19,68.2,134.30982616817752
14,2010-09-17,0,66.55,2.706,182.622509,8.743,0.19,68.2,183.9905910324255
30,2010-09-17,0,83.03,2.582,211.1806415,8.099,0.19,68.2,123.23158807974092
37,2010-09-17,0,82.1,2.582,210.2924504,8.36,0.19,68.2,126.06652708114636
36,2010-09-17,0,82.1,2.55,210.2924504,8.36,0.19,68.2,122.67954024915612
22,2010-09-17,0,62.49,2.716,136.6338071,8.433,0.19,68.2,149.23079514837644
16,2010-09-17,0,56.55,2.8,190.4688287,6.868,0.19,68.2,127.50574076835468
13,2010-09-17,0,66.84,2.875,126.1454667,7.951,0.19,68.2,179.59870053046433
2,2010-09-17,0,82.05,2.582,211.1806415,8.099,0.19,68.2,179.69929154469784
7,2010-09-17,0,48.56,2.8,190.4688287,9.017,0.19,68.2,125.22746861115392
32,2010-09-17,0,67.17,2.8,190.4688287,9.017,0.19,68.2,154.6465792370291
44,2010-09-17,0,66.84,2.875,126.1454667,7.804,0.19,68.2,107.03467570036446
18,2010-09-17,0,60.94,2.716,132.7670667,9.342,0.19,68.2,152.72394189663657
41,2010-09-17,0,62.4,2.8,190.4688287,7.335,0.19,68.2,157.34975868320782
10,2010-09-17,0,85.52,3.028,126.1454667,9.199,0.19,68.2,177.52501650439302
3,2010-09-17,0,82.36,2.582,214.8322484,7.346,0.19,68.2,115.19430063900705
26,2010-09-17,0,50.08,2.716,132.7670667,8.445,0.19,68.2,149.4647137289368
33,2010-09-17,0,89.43,3.028,126.1454667,9.495,0.19,68.2,103.31166104576567
21,2010-09-17,0,83.03,2.582,211.1806415,8.099,0.19,68.2,137.504194187583
39,2010-09-17,0,81.83,2.582,210.2924504,8.36,0.19,68.2,162.68202308533898
3,2010-09-24,0,76.9,2.624,214.9084516,7.346,0.19,68.2,114.52851026500852
7,2010-09-24,0,47.55,2.793,190.5713264,9.017,0.19,68.2,125.12732664838074
21,2010-09-24,0,80.79,2.624,211.2552578,8.099,0.19,68.2,136.79106622494905
37,2010-09-24,0,79.17,2.624,210.3664469,8.36,0.19,68.2,125.5733502969238
35,2010-09-24,0,67.08,2.713,136.6317821,8.861,0.19,68.2,141.47891336013245
41,2010-09-24,0,60.11,2.793,190.5713264,7.335,0.19,68.2,157.34074798968257
40,2010-09-24,0,55.63,2.718,132.7619333,5.326,0.19,68.2,145.78842476350368
30,2010-09-24,0,80.79,2.624,211.2552578,8.099,0.19,68.2,122.20190460838201
29,2010-09-24,0,65.14,2.718,132.7619333,10.409,0.19,68.2,123.4754304762742
16,2010-09-24,0,58.19,2.793,190.5713264,6.868,0.19,68.2,126.76930636744501
8,2010-09-24,0,72.21,2.624,214.9547795,6.315,0.19,68.2,142.28628659542383
31,2010-09-24,0,80.79,2.624,211.2552578,8.099,0.19,68.2,161.8599839707035
17,2010-09-24,0,58.39,2.872,126.1900333,6.697,0.19,68.2,146.19535354039206
13,2010-09-24,0,68.22,2.872,126.1900333,7.951,0.19,68.2,177.20633691747466
34,2010-09-24,0,69.78,2.642,126.1900333,9.816,0.19,68.2,146.89018234031028
38,2010-09-24,0,81.77,2.939,126.1900333,14.18,0.19,68.2,112.21136474703805
33,2010-09-24,0,91.18,2.939,126.1900333,9.495,0.19,68.2,101.58899230044472
11,2010-09-24,0,77.36,2.624,214.9084516,7.346,0.19,68.2,159.62368147375366
12,2010-09-24,0,81.77,2.939,126.1900333,14.18,0.19,68.2,146.14970463376915
36,2010-09-24,0,79.17,2.578,210.3664469,8.36,0.19,68.2,119.9351840023959
18,2010-09-24,0,64.82,2.718,132.7619333,9.342,0.19,68.2,150.68408862022042
4,2010-09-24,0,60.96,2.642,126.1900333,7.372,0.19,68.2,180.16317948013554
14,2010-09-24,0,68.59,2.713,182.6696737,8.743,0.19,68.2,182.04383569269567
43,2010-09-24,0,77.42,2.624,203.5216786,9.816,0.19,68.2,135.56092846488914
20,2010-09-24,0,69.37,2.713,204.8182126,7.527,0.19,68.2,179.58225121362182
28,2010-09-24,0,81.77,2.939,126.1900333,14.18,0.19,68.2,157.37438145167886
5,2010-09-24,0,78.53,2.624,212.1519404,6.496,0.19,68.2,108.48933599866841
10,2010-09-24,0,85.75,2.939,126.1900333,9.199,0.19,68.2,175.73371631152435
27,2010-09-24,0,67.08,2.837,136.6317821,7.982,0.19,68.2,174.00440056972283
6,2010-09-24,0,76.49,2.624,213.1152886,6.973,0.19,68.2,163.49369612866448
26,2010-09-24,0,52.47,2.718,132.7619333,8.445,0.19,68.2,146.94183192825682
39,2010-09-24,0,78.5,2.624,210.3664469,8.36,0.19,68.2,160.72500130288893
19,2010-09-24,0,63.43,2.837,132.7619333,8.099,0.19,68.2,164.99577778458044
9,2010-09-24,0,77.15,2.624,215.1378313,6.442,0.19,68.2,122.54444443408086
23,2010-09-24,0,57.75,2.718,132.7619333,5.326,0.19,68.2,156.87144917828363
45,2010-09-24,0,68.59,2.713,182.6696737,8.743,0.19,68.2,137.16090883434495
32,2010-09-24,0,64.19,2.793,190.5713264,9.017,0.19,68.2,155.6045886541177
15,2010-09-24,0,62.53,2.837,132.7619333,8.099,0.19,68.2,129.27973759580678
44,2010-09-24,0,68.22,2.872,126.1900333,7.804,0.19,68.2,107.24380452980007
24,2010-09-24,0,64.3,2.837,132.7619333,8.117,0.19,68.2,159.59754663744016
2,2010-09-24,0,81.79,2.624,211.2552578,8.099,0.19,68.2,177.74808362623452
1,2010-09-24,0,80.94,2.624,211.5972246,7.787,0.19,68.2,166.14639285877914
25,2010-09-24,0,65.06,2.713,204.8182126,7.527,0.19,68.2,133.03381714457458
22,2010-09-24,0,65.14,2.718,136.6317821,8.433,0.19,68.2,148.52579520305076
42,2010-09-24,0,85.75,2.939,126.1900333,9.199,0.19,68.2,125.43104469768366
23,2010-10-01,0,62.07,2.717,132.7568,5.287,0.19,67.7,158.08212505940318
10,2010-10-01,0,86.01,3.001,126.2346,9.003,0.19,67.7,175.46421131474594
15,2010-10-01,0,59.69,2.84,132.7568,8.067,0.19,67.7,130.47562772304676
1,2010-10-01,0,71.89,2.603,211.6719895,7.838,0.19,67.7,169.51690618328237
41,2010-10-01,0,62.67,2.759,190.6738241,7.508,0.19,67.7,157.2728507470417
25,2010-10-01,0,57.56,2.707,204.8850973,7.484,0.19,67.7,136.04534198446612
42,2010-10-01,0,86.01,3.001,126.2346,9.003,0.19,67.7,124.66061199774617
27,2010-10-01,0,70.19,2.84,136.6297571,8.021,0.19,67.7,172.37007376179722
19,2010-10-01,0,59.91,2.84,132.7568,8.067,0.19,67.7,167.08252201742522
29,2010-10-01,0,69.31,2.717,132.7568,10.524,0.19,67.7,124.16438012315591
30,2010-10-01,0,70.28,2.603,211.3298742,8.163,0.19,67.7,121.97917588843714
44,2010-10-01,0,68.74,2.853,126.2346,7.61,0.19,67.7,109.21205875838442
28,2010-10-01,0,85.2,3.001,126.2346,14.313,0.19,67.7,160.85989244079633
18,2010-10-01,0,67.76,2.717,132.7568,9.331,0.19,67.7,150.60097553823493
31,2010-10-01,0,70.28,2.603,211.3298742,8.163,0.19,67.7,161.26311191626039
21,2010-10-01,0,70.28,2.603,211.3298742,8.163,0.19,67.7,137.10057183938454
17,2010-10-01,0,60.07,2.853,126.2346,6.885,0.19,67.7,145.05514646004835
11,2010-10-01,0,75.11,2.603,214.9846548,7.564,0.19,67.7,160.09098099636594
26,2010-10-01,0,57.8,2.717,132.7568,8.149,0.19,67.7,149.45336491774816
45,2010-10-01,0,70.58,2.707,182.7168385,8.724,0.19,67.7,137.82047536968759
22,2010-10-01,0,69.31,2.717,136.6297571,8.572,0.19,67.7,148.6723603862107
32,2010-10-01,0,66.14,2.759,190.6738241,9.137,0.19,67.7,155.34721884993823
39,2010-10-01,0,72.74,2.603,210.4404433,8.476,0.19,67.7,161.4693055601011
9,2010-10-01,0,69.08,2.603,215.2141341,6.56,0.19,67.7,125.674480885881
3,2010-10-01,0,73.6,2.603,214.9846548,7.564,0.19,67.7,114.81235670371025
14,2010-10-01,0,70.58,2.707,182.7168385,8.724,0.19,67.7,181.39237509018596
37,2010-10-01,0,74.66,2.603,210.4404433,8.476,0.19,67.7,128.036638627978
4,2010-10-01,0,63.96,2.619,126.2346,7.127,0.19,67.7,181.04286807769304
7,2010-10-01,0,49.99,2.759,190.6738241,9.137,0.19,67.7,122.24808812945955
40,2010-10-01,0,62.01,2.717,132.7568,5.287,0.19,67.7,147.99137647835292
36,2010-10-01,0,74.66,2.567,210.4404433,8.476,0.19,67.7,120.160266582434
8,2010-10-01,0,68.7,2.603,215.0310029,6.433,0.19,67.7,143.8197040715384
2,2010-10-01,0,69.24,2.603,211.3298742,8.163,0.19,67.7,180.6232520413267
24,2010-10-01,0,66.88,2.84,132.7568,8.275,0.19,67.7,161.3107096657451
16,2010-10-01,0,59.39,2.759,190.6738241,6.986,0.19,67.7,123.37441970690678
13,2010-10-01,0,68.74,2.853,126.2346,7.795,0.19,67.7,178.9092295820958
34,2010-10-01,0,70.13,2.619,126.2346,10.21,0.19,67.7,146.80393517232287
6,2010-10-01,0,70.69,2.603,213.1907129,7.007,0.19,67.7,165.3463186109739
12,2010-10-01,0,85.2,3.001,126.2346,14.313,0.19,67.7,146.1027703362895
35,2010-10-01,0,70.19,2.707,136.6297571,8.763,0.19,67.7,142.14995682765198
33,2010-10-01,0,91.45,3.001,126.2346,9.265,0.19,67.7,100.63137918744552
43,2010-10-01,0,77.93,2.603,203.5934286,10.21,0.19,67.7,135.9571161667898
20,2010-10-01,0,61.08,2.707,204.8850973,7.484,0.19,67.7,183.47200612134978
5,2010-10-01,0,71.1,2.603,212.2269463,6.768,0.19,67.7,107.4427971088291
38,2010-10-01,0,85.2,3.001,126.2346,14.313,0.19,67.7,114.94411594323894
22,2010-10-08,0,56.32,2.776,136.6277321,8.572,0.19,67.7,153.44465465188017
20,2010-10-08,0,51.5,2.764,204.951982,7.484,0.19,67.7,186.72201471000767
26,2010-10-08,0,46.81,2.776,132.7516667,8.149,0.19,67.7,152.85440087793904
27,2010-10-08,0,57.78,2.903,136.6277321,8.021,0.19,67.7,177.26408816471178
19,2010-10-08,0,53.74,2.903,132.7516667,8.067,0.19,67.7,168.72404341101844
15,2010-10-08,0,52.19,2.903,132.7516667,8.067,0.19,67.7,132.03437815360252
23,2010-10-08,0,50.75,2.776,132.7516667,5.287,0.19,67.7,159.99173476566477
21,2010-10-08,0,65.76,2.633,211.4044906,8.163,0.19,67.7,137.29320926465573
25,2010-10-08,0,48.46,2.764,204.951982,7.484,0.19,67.7,136.93816199737955
32,2010-10-08,0,61.81,2.745,190.7763218,9.137,0.19,67.7,156.33103462208146
14,2010-10-08,0,56.49,2.764,182.7640032,8.724,0.19,67.7,187.50190501851583
28,2010-10-08,0,71.82,3.013,126.2791667,14.313,0.19,67.7,165.55666595016714
18,2010-10-08,0,54.73,2.776,132.7516667,9.331,0.19,67.7,157.2025819418361
31,2010-10-08,0,65.76,2.633,211.4044906,8.163,0.19,67.7,164.36030800512154
34,2010-10-08,0,65.21,2.645,126.2791667,10.21,0.19,67.7,149.83416538431408
13,2010-10-08,0,63.03,2.841,126.2791667,7.795,0.19,67.7,181.8299305256612
29,2010-10-08,0,56.32,2.776,132.7516667,10.524,0.19,67.7,128.04885443996722
17,2010-10-08,0,58.06,2.841,126.2791667,6.885,0.19,67.7,144.98359238458224
16,2010-10-08,0,54.29,2.745,190.7763218,6.986,0.19,67.7,121.78119820947597
30,2010-10-08,0,65.76,2.633,211.4044906,8.163,0.19,67.7,123.233248560907
24,2010-10-08,0,54.82,2.903,132.7516667,8.275,0.19,67.7,166.49158553571561
33,2010-10-08,0,79.02,2.924,126.2791667,9.265,0.19,67.7,105.62570008059652
12,2010-10-08,0,71.82,3.013,126.2791667,14.313,0.19,67.7,149.23304117269944
10,2010-10-08,0,77.04,2.924,126.2791667,9.003,0.19,67.7,179.09440280092076
6,2010-10-08,0,65.21,2.633,213.2661373,7.007,0.19,67.7,166.43639908421673
41,2010-10-08,0,57.1,2.745,190.7763218,7.508,0.19,67.7,159.31764552656023
11,2010-10-08,0,68.71,2.633,215.060858,7.564,0.19,67.7,164.1263396379257
36,2010-10-08,0,66.34,2.595,210.5144398,8.476,0.19,67.7,121.89308869368284
1,2010-10-08,0,63.93,2.633,211.7467544,7.838,0.19,67.7,171.26859583392937
45,2010-10-08,0,56.49,2.764,182.7640032,8.724,0.19,67.7,140.8366613303098
2,2010-10-08,0,63.19,2.633,211.4044906,8.163,0.19,67.7,181.2357224199258
40,2010-10-08,0,52.02,2.776,132.7516667,5.287,0.19,67.7,151.6253048737228
7,2010-10-08,0,44.13,2.745,190.7763218,9.137,0.19,67.7,124.56765712401896
37,2010-10-08,0,66.34,2.633,210.5144398,8.476,0.19,67.7,127.6714335464582
44,2010-10-08,0,63.03,2.841,126.2791667,7.61,0.19,67.7,107.0519113761267
3,2010-10-08,0,66.99,2.633,215.060858,7.564,0.19,67.7,117.95394948549459
9,2010-10-08,0,65.35,2.633,215.290437,6.56,0.19,67.7,126.33393505909311
38,2010-10-08,0,71.82,3.013,126.2791667,14.313,0.19,67.7,114.13390453949211
35,2010-10-08,0,57.78,2.764,136.6277321,8.763,0.19,67.7,147.22244833060606
43,2010-10-08,0,72.81,2.633,203.6651786,10.21,0.19,67.7,139.1026962925657
42,2010-10-08,0,77.04,2.924,126.2791667,9.003,0.19,67.7,132.53951062095223
8,2010-10-08,0,62.94,2.633,215.1072262,6.433,0.19,67.7,147.02239882629664
39,2010-10-08,0,64.8,2.633,210.5144398,8.476,0.19,67.7,163.88388285212727
5,2010-10-08,0,64.99,2.633,212.3019522,6.768,0.19,67.7,108.21465459749766
4,2010-10-08,0,67.73,2.645,126.2791667,7.127,0.19,67.7,183.93726375868323
17,2010-10-15,0,47.35,2.845,126.3266774,6.885,0.19,67.7,145.49581203469745
2,2010-10-15,0,65.8,2.72,211.4713286,8.163,0.19,67.7,179.71182470984186
19,2010-10-15,0,51.32,2.999,132.7633548,8.067,0.19,67.7,166.74105441556483
31,2010-10-15,0,68.61,2.72,211.4713286,8.163,0.19,67.7,163.14638518057274
27,2010-10-15,0,58.38,2.999,136.6401935,8.021,0.19,67.7,177.85735400076896
22,2010-10-15,0,55.23,2.878,136.6401935,8.572,0.19,67.7,150.83975091644518
13,2010-10-15,0,54.12,2.845,126.3266774,7.795,0.19,67.7,181.27665562107435
5,2010-10-15,0,68.11,2.72,212.3691867,6.768,0.19,67.7,107.17606702088163
16,2010-10-15,0,45.0,2.762,190.8623087,6.986,0.19,67.7,122.48875693707218
39,2010-10-15,0,69.96,2.72,210.5805944,8.476,0.19,67.7,162.1692522897397
11,2010-10-15,0,71.46,2.72,215.1293114,7.564,0.19,67.7,159.8089756163042
18,2010-10-15,0,52.02,2.878,132.7633548,9.331,0.19,67.7,154.05331022292083
41,2010-10-15,0,49.91,2.762,190.8623087,7.508,0.19,67.7,158.23746163662932
6,2010-10-15,0,68.93,2.72,213.3337977,7.007,0.19,67.7,165.90012887689537
24,2010-10-15,0,52.83,2.999,132.7633548,8.275,0.19,67.7,164.3839783266397
45,2010-10-15,0,58.61,2.868,182.8106203,8.724,0.19,67.7,139.20745835804095
36,2010-10-15,0,71.57,2.705,210.5805944,8.476,0.19,67.7,122.5749056265687
33,2010-10-15,0,80.49,3.08,126.3266774,9.265,0.19,67.7,103.94967315697598
42,2010-10-15,0,75.48,3.08,126.3266774,9.003,0.19,67.7,129.9813165521136
7,2010-10-15,0,35.86,2.762,190.8623087,9.137,0.19,67.7,123.32929095329419
15,2010-10-15,0,49.96,2.999,132.7633548,8.067,0.19,67.7,131.1177617632176
38,2010-10-15,0,75.0,2.976,126.3266774,14.313,0.19,67.7,112.8850790045324
20,2010-10-15,0,59.17,2.868,205.0137637,7.484,0.19,67.7,183.91590944384708
43,2010-10-15,0,68.78,2.72,203.7299032,10.21,0.19,67.7,138.36546884163974
9,2010-10-15,0,67.36,2.72,215.3589917,6.56,0.19,67.7,122.68523085571486
26,2010-10-15,0,39.93,2.878,132.7633548,8.149,0.19,67.7,150.11274266581378
30,2010-10-15,0,68.61,2.72,211.4713286,8.163,0.19,67.7,122.6229269759682
32,2010-10-15,0,52.96,2.762,190.8623087,9.137,0.19,67.7,156.77771999378274
28,2010-10-15,0,75.0,2.976,126.3266774,14.313,0.19,67.7,159.16600286619905
3,2010-10-15,0,69.71,2.72,215.1293114,7.564,0.19,67.7,113.6132665683785
44,2010-10-15,0,54.12,2.845,126.3266774,7.61,0.19,67.7,105.87250897177842
34,2010-10-15,0,59.57,2.732,126.3266774,10.21,0.19,67.7,147.8781772520451
14,2010-10-15,0,58.61,2.868,182.8106203,8.724,0.19,67.7,183.4311161900253
37,2010-10-15,0,71.57,2.72,210.5805944,8.476,0.19,67.7,125.9029129358725
4,2010-10-15,0,62.03,2.732,126.3266774,7.127,0.19,67.7,181.7066905346889
10,2010-10-15,0,75.48,3.08,126.3266774,9.003,0.19,67.7,177.15438068888454
25,2010-10-15,0,54.09,2.868,205.0137637,7.484,0.19,67.7,133.5363960507797
40,2010-10-15,0,44.56,2.878,132.7633548,5.287,0.19,67.7,149.21259235092498
21,2010-10-15,0,68.61,2.72,211.4713286,8.163,0.19,67.7,138.00956664941157
35,2010-10-15,0,58.38,2.868,136.6401935,8.763,0.19,67.7,143.53383379228436
8,2010-10-15,0,62.59,2.72,215.1757,6.433,0.19,67.7,144.92551498097538
1,2010-10-15,0,67.18,2.72,211.8137436,7.838,0.19,67.7,169.71320046076247
23,2010-10-15,0,45.55,2.878,132.7633548,5.287,0.19,67.7,157.68850194352441
12,2010-10-15,0,75.0,2.976,126.3266774,14.313,0.19,67.7,146.6485752311615
29,2010-10-15,0,55.23,2.878,132.7633548,10.524,0.19,67.7,124.76808823381943
11,2010-10-22,0,72.6,2.725,215.17839,7.564,0.19,67.7,159.61338501197127
14,2010-10-22,0,53.15,2.917,182.8558685,8.724,0.19,67.7,183.54817186172681
29,2010-10-22,0,50.24,2.919,132.8170968,10.524,0.19,67.7,126.34454815566176
40,2010-10-22,0,41.25,2.919,132.8170968,5.287,0.19,67.7,147.57553164452756
37,2010-10-22,0,72.24,2.725,210.6271444,8.476,0.19,67.7,126.70662304561216
5,2010-10-22,0,70.96,2.725,212.4169928,6.768,0.19,67.7,107.63509433169239
8,2010-10-22,0,62.86,2.725,215.2248,6.433,0.19,67.7,145.40504842335457
7,2010-10-22,0,36.84,2.762,190.9070184,9.137,0.19,67.7,123.99987551088641
45,2010-10-22,0,53.15,2.917,182.8558685,8.724,0.19,67.7,140.0483620783389
10,2010-10-22,0,68.12,3.014,126.3815484,9.003,0.19,67.7,178.19411872593113
24,2010-10-22,0,48.69,3.049,132.8170968,8.275,0.19,67.7,162.02862091043886
31,2010-10-22,0,70.72,2.725,211.5187208,8.163,0.19,67.7,163.018835812831
2,2010-10-22,0,68.5,2.725,211.5187208,8.163,0.19,67.7,178.12924870456322
17,2010-10-22,0,47.95,2.849,126.3815484,6.885,0.19,67.7,144.3639263888243
9,2010-10-22,0,69.99,2.725,215.4081762,6.56,0.19,67.7,123.5483599183765
38,2010-10-22,0,68.85,3.014,126.3815484,14.313,0.19,67.7,113.00655198471526
4,2010-10-22,0,64.17,2.736,126.3815484,7.127,0.19,67.7,183.31138641645572
27,2010-10-22,0,52.82,3.049,136.688871,8.021,0.19,67.7,176.86823956172748
6,2010-10-22,0,70.97,2.725,213.3820486,7.007,0.19,67.7,165.49279346795564
15,2010-10-22,0,47.1,3.049,132.8170968,8.067,0.19,67.7,132.5787085766426
44,2010-10-22,0,56.89,2.849,126.3815484,7.61,0.19,67.7,106.027301175626
41,2010-10-22,0,48.09,2.762,190.9070184,7.508,0.19,67.7,159.08737758764744
18,2010-10-22,0,47.12,2.919,132.8170968,9.331,0.19,67.7,154.9813459855137
19,2010-10-22,0,48.45,3.049,132.8170968,8.067,0.19,67.7,166.32897121763867
12,2010-10-22,0,68.85,3.014,126.3815484,14.313,0.19,67.7,146.43360142591948
23,2010-10-22,0,43.19,2.919,132.8170968,5.287,0.19,67.7,158.76176526731768
22,2010-10-22,0,50.24,2.919,136.688871,8.572,0.19,67.7,151.12883987951568
13,2010-10-22,0,56.89,2.849,126.3815484,7.795,0.19,67.7,179.78372758776166
32,2010-10-22,0,52.3,2.762,190.9070184,9.137,0.19,67.7,156.99536223258713
30,2010-10-22,0,70.72,2.725,211.5187208,8.163,0.19,67.7,123.05039968250219
1,2010-10-22,0,69.86,2.725,211.8612937,7.838,0.19,67.7,165.93000037579145
35,2010-10-22,0,52.82,2.917,136.688871,8.763,0.19,67.7,144.9820211814066
20,2010-10-22,0,50.52,2.917,205.0627881,7.484,0.19,67.7,182.41983269788565
39,2010-10-22,0,71.73,2.725,210.6271444,8.476,0.19,67.7,162.97652760618644
33,2010-10-22,0,74.2,3.014,126.3815484,9.265,0.19,67.7,101.85884527682262
21,2010-10-22,0,70.72,2.725,211.5187208,8.163,0.19,67.7,138.95780433750693
43,2010-10-22,0,69.46,2.725,203.7770645,10.21,0.19,67.7,137.31363819592846
3,2010-10-22,0,71.64,2.725,215.17839,7.564,0.19,67.7,113.91719267769014
16,2010-10-22,0,45.85,2.762,190.9070184,6.986,0.19,67.7,128.79557026767498
28,2010-10-22,0,68.85,3.014,126.3815484,14.313,0.19,67.7,157.7201505333703
36,2010-10-22,0,72.24,2.698,210.6271444,8.476,0.19,67.7,120.38155868450097
34,2010-10-22,0,58.11,2.736,126.3815484,10.21,0.19,67.7,150.0386934090756
26,2010-10-22,0,36.13,2.919,132.8170968,8.149,0.19,67.7,149.15106694281226
25,2010-10-22,0,46.73,2.917,205.0627881,7.484,0.19,67.7,136.21797907536617
42,2010-10-22,0,68.12,3.014,126.3815484,9.003,0.19,67.7,127.53423359007883
36,2010-10-29,0,76.22,2.68,210.6736944,8.476,0.19,67.7,117.74856841014653
20,2010-10-29,0,57.56,2.921,205.1118126,7.484,0.19,67.7,182.3627719859041
11,2010-10-29,0,74.21,2.716,215.2274686,7.564,0.19,67.7,160.56063179487913
5,2010-10-29,0,70.58,2.716,212.464799,6.768,0.19,67.7,106.89115218883543
33,2010-10-29,0,71.34,3.13,126.4364194,9.265,0.19,67.7,99.24963686730759
4,2010-10-29,0,56.94,2.718,126.4364194,7.127,0.19,67.7,183.4618629760782
7,2010-10-29,0,34.78,2.748,190.951728,9.137,0.19,67.7,123.48690243976058
40,2010-10-29,0,47.1,2.938,132.8708387,5.287,0.19,67.7,147.2422725350813
44,2010-10-29,0,45.12,2.841,126.4364194,7.61,0.19,67.7,107.79474372874508
1,2010-10-29,0,69.64,2.716,211.9088438,7.838,0.19,67.7,167.24196972071076
18,2010-10-29,0,55.85,2.938,132.8708387,9.331,0.19,67.7,154.4245258667649
13,2010-10-29,0,45.12,2.841,126.4364194,7.795,0.19,67.7,182.25806691238964
31,2010-10-29,0,67.51,2.716,211.5661131,8.163,0.19,67.7,162.86211615753447
12,2010-10-29,0,61.09,3.016,126.4364194,14.313,0.19,67.7,150.87897853546835
2,2010-10-29,0,66.24,2.716,211.5661131,8.163,0.19,67.7,179.94437050734635
41,2010-10-29,0,42.16,2.748,190.951728,7.508,0.19,67.7,158.65991354322225
8,2010-10-29,0,57.93,2.716,215.2739,6.433,0.19,67.7,145.13051034467898
32,2010-10-29,0,45.45,2.748,190.951728,9.137,0.19,67.7,157.5055729903319
30,2010-10-29,0,67.51,2.716,211.5661131,8.163,0.19,67.7,121.4293836329084
35,2010-10-29,0,61.02,2.921,136.7375484,8.763,0.19,67.7,146.42951182056802
39,2010-10-29,0,75.14,2.716,210.6736944,8.476,0.19,67.7,164.17195479623774
3,2010-10-29,0,72.04,2.716,215.2274686,7.564,0.19,67.7,113.8893585061127
34,2010-10-29,0,50.78,2.718,126.4364194,10.21,0.19,67.7,149.59148249183406
21,2010-10-29,0,67.51,2.716,211.5661131,8.163,0.19,67.7,140.09408584662896
42,2010-10-29,0,68.76,3.13,126.4364194,9.003,0.19,67.7,124.32995246274099
43,2010-10-29,0,65.88,2.716,203.8242258,10.21,0.19,67.7,133.1713801077694
16,2010-10-29,0,35.76,2.748,190.951728,6.986,0.19,67.7,125.62703788966235
28,2010-10-29,0,61.09,3.016,126.4364194,14.313,0.19,67.7,161.91247328350238
26,2010-10-29,0,40.3,2.938,132.8708387,8.149,0.19,67.7,148.17200695469407
25,2010-10-29,0,55.72,2.921,205.1118126,7.484,0.19,67.7,136.9480168785312
6,2010-10-29,0,70.39,2.716,213.4302994,7.007,0.19,67.7,167.27929977738387
14,2010-10-29,0,61.3,2.921,182.9011166,8.724,0.19,67.7,184.79992501053593
22,2010-10-29,0,57.73,2.938,136.7375484,8.572,0.19,67.7,153.89297615831944
15,2010-10-29,0,55.09,3.055,132.8708387,8.067,0.19,67.7,132.4495793832102
27,2010-10-29,0,61.02,3.055,136.7375484,8.021,0.19,67.7,176.72406424164336
19,2010-10-29,0,56.11,3.055,132.8708387,8.067,0.19,67.7,167.92075365428684
9,2010-10-29,0,64.43,2.716,215.4573607,6.56,0.19,67.7,126.59394067008002
38,2010-10-29,0,61.09,3.016,126.4364194,14.313,0.19,67.7,113.20942521012805
10,2010-10-29,0,68.76,3.13,126.4364194,9.003,0.19,67.7,178.22458285598015
45,2010-10-29,0,61.3,2.921,182.9011166,8.724,0.19,67.7,140.15286377915862
29,2010-10-29,0,57.73,2.938,132.8708387,10.524,0.19,67.7,127.84610258416187
37,2010-10-29,0,76.22,2.716,210.6736944,8.476,0.19,67.7,126.98726129354365
23,2010-10-29,0,48.68,2.938,132.8708387,5.287,0.19,67.7,157.41658266060432
24,2010-10-29,0,57.29,3.055,132.8708387,8.275,0.19,67.7,162.39349975610128
17,2010-10-29,0,39.87,2.841,126.4364194,6.885,0.19,67.7,146.6259343385264
2,2010-11-05,0,57.85,2.689,211.6135053,8.163,0.19,71.6,183.61215867520593
4,2010-11-05,0,51.6,2.699,126.4912903,7.127,0.19,71.6,185.526596914749
12,2010-11-05,0,65.49,3.129,126.4912903,14.313,0.19,71.6,149.74378535161526
15,2010-11-05,0,40.29,3.049,132.9245806,8.067,0.19,71.6,133.34827771332021
20,2010-11-05,0,42.78,2.917,205.160837,7.484,0.19,71.6,189.76364742404664
32,2010-11-05,0,49.2,2.729,190.9964377,9.137,0.19,71.6,155.42714188581135
30,2010-11-05,0,58.71,2.689,211.6135053,8.163,0.19,71.6,124.88701595040006
3,2010-11-05,0,62.94,2.689,215.2765472,7.564,0.19,71.6,120.24027898860527
21,2010-11-05,0,58.71,2.689,211.6135053,8.163,0.19,71.6,139.4575979813953
43,2010-11-05,0,62.52,2.689,203.8713871,10.21,0.19,71.6,132.92022380137013
28,2010-11-05,0,65.49,3.129,126.4912903,14.313,0.19,71.6,171.06126948734956
26,2010-11-05,0,30.51,2.938,132.9245806,8.149,0.19,71.6,151.53071541474125
14,2010-11-05,0,45.65,2.917,182.9463648,8.724,0.19,71.6,187.17263541977596
23,2010-11-05,0,36.6,2.938,132.9245806,5.287,0.19,71.6,160.86136013611258
37,2010-11-05,0,62.72,2.689,210.7202444,8.476,0.19,71.6,128.6936130022273
9,2010-11-05,0,58.69,2.689,215.5065452,6.56,0.19,71.6,127.21991818934828
38,2010-11-05,0,65.49,3.129,126.4912903,14.313,0.19,71.6,116.7487115294882
25,2010-11-05,0,38.8,2.917,205.160837,7.484,0.19,71.6,138.17025139427074
44,2010-11-05,0,49.96,2.831,126.4912903,7.61,0.19,71.6,106.07208113929222
5,2010-11-05,0,58.88,2.689,212.5126051,6.768,0.19,71.6,111.70478445912084
7,2010-11-05,0,49.44,2.729,190.9964377,9.137,0.19,71.6,124.58740339930725
40,2010-11-05,0,36.45,2.938,132.9245806,5.287,0.19,71.6,151.4458406808236
33,2010-11-05,0,74.23,3.009,126.4912903,9.265,0.19,71.6,103.29367161504426
10,2010-11-05,0,71.04,3.009,126.4912903,9.003,0.19,71.6,180.75370422350554
22,2010-11-05,0,44.34,2.938,136.7862258,8.572,0.19,71.6,153.100759743394
17,2010-11-05,0,42.54,2.831,126.4912903,6.885,0.19,71.6,144.5283243594
16,2010-11-05,0,39.94,2.729,190.9964377,6.986,0.19,71.6,122.08847995898304
42,2010-11-05,0,71.04,3.009,126.4912903,9.003,0.19,71.6,130.37564918831703
24,2010-11-05,0,42.2,3.049,132.9245806,8.275,0.19,71.6,163.84002649288453
29,2010-11-05,0,44.34,2.938,132.9245806,10.524,0.19,71.6,127.43432836520411
41,2010-11-05,0,46.74,2.729,190.9964377,7.508,0.19,71.6,159.3874944220406
45,2010-11-05,0,45.65,2.917,182.9463648,8.724,0.19,71.6,141.7868892198826
18,2010-11-05,0,42.05,2.938,132.9245806,9.331,0.19,71.6,156.49270963376657
6,2010-11-05,0,59.9,2.689,213.4785503,7.007,0.19,71.6,171.1804778418158
11,2010-11-05,0,64.41,2.689,215.2765472,7.564,0.19,71.6,165.49426075466437
1,2010-11-05,0,58.74,2.689,211.9563939,7.838,0.19,71.6,172.62109304582947
36,2010-11-05,0,62.72,2.655,210.7202444,8.476,0.19,71.6,118.84342058390341
31,2010-11-05,0,58.71,2.689,211.6135053,8.163,0.19,71.6,165.2076153160047
13,2010-11-05,0,49.96,2.831,126.4912903,7.795,0.19,71.6,181.37245505326146
39,2010-11-05,0,61.62,2.689,210.7202444,8.476,0.19,71.6,164.13459011920523
34,2010-11-05,0,52.43,2.699,126.4912903,10.21,0.19,71.6,151.62040456350607
35,2010-11-05,0,45.91,2.917,136.7862258,8.763,0.19,71.6,145.75872368702395
27,2010-11-05,0,45.91,3.049,136.7862258,8.021,0.19,71.6,176.63864105955972
19,2010-11-05,0,41.78,3.049,132.9245806,8.067,0.19,71.6,168.93382662308372
8,2010-11-05,0,55.76,2.689,215.323,6.433,0.19,71.6,149.63512148504776
28,2010-11-12,0,57.79,3.13,126.5461613,14.313,0.19,71.6,163.16812427383735
6,2010-11-12,0,62.11,2.728,213.5268011,7.007,0.19,71.6,170.86752893272433
19,2010-11-12,0,40.3,3.065,132.9783226,8.067,0.19,71.6,170.69944715725825
3,2010-11-12,0,62.79,2.728,215.3256258,7.564,0.19,71.6,117.24062618246631
26,2010-11-12,0,37.51,2.961,132.9783226,8.149,0.19,71.6,151.57274064031645
14,2010-11-12,0,46.14,2.931,182.9916129,8.724,0.19,71.6,187.514945739111
5,2010-11-12,0,62.37,2.728,212.5604113,6.768,0.19,71.6,109.38264955270783
16,2010-11-12,0,34.04,2.737,191.0411474,6.986,0.19,71.6,122.59943154198714
37,2010-11-12,0,61.97,2.728,210.7667944,8.476,0.19,71.6,127.19774043333649
44,2010-11-12,0,42.55,2.831,126.5461613,7.61,0.19,71.6,107.30752459975547
18,2010-11-12,0,43.17,2.961,132.9783226,9.331,0.19,71.6,156.16435450914668
11,2010-11-12,0,63.74,2.728,215.3256258,7.564,0.19,71.6,163.7096658730588
45,2010-11-12,0,46.14,2.931,182.9916129,8.724,0.19,71.6,141.8712863135051
8,2010-11-12,0,54.89,2.728,215.3721,6.433,0.19,71.6,148.92512342763786
25,2010-11-12,0,40.68,2.931,205.2098614,7.484,0.19,71.6,139.09821745619314
32,2010-11-12,0,42.3,2.737,191.0411474,9.137,0.19,71.6,158.51215916666575
10,2010-11-12,0,61.24,3.13,126.5461613,9.003,0.19,71.6,182.47170607135456
15,2010-11-12,0,39.63,3.065,132.9783226,8.067,0.19,71.6,133.7501870601414
42,2010-11-12,0,61.24,3.13,126.5461613,9.003,0.19,71.6,131.84659380866134
7,2010-11-12,0,22.12,2.737,191.0411474,9.137,0.19,71.6,126.5092931687062
9,2010-11-12,0,61.59,2.728,215.5557297,6.56,0.19,71.6,127.42365479006831
24,2010-11-12,0,41.76,3.065,132.9783226,8.275,0.19,71.6,164.80570762330964
22,2010-11-12,0,44.42,2.961,136.8349032,8.572,0.19,71.6,154.63572571699612
1,2010-11-12,0,59.61,2.728,212.003944,7.838,0.19,71.6,170.83404715369315
12,2010-11-12,0,57.79,3.13,126.5461613,14.313,0.19,71.6,150.3134166334902
27,2010-11-12,0,45.9,3.065,136.8349032,8.021,0.19,71.6,180.63884378771294
38,2010-11-12,0,57.79,3.13,126.5461613,14.313,0.19,71.6,113.10962506899199
13,2010-11-12,0,42.55,2.831,126.5461613,7.795,0.19,71.6,183.63582682616237
30,2010-11-12,0,60.95,2.728,211.6608975,8.163,0.19,71.6,120.87875959208361
17,2010-11-12,0,36.32,2.831,126.5461613,6.885,0.19,71.6,146.3184149268793
40,2010-11-12,0,38.5,2.961,132.9783226,5.287,0.19,71.6,150.0024960660522
29,2010-11-12,0,44.42,2.961,132.9783226,10.524,0.19,71.6,127.66919436396873
43,2010-11-12,0,59.98,2.728,203.9185484,10.21,0.19,71.6,132.2714442790599
20,2010-11-12,0,42.38,2.931,205.2098614,7.484,0.19,71.6,189.8464708410285
21,2010-11-12,0,60.95,2.728,211.6608975,8.163,0.19,71.6,140.30902453366923
34,2010-11-12,0,47.2,2.741,126.5461613,10.21,0.19,71.6,151.94189741335506
35,2010-11-12,0,45.9,2.931,136.8349032,8.763,0.19,71.6,147.04893025643685
39,2010-11-12,0,62.21,2.728,210.7667944,8.476,0.19,71.6,164.05328456955164
33,2010-11-12,0,65.21,3.13,126.5461613,9.265,0.19,71.6,106.32309307480776
36,2010-11-12,0,61.97,2.705,210.7667944,8.476,0.19,71.6,120.44872496024823
2,2010-11-12,0,59.69,2.728,211.6608975,8.163,0.19,71.6,183.0265974811634
41,2010-11-12,0,38.99,2.737,191.0411474,7.508,0.19,71.6,159.82115245297874
23,2010-11-12,0,35.59,2.961,132.9783226,5.287,0.19,71.6,167.36730792285616
31,2010-11-12,0,60.95,2.728,211.6608975,8.163,0.19,71.6,166.1801226925279
4,2010-11-12,0,52.65,2.741,126.5461613,7.127,0.19,71.6,185.1860415386949
40,2010-11-19,0,40.52,3.03,132.9172,5.287,0.19,71.6,146.1751628160526
24,2010-11-19,0,45.63,3.138,132.9172,8.275,0.19,71.6,163.54910254553133
9,2010-11-19,0,49.96,2.771,215.4372854,6.56,0.19,71.6,127.35370695908479
32,2010-11-19,0,36.24,2.758,191.0312172,9.137,0.19,71.6,158.88555304102366
3,2010-11-19,0,57.72,2.771,215.2074519,7.564,0.19,71.6,116.02870472317281
10,2010-11-19,0,58.83,3.047,126.6072,9.003,0.19,71.6,183.8767755410002
27,2010-11-19,0,50.81,3.138,136.7715714,8.021,0.19,71.6,177.18131579815352
43,2010-11-19,0,54.96,2.771,203.8191286,10.21,0.19,71.6,131.90121667533143
29,2010-11-19,0,48.62,3.03,132.9172,10.524,0.19,71.6,126.55035590979215
6,2010-11-19,0,52.99,2.771,213.4107412,7.007,0.19,71.6,171.60142112177206
21,2010-11-19,0,51.71,2.771,211.5470304,8.163,0.19,71.6,141.3863021684214
45,2010-11-19,0,50.02,3.0,182.8989385,8.724,0.19,71.6,139.67829518911034
37,2010-11-19,0,56.73,2.771,210.65429,8.476,0.19,71.6,127.23734912815395
16,2010-11-19,0,27.26,2.758,191.0312172,6.986,0.19,71.6,122.97574493520956
39,2010-11-19,0,55.5,2.771,210.65429,8.476,0.19,71.6,166.78635512964004
14,2010-11-19,0,50.02,3.0,182.8989385,8.724,0.19,71.6,184.3785033733028
30,2010-11-19,0,51.71,2.771,211.5470304,8.163,0.19,71.6,120.28254223364829
26,2010-11-19,0,36.73,3.03,132.9172,8.149,0.19,71.6,148.48888542354015
28,2010-11-19,0,58.18,3.161,126.6072,14.313,0.19,71.6,159.97155720433156
41,2010-11-19,0,31.34,2.758,191.0312172,7.508,0.19,71.6,159.70134129171524
8,2010-11-19,0,43.86,2.771,215.2538714,6.433,0.19,71.6,147.73474872294688
34,2010-11-19,0,40.93,2.78,126.6072,10.21,0.19,71.6,150.89967990616998
22,2010-11-19,0,48.62,3.03,136.7715714,8.572,0.19,71.6,152.2070336222613
23,2010-11-19,0,41.66,3.03,132.9172,5.287,0.19,71.6,164.87939383240624
12,2010-11-19,0,58.18,3.161,126.6072,14.313,0.19,71.6,148.14547661506006
11,2010-11-19,0,58.63,2.771,215.2074519,7.564,0.19,71.6,164.08668136631582
33,2010-11-19,0,61.95,3.047,126.6072,9.265,0.19,71.6,100.67493832430642
20,2010-11-19,0,45.88,3.0,205.0992811,7.484,0.19,71.6,187.83336123608814
36,2010-11-19,0,56.73,2.741,210.65429,8.476,0.19,71.6,119.31245473189168
5,2010-11-19,0,52.52,2.771,212.445487,6.768,0.19,71.6,108.92864624067562
13,2010-11-19,0,42.0,2.842,126.6072,7.795,0.19,71.6,183.25302846661359
17,2010-11-19,0,36.31,2.842,126.6072,6.885,0.19,71.6,142.7210675006345
31,2010-11-19,0,51.71,2.771,211.5470304,8.163,0.19,71.6,166.39704721450875
44,2010-11-19,0,42.0,2.842,126.6072,7.61,0.19,71.6,107.56447362476797
38,2010-11-19,0,58.18,3.161,126.6072,14.313,0.19,71.6,113.88956441805394
18,2010-11-19,0,45.26,3.03,132.9172,9.331,0.19,71.6,154.71896216183163
42,2010-11-19,0,58.83,3.047,126.6072,9.003,0.19,71.6,127.66005376648627
1,2010-11-19,0,51.41,2.771,211.8896737,7.838,0.19,71.6,170.4942758567797
25,2010-11-19,0,42.72,3.0,205.0992811,7.484,0.19,71.6,139.3586643425342
4,2010-11-19,0,48.05,2.78,126.6072,7.127,0.19,71.6,187.65417472604722
7,2010-11-19,0,25.56,2.758,191.0312172,9.137,0.19,71.6,124.73319881330053
35,2010-11-19,0,50.81,3.0,136.7715714,8.763,0.19,71.6,145.90727600411162
15,2010-11-19,0,44.1,3.138,132.9172,8.067,0.19,71.6,133.05709436187988
19,2010-11-19,0,44.22,3.138,132.9172,8.067,0.19,71.6,167.0199074329552
2,2010-11-19,0,50.81,2.771,211.5470304,8.163,0.19,71.6,184.07393786176985
34,2010-11-26,1,41.13,2.752,126.6692667,10.21,0.19,71.6,164.68718859709892
6,2010-11-26,1,65.79,2.735,213.2672961,7.007,0.19,71.6,191.7342951665333
20,2010-11-26,1,46.66,3.039,204.9621,7.484,0.19,71.6,203.47965763532517
22,2010-11-26,1,44.61,3.07,136.6895714,8.572,0.19,71.6,173.01585586328412
3,2010-11-26,1,68.71,2.735,215.0614025,7.564,0.19,71.6,130.3870637575773
4,2010-11-26,1,48.08,2.752,126.6692667,7.127,0.19,71.6,203.03525910621917
29,2010-11-26,1,44.61,3.07,132.8369333,10.524,0.19,71.6,151.74926845443136
33,2010-11-26,1,56.87,3.162,126.6692667,9.265,0.19,71.6,102.5700690925087
41,2010-11-26,1,25.3,2.742,191.0121805,7.508,0.19,71.6,181.68881410516278
18,2010-11-26,1,40.81,3.07,132.8369333,9.331,0.19,71.6,175.69613165059224
21,2010-11-26,1,62.96,2.735,211.4062867,8.163,0.19,71.6,162.41892920168314
36,2010-11-26,1,67.73,2.725,210.5152765,8.476,0.19,71.6,119.09104284802777
2,2010-11-26,1,62.98,2.735,211.4062867,8.163,0.19,71.6,200.36012489665754
32,2010-11-26,1,29.97,2.742,191.0121805,9.137,0.19,71.6,175.13091523098012
19,2010-11-26,1,42.62,3.186,132.8369333,8.067,0.19,71.6,185.0211631243345
17,2010-11-26,1,19.03,2.83,126.6692667,6.885,0.19,71.6,153.039912897998
13,2010-11-26,1,28.22,2.83,126.6692667,7.795,0.19,71.6,202.56997802327467
39,2010-11-26,1,67.75,2.735,210.5152765,8.476,0.19,71.6,188.91857697449888
8,2010-11-26,1,51.07,2.735,215.1077548,6.433,0.19,71.6,162.99747059705786
40,2010-11-26,1,32.94,3.07,132.8369333,5.287,0.19,71.6,159.47351766615043
43,2010-11-26,1,54.76,2.735,203.6952786,10.21,0.19,71.6,134.57881223630258
31,2010-11-26,1,62.96,2.735,211.4062867,8.163,0.19,71.6,181.47763056287278
38,2010-11-26,1,47.66,3.162,126.6692667,14.313,0.19,71.6,114.99781706581788
28,2010-11-26,1,47.66,3.162,126.6692667,14.313,0.19,71.6,183.5589896501055
10,2010-11-26,1,55.33,3.162,126.6692667,9.003,0.19,71.6,206.00334600604182
5,2010-11-26,1,66.15,2.735,212.303441,6.768,0.19,71.6,125.15265769035226
1,2010-11-26,1,64.52,2.735,211.7484333,7.838,0.19,71.6,184.0449002460847
9,2010-11-26,1,60.18,2.735,215.2909028,6.56,0.19,71.6,141.9960558924733
15,2010-11-26,1,40.71,3.186,132.8369333,8.067,0.19,71.6,157.69668180115997
7,2010-11-26,1,17.95,2.742,191.0121805,9.137,0.19,71.6,145.34553360998314
42,2010-11-26,1,55.33,3.162,126.6692667,9.003,0.19,71.6,127.522592797754
45,2010-11-26,1,46.15,3.039,182.7832769,8.724,0.19,71.6,160.09134552182954
44,2010-11-26,1,28.22,2.83,126.6692667,7.61,0.19,71.6,109.97002434158638
27,2010-11-26,1,46.67,3.186,136.6895714,8.021,0.19,71.6,199.71572487442953
30,2010-11-26,1,62.96,2.735,211.4062867,8.163,0.19,71.6,123.28180673616895
37,2010-11-26,1,67.73,2.735,210.5152765,8.476,0.19,71.6,127.24396904367681
16,2010-11-26,1,23.46,2.742,191.0121805,6.986,0.19,71.6,135.65229141191108
12,2010-11-26,1,47.66,3.162,126.6692667,14.313,0.19,71.6,174.13634043586234
24,2010-11-26,1,41.92,3.186,132.8369333,8.275,0.19,71.6,179.29236114222593
14,2010-11-26,1,46.15,3.039,182.7832769,8.724,0.19,71.6,205.64961825717637
35,2010-11-26,1,46.67,3.039,136.6895714,8.763,0.19,71.6,179.3646060272059
26,2010-11-26,1,28.11,3.07,132.8369333,8.149,0.19,71.6,163.8921880421259
11,2010-11-26,1,69.9,2.735,215.0614025,7.564,0.19,71.6,178.6747413725489
23,2010-11-26,1,34.95,3.07,132.8369333,5.287,0.19,71.6,187.02966161398578
25,2010-11-26,1,43.43,3.039,204.9621,7.484,0.19,71.6,157.5095772934986
4,2010-12-03,0,46.4,2.727,126.7313333,7.127,0.18,74.5,187.7709093805953
39,2010-12-03,0,53.55,2.708,210.376263,8.476,0.18,74.5,168.82055478446821
12,2010-12-03,0,43.33,3.041,126.7313333,14.313,0.18,74.5,155.68960086627195
9,2010-12-03,0,49.89,2.708,215.1445203,6.56,0.18,74.5,131.19083248200167
35,2010-12-03,0,41.81,3.046,136.6075714,8.763,0.18,74.5,152.0653824662985
19,2010-12-03,0,36.64,3.2,132.7566667,8.067,0.18,74.5,174.57509651196705
43,2010-12-03,0,44.56,2.708,203.5714286,10.21,0.18,74.5,129.8682413202823
5,2010-12-03,0,51.31,2.708,212.1613951,6.768,0.18,74.5,113.51244207842592
30,2010-12-03,0,50.43,2.708,211.265543,8.163,0.18,74.5,118.94585116671713
20,2010-12-03,0,35.47,3.046,204.8249189,7.484,0.18,74.5,195.1292801353826
31,2010-12-03,0,50.43,2.708,211.265543,8.163,0.18,74.5,165.6991123786567
27,2010-12-03,0,41.81,3.2,136.6075714,8.021,0.18,74.5,182.16309297379559
16,2010-12-03,0,23.68,2.712,190.9931437,6.986,0.18,74.5,126.8336614655083
15,2010-12-03,0,36.0,3.2,132.7566667,8.067,0.18,74.5,141.27407878216187
42,2010-12-03,0,51.17,3.041,126.7313333,9.003,0.18,74.5,125.99619747288088
38,2010-12-03,0,43.33,3.041,126.7313333,14.313,0.18,74.5,114.1933830561958
26,2010-12-03,0,27.73,3.065,132.7566667,8.149,0.18,74.5,153.49050422877175
8,2010-12-03,0,42.85,2.708,214.9616381,6.433,0.18,74.5,150.76789940923362
32,2010-12-03,0,35.18,2.712,190.9931437,9.137,0.18,74.5,160.7786467912593
29,2010-12-03,0,39.42,3.065,132.7566667,10.524,0.18,74.5,135.1183079372629
33,2010-12-03,0,52.82,3.041,126.7313333,9.265,0.18,74.5,98.78220250152269
11,2010-12-03,0,55.9,2.708,214.9153531,7.564,0.18,74.5,167.11832965129886
37,2010-12-03,0,54.44,2.708,210.376263,8.476,0.18,74.5,126.55303929781117
44,2010-12-03,0,25.8,2.812,126.7313333,7.61,0.18,74.5,105.37225307623135
25,2010-12-03,0,32.41,3.046,204.8249189,7.484,0.18,74.5,147.7331212578691
3,2010-12-03,0,53.76,2.708,214.9153531,7.564,0.18,74.5,124.29010964783075
7,2010-12-03,0,21.88,2.712,190.9931437,9.137,0.18,74.5,129.5597290066858
34,2010-12-03,0,34.7,2.727,126.7313333,10.21,0.18,74.5,152.87318081130982
40,2010-12-03,0,33.6,3.065,132.7566667,5.287,0.18,74.5,152.83371469598603
6,2010-12-03,0,52.3,2.708,213.123851,7.007,0.18,74.5,176.3786185533862
28,2010-12-03,0,43.33,3.041,126.7313333,14.313,0.18,74.5,169.3416236915274
1,2010-12-03,0,49.27,2.708,211.607193,7.838,0.18,74.5,172.50922300996118
10,2010-12-03,0,51.17,3.041,126.7313333,9.003,0.18,74.5,191.35339513503277
24,2010-12-03,0,37.08,3.2,132.7566667,8.275,0.18,74.5,168.20938058798777
14,2010-12-03,0,40.93,3.046,182.6676154,8.724,0.18,74.5,191.52439984096824
21,2010-12-03,0,50.43,2.708,211.265543,8.163,0.18,74.5,145.0553148613291
41,2010-12-03,0,33.0,2.712,190.9931437,7.508,0.18,74.5,161.4888442344402
45,2010-12-03,0,40.93,3.046,182.6676154,8.724,0.18,74.5,147.4387720999148
36,2010-12-03,0,54.44,2.694,210.376263,8.476,0.18,74.5,114.94496563272929
18,2010-12-03,0,37.09,3.065,132.7566667,9.331,0.18,74.5,161.15405376806433
17,2010-12-03,0,22.47,2.812,126.7313333,6.885,0.18,74.5,149.60404325206025
23,2010-12-03,0,34.3,3.065,132.7566667,5.287,0.18,74.5,174.60614114272673
22,2010-12-03,0,39.42,3.065,136.6075714,8.572,0.18,74.5,161.86963425032548
2,2010-12-03,0,49.33,2.708,211.265543,8.163,0.18,74.5,185.59454072150632
13,2010-12-03,0,25.8,2.812,126.7313333,7.795,0.18,74.5,187.29617260063404
24,2010-12-10,0,27.11,3.255,132.6764,8.275,0.18,74.5,173.883834534141
1,2010-12-10,0,46.33,2.843,211.4659526,7.838,0.18,74.5,176.5400237156857
10,2010-12-10,0,60.51,3.091,126.7934,9.003,0.18,74.5,195.03408100620487
42,2010-12-10,0,60.51,3.091,126.7934,9.003,0.18,74.5,131.63262853346617
16,2010-12-10,0,32.02,2.728,190.9741069,6.986,0.18,74.5,130.6779661341009
22,2010-12-10,0,28.43,3.132,136.5255714,8.572,0.18,74.5,166.66959681566036
2,2010-12-10,0,45.5,2.843,211.1247993,8.163,0.18,74.5,194.29117002236055
4,2010-12-10,0,42.4,2.86,126.7934,7.127,0.18,74.5,192.54941475690876
5,2010-12-10,0,48.27,2.843,212.0193491,6.768,0.18,74.5,114.27384807844052
12,2010-12-10,0,50.01,3.203,126.7934,14.313,0.18,74.5,157.77151327464495
7,2010-12-10,0,24.24,2.728,190.9741069,9.137,0.18,74.5,132.53769993771897
19,2010-12-10,0,25.12,3.255,132.6764,8.067,0.18,74.5,179.84247176401578
17,2010-12-10,0,31.64,2.817,126.7934,6.885,0.18,74.5,151.19336639273558
31,2010-12-10,0,46.35,2.843,211.1247993,8.163,0.18,74.5,170.23579294763462
25,2010-12-10,0,22.65,3.109,204.6877378,7.484,0.18,74.5,151.29168107582106
33,2010-12-10,0,60.72,3.091,126.7934,9.265,0.18,74.5,104.10219614228795
13,2010-12-10,0,36.78,2.817,126.7934,7.795,0.18,74.5,196.13647581079942
15,2010-12-10,0,23.97,3.255,132.6764,8.067,0.18,74.5,145.9285380037478
20,2010-12-10,0,24.27,3.109,204.6877378,7.484,0.18,74.5,202.280591006493
44,2010-12-10,0,36.78,2.817,126.7934,7.61,0.18,74.5,106.91504461232074
11,2010-12-10,0,53.33,2.843,214.7693037,7.564,0.18,74.5,173.01629010919694
36,2010-12-10,0,51.83,2.813,210.2372494,8.476,0.18,74.5,118.73554670924368
23,2010-12-10,0,20.12,3.132,132.6764,5.287,0.18,74.5,181.84181286079775
18,2010-12-10,0,25.64,3.132,132.6764,9.331,0.18,74.5,168.30390181081614
38,2010-12-10,0,50.01,3.203,126.7934,14.313,0.18,74.5,114.5590176932914
9,2010-12-10,0,46.1,2.843,214.9981378,6.56,0.18,74.5,133.6587546158758
35,2010-12-10,0,30.83,3.109,136.5255714,8.763,0.18,74.5,157.24779785323796
3,2010-12-10,0,51.13,2.843,214.7693037,7.564,0.18,74.5,123.64592751641655
43,2010-12-10,0,52.52,2.843,203.4475786,10.21,0.18,74.5,132.47288138825016
40,2010-12-10,0,21.64,3.132,132.6764,5.287,0.18,74.5,157.3515207087375
21,2010-12-10,0,46.35,2.843,211.1247993,8.163,0.18,74.5,150.37617901770375
39,2010-12-10,0,50.81,2.843,210.2372494,8.476,0.18,74.5,175.00995958845886
34,2010-12-10,0,41.93,2.86,126.7934,10.21,0.18,74.5,156.37811760966986
28,2010-12-10,0,50.01,3.203,126.7934,14.313,0.18,74.5,169.9306165850199
6,2010-12-10,0,48.46,2.843,212.9804059,7.007,0.18,74.5,180.82265373900722
41,2010-12-10,0,33.9,2.728,190.9741069,7.508,0.18,74.5,168.9184518099515
45,2010-12-10,0,30.54,3.109,182.5519538,8.724,0.18,74.5,152.90931311539623
8,2010-12-10,0,42.47,2.843,214.8155214,6.433,0.18,74.5,155.6705323003808
37,2010-12-10,0,51.83,2.843,210.2372494,8.476,0.18,74.5,126.76080482025242
30,2010-12-10,0,46.35,2.843,211.1247993,8.163,0.18,74.5,120.67181427803452
26,2010-12-10,0,16.6,3.132,132.6764,8.149,0.18,74.5,158.84268726835927
27,2010-12-10,0,30.83,3.255,136.5255714,8.021,0.18,74.5,188.68425434296162
29,2010-12-10,0,28.43,3.132,132.6764,10.524,0.18,74.5,139.12996527412577
14,2010-12-10,0,30.54,3.109,182.5519538,8.724,0.18,74.5,199.13826949963175
32,2010-12-10,0,36.62,2.728,190.9741069,9.137,0.18,74.5,167.01081626932597
15,2010-12-17,0,25.3,3.301,132.6804516,8.067,0.18,74.5,152.1180989526188
18,2010-12-17,0,27.4,3.139,132.6804516,9.331,0.18,74.5,173.74510565909003
11,2010-12-17,0,54.63,2.869,214.704919,7.564,0.18,74.5,181.0741434377074
3,2010-12-17,0,52.2,2.869,214.704919,7.564,0.18,74.5,125.84886593740384
44,2010-12-17,0,35.21,2.842,126.8794839,7.61,0.18,74.5,106.95741533064331
4,2010-12-17,0,46.57,2.884,126.8794839,7.127,0.18,74.5,202.03520386272402
32,2010-12-17,0,36.07,2.778,191.0303376,9.137,0.18,74.5,172.80940536775526
40,2010-12-17,0,23.01,3.139,132.6804516,5.287,0.18,74.5,159.9610350861496
22,2010-12-17,0,30.46,3.139,136.5292811,8.572,0.18,74.5,171.87770124376166
8,2010-12-17,0,45.03,2.869,214.7510843,6.433,0.18,74.5,161.50587819827717
20,2010-12-17,0,24.07,3.14,204.6321194,7.484,0.18,74.5,203.6306338552453
37,2010-12-17,0,56.73,2.869,210.1787224,8.476,0.18,74.5,128.3330159058416
36,2010-12-17,0,56.73,2.852,210.1787224,8.476,0.18,74.5,119.198720992628
13,2010-12-17,0,35.21,2.842,126.8794839,7.795,0.18,74.5,202.67604631950192
29,2010-12-17,0,30.46,3.139,132.6804516,10.524,0.18,74.5,146.0837572691193
33,2010-12-17,0,61.12,3.125,126.8794839,9.265,0.18,74.5,102.42937890083954
2,2010-12-17,0,47.55,2.869,211.0645458,8.163,0.18,74.5,199.32104884801618
41,2010-12-17,0,31.51,2.778,191.0303376,7.508,0.18,74.5,174.9308213392604
17,2010-12-17,0,25.13,2.842,126.8794839,6.885,0.18,74.5,154.86879156196656
31,2010-12-17,0,48.63,2.869,211.0645458,8.163,0.18,74.5,177.4651665465462
39,2010-12-17,0,55.31,2.869,210.1787224,8.476,0.18,74.5,181.02522558411886
34,2010-12-17,0,42.64,2.884,126.8794839,10.21,0.18,74.5,161.7466172973583
30,2010-12-17,0,48.63,2.869,211.0645458,8.163,0.18,74.5,121.96822775452911
43,2010-12-17,0,56.51,2.869,203.3996521,10.21,0.18,74.5,133.5162706896675
27,2010-12-17,0,31.62,3.301,136.5292811,8.021,0.18,74.5,193.64181755194306
24,2010-12-17,0,27.99,3.301,132.6804516,8.275,0.18,74.5,175.98295334540532
5,2010-12-17,0,51.61,2.869,211.9580815,6.768,0.18,74.5,115.6131281953357
26,2010-12-17,0,20.61,3.139,132.6804516,8.149,0.18,74.5,160.62687641196197
1,2010-12-17,0,49.84,2.869,211.4053124,7.838,0.18,74.5,182.34192680227574
14,2010-12-17,0,30.51,3.14,182.517732,8.724,0.18,74.5,202.4983582162414
9,2010-12-17,0,49.7,2.869,214.9334937,6.56,0.18,74.5,137.55468303880247
35,2010-12-17,0,31.62,3.14,136.5292811,8.763,0.18,74.5,164.87915314478008
10,2010-12-17,0,59.15,3.125,126.8794839,9.003,0.18,74.5,203.47991373562695
45,2010-12-17,0,30.51,3.14,182.517732,8.724,0.18,74.5,157.82415356919716
23,2010-12-17,0,23.05,3.139,132.6804516,5.287,0.18,74.5,191.05580982746648
28,2010-12-17,0,52.77,3.236,126.8794839,14.313,0.18,74.5,171.33791873864186
42,2010-12-17,0,59.15,3.125,126.8794839,9.003,0.18,74.5,128.5451192903055
6,2010-12-17,0,52.24,2.869,212.918049,7.007,0.18,74.5,187.46731766122937
7,2010-12-17,0,20.74,2.778,191.0303376,9.137,0.18,74.5,139.2684329245025
25,2010-12-17,0,21.6,3.14,204.6321194,7.484,0.18,74.5,154.80050071352613
16,2010-12-17,0,26.01,2.778,191.0303376,6.986,0.18,74.5,135.46718540687155
38,2010-12-17,0,52.77,3.236,126.8794839,14.313,0.18,74.5,112.5747306817966
19,2010-12-17,0,26.83,3.301,132.6804516,8.067,0.18,74.5,182.89841829951337
21,2010-12-17,0,48.63,2.869,211.0645458,8.163,0.18,74.5,158.76379758795147
12,2010-12-17,0,52.77,3.236,126.8794839,14.313,0.18,74.5,164.2013648784002
18,2010-12-24,0,28.16,3.15,132.7477419,9.331,0.18,74.5,185.89266149810956
27,2010-12-24,0,31.34,3.309,136.597273,8.021,0.18,74.5,208.63356848508317
24,2010-12-24,0,27.74,3.309,132.7477419,8.275,0.18,74.5,194.45559538757948
1,2010-12-24,0,52.33,2.886,211.4051222,7.838,0.18,74.5,194.49917007220645
38,2010-12-24,0,52.02,3.236,126.9835806,14.313,0.18,74.5,115.72787776134689
6,2010-12-24,0,55.07,2.886,212.9165082,7.007,0.18,74.5,201.7805049995882
42,2010-12-24,0,57.06,3.236,126.9835806,9.003,0.18,74.5,129.70755133587554
35,2010-12-24,0,31.34,3.141,136.597273,8.763,0.18,74.5,179.2912458299735
31,2010-12-24,0,51.29,2.886,211.0646599,8.163,0.18,74.5,186.93617389812087
19,2010-12-24,0,26.05,3.309,132.7477419,8.067,0.18,74.5,200.76471539109642
11,2010-12-24,0,59.33,2.886,214.7017828,7.564,0.18,74.5,192.63632416428635
16,2010-12-24,0,32.46,2.781,191.1430189,6.986,0.18,74.5,153.00953464621455
13,2010-12-24,0,34.9,2.846,126.9835806,7.795,0.18,74.5,217.78123656526057
34,2010-12-24,0,42.74,2.887,126.9835806,10.21,0.18,74.5,174.71742398256617
45,2010-12-24,0,30.59,3.141,182.54459,8.724,0.18,74.5,176.54722418507635
29,2010-12-24,0,29.76,3.15,132.7477419,10.524,0.18,74.5,158.12163255268592
8,2010-12-24,0,45.67,2.886,214.7479069,6.433,0.18,74.5,171.37555742936937
32,2010-12-24,0,30.72,2.781,191.1430189,9.137,0.18,74.5,183.87693245867368
9,2010-12-24,0,50.93,2.886,214.9301534,6.56,0.18,74.5,147.1630644731719
25,2010-12-24,0,22.94,3.141,204.6376731,7.484,0.18,74.5,164.19383458187173
7,2010-12-24,0,26.04,2.781,191.1430189,9.137,0.18,74.5,154.6943994916489
12,2010-12-24,0,52.02,3.236,126.9835806,14.313,0.18,74.5,178.9839825945666
28,2010-12-24,0,52.02,3.236,126.9835806,14.313,0.18,74.5,185.85508382546837
10,2010-12-24,0,57.06,3.236,126.9835806,9.003,0.18,74.5,220.30184452277862
22,2010-12-24,0,29.76,3.15,136.597273,8.572,0.18,74.5,184.22233773744165
23,2010-12-24,0,22.96,3.15,132.7477419,5.287,0.18,74.5,201.91736540922977
5,2010-12-24,0,55.01,2.886,211.9573978,6.768,0.18,74.5,123.52521854907714
30,2010-12-24,0,51.29,2.886,211.0646599,8.163,0.18,74.5,127.32165706117182
26,2010-12-24,0,21.81,3.15,132.7477419,8.149,0.18,74.5,173.30574288303114
14,2010-12-24,0,30.59,3.141,182.54459,8.724,0.18,74.5,221.423027347173
43,2010-12-24,0,57.15,2.886,203.4086682,10.21,0.18,74.5,135.9299425516389
3,2010-12-24,0,57.16,2.886,214.7017828,7.564,0.18,74.5,132.92207166887158
39,2010-12-24,0,58.86,2.886,210.1805602,8.476,0.18,74.5,196.88210588801715
37,2010-12-24,0,59.1,2.886,210.1805602,8.476,0.18,74.5,131.10499724129164
40,2010-12-24,0,24.18,3.15,132.7477419,5.287,0.18,74.5,175.55087221791152
41,2010-12-24,0,29.81,2.781,191.1430189,7.508,0.18,74.5,190.7351042169834
15,2010-12-24,0,25.07,3.309,132.7477419,8.067,0.18,74.5,166.70729323690642
44,2010-12-24,0,34.9,2.846,126.9835806,7.61,0.18,74.5,115.3746057536268
21,2010-12-24,0,51.29,2.886,211.0646599,8.163,0.18,74.5,173.70954638664767
36,2010-12-24,0,59.1,2.863,210.1805602,8.476,0.18,74.5,120.15422635923093
20,2010-12-24,0,25.17,3.141,204.6376731,7.484,0.18,74.5,220.58714886463534
17,2010-12-24,0,26.58,2.846,126.9835806,6.885,0.18,74.5,164.6784698007585
33,2010-12-24,0,60.43,3.236,126.9835806,9.265,0.18,74.5,103.6602007031039
2,2010-12-24,0,49.97,2.886,211.0646599,8.163,0.18,74.5,215.0647791103406
4,2010-12-24,0,43.21,2.887,126.9835806,7.127,0.18,74.5,216.61680412577257
26,2010-12-31,1,18.73,3.177,132.8150323,8.149,0.18,74.5,147.3465139389038
13,2010-12-31,1,26.79,2.868,127.0876774,7.795,0.18,74.5,176.32688110657648
27,2010-12-31,1,29.59,3.336,136.665265,8.021,0.18,74.5,169.11577062868608
14,2010-12-31,1,29.67,3.179,182.5714479,8.724,0.18,74.5,174.8060161055243
21,2010-12-31,1,47.19,2.943,211.064774,8.163,0.18,74.5,136.8599775352792
45,2010-12-31,1,29.67,3.179,182.5714479,8.724,0.18,74.5,137.21315167377173
12,2010-12-31,1,45.64,3.148,127.0876774,14.313,0.18,74.5,148.01836698514032
43,2010-12-31,1,48.61,2.943,203.4176843,10.21,0.18,74.5,128.36351783832066
6,2010-12-31,1,49.14,2.943,212.9149674,7.007,0.18,74.5,169.86264290112447
15,2010-12-31,1,26.54,3.336,132.8150323,8.067,0.18,74.5,128.96380219494927
35,2010-12-31,1,29.59,3.179,136.665265,8.763,0.18,74.5,131.07468831098768
3,2010-12-31,1,53.2,2.943,214.6986466,7.564,0.18,74.5,116.90353804974939
40,2010-12-31,1,19.29,3.177,132.8150323,5.287,0.18,74.5,144.17754323595537
4,2010-12-31,1,38.09,2.955,127.0876774,7.127,0.18,74.5,179.72605690478326
37,2010-12-31,1,52.88,2.943,210.182398,8.476,0.18,74.5,123.10273863334976
18,2010-12-31,1,26.1,3.177,132.8150323,9.331,0.18,74.5,147.8413024886438
34,2010-12-31,1,34.11,2.955,127.0876774,10.21,0.18,74.5,148.4951561293957
8,2010-12-31,1,41.47,2.943,214.7447295,6.433,0.18,74.5,142.27919170262894
17,2010-12-31,1,20.79,2.868,127.0876774,6.885,0.18,74.5,134.71732648557503
41,2010-12-31,1,25.19,2.829,191.2557002,7.508,0.18,74.5,152.88496900202102
29,2010-12-31,1,28.49,3.177,132.8150323,10.524,0.18,74.5,123.5238682683367
39,2010-12-31,1,52.45,2.943,210.182398,8.476,0.18,74.5,161.8512903795056
23,2010-12-31,1,19.05,3.177,132.8150323,5.287,0.18,74.5,159.6112059697308
44,2010-12-31,1,26.79,2.868,127.0876774,7.61,0.18,74.5,102.79672307674569
31,2010-12-31,1,47.19,2.943,211.064774,8.163,0.18,74.5,160.67373130672937
30,2010-12-31,1,47.19,2.943,211.064774,8.163,0.18,74.5,118.16427240454175
36,2010-12-31,1,52.88,2.949,210.182398,8.476,0.18,74.5,114.85951819648739
20,2010-12-31,1,28.85,3.179,204.6432267,7.484,0.18,74.5,179.86092621398203
25,2010-12-31,1,25.89,3.179,204.6432267,7.484,0.18,74.5,133.95756145450213
38,2010-12-31,1,45.64,3.148,127.0876774,14.313,0.18,74.5,109.593688166132
7,2010-12-31,1,13.76,2.829,191.2557002,9.137,0.18,74.5,139.9774927708326
19,2010-12-31,1,28.65,3.336,132.8150323,8.067,0.18,74.5,163.4778730250463
1,2010-12-31,1,48.43,2.943,211.4049321,7.838,0.18,74.5,166.67355803275782
42,2010-12-31,1,49.67,3.148,127.0876774,9.003,0.18,74.5,120.69713106439372
28,2010-12-31,1,45.64,3.148,127.0876774,14.313,0.18,74.5,156.53368803142538
32,2010-12-31,1,27.7,2.829,191.2557002,9.137,0.18,74.5,150.88640349507102
16,2010-12-31,1,19.66,2.829,191.2557002,6.986,0.18,74.5,131.0102720402891
11,2010-12-31,1,55.03,2.943,214.6986466,7.564,0.18,74.5,159.6955853870287
5,2010-12-31,1,49.79,2.943,211.9567142,6.768,0.18,74.5,109.01029001627745
24,2010-12-31,1,25.9,3.336,132.8150323,8.275,0.18,74.5,161.0643865244193
10,2010-12-31,1,49.67,3.148,127.0876774,9.003,0.18,74.5,177.25360084744793
2,2010-12-31,1,47.3,2.943,211.064774,8.163,0.18,74.5,178.48277150407657
22,2010-12-31,1,28.49,3.177,136.665265,8.572,0.18,74.5,142.3137789397798
9,2010-12-31,1,45.92,2.943,214.9268131,6.56,0.18,74.5,123.06080614381244
33,2010-12-31,1,52.91,3.148,127.0876774,9.265,0.18,74.5,100.06064697615967
19,2011-01-07,0,31.34,3.351,132.8823226,7.771,0.17,74.2,161.63780468135698
7,2011-01-07,0,10.09,2.882,191.3683815,8.818,0.17,74.2,136.1904184212528
40,2011-01-07,0,24.05,3.193,132.8823226,5.114,0.17,74.2,148.1356423362307
18,2011-01-07,0,30.1,3.193,132.8823226,9.131,0.17,74.2,149.93465375540197
28,2011-01-07,0,37.64,3.287,127.1917742,14.021,0.17,74.2,167.865235114069
6,2011-01-07,0,47.78,2.976,212.9134266,6.858,0.17,74.2,166.10037823255755
29,2011-01-07,0,32.56,3.193,132.8823226,10.256,0.17,74.2,122.77430426897226
5,2011-01-07,0,48.3,2.976,211.9560305,6.634,0.17,74.2,107.77887949374316
41,2011-01-07,0,23.76,2.882,191.3683815,7.241,0.17,74.2,158.99534050007287
39,2011-01-07,0,52.74,2.976,210.1842358,8.395,0.17,74.2,161.6487647958144
30,2011-01-07,0,44.24,2.976,211.0648881,8.028,0.17,74.2,122.4059997651875
16,2011-01-07,0,12.39,2.882,191.3683815,6.614,0.17,74.2,130.89761484129642
17,2011-01-07,0,6.23,2.891,127.1917742,6.866,0.17,74.2,156.2344676910055
26,2011-01-07,0,21.13,3.193,132.8823226,7.907,0.17,74.2,150.12129853141028
43,2011-01-07,0,40.47,2.976,203.4267005,10.398,0.17,74.2,133.27598250951561
36,2011-01-07,0,54.11,2.942,210.1842358,8.395,0.17,74.2,117.07269228540338
44,2011-01-07,0,16.94,2.891,127.1917742,7.224,0.17,74.2,107.98675897327
31,2011-01-07,0,44.24,2.976,211.0648881,8.028,0.17,74.2,164.77470328930912
38,2011-01-07,0,37.64,3.287,127.1917742,14.021,0.17,74.2,117.21596738860586
25,2011-01-07,0,29.0,3.193,204.6487803,7.343,0.17,74.2,129.9494844051043
33,2011-01-07,0,46.25,3.287,127.1917742,8.951,0.17,74.2,103.03623698536296
35,2011-01-07,0,34.42,3.193,136.7332569,8.549,0.17,74.2,135.50429372037138
34,2011-01-07,0,24.5,2.98,127.1917742,10.398,0.17,74.2,148.42816298411563
4,2011-01-07,0,39.34,2.98,127.1917742,6.51,0.17,74.2,181.57540791600374
20,2011-01-07,0,31.43,3.193,204.6487803,7.343,0.17,74.2,181.0485777422655
2,2011-01-07,0,44.69,2.976,211.0648881,8.028,0.17,74.2,178.69749712440256
37,2011-01-07,0,54.11,2.976,210.1842358,8.395,0.17,74.2,128.87833066829563
24,2011-01-07,0,30.72,3.351,132.8823226,8.252,0.17,74.2,159.94617291637286
11,2011-01-07,0,54.43,2.976,214.6955104,7.551,0.17,74.2,159.95610666672926
32,2011-01-07,0,23.78,2.882,191.3683815,8.818,0.17,74.2,154.74747128458017
27,2011-01-07,0,34.42,3.351,136.7332569,7.827,0.17,74.2,173.12783803134124
21,2011-01-07,0,44.24,2.976,211.0648881,8.028,0.17,74.2,134.31947957129267
12,2011-01-07,0,37.64,3.287,127.1917742,14.021,0.17,74.2,148.86018312342856
3,2011-01-07,0,53.35,2.976,214.6955104,7.551,0.17,74.2,116.52260134643434
9,2011-01-07,0,41.82,2.976,214.9234729,6.416,0.17,74.2,125.33977846032455
14,2011-01-07,0,34.32,3.193,182.5983058,8.549,0.17,74.2,181.63664257582062
42,2011-01-07,0,43.43,3.287,127.1917742,8.744,0.17,74.2,132.11796595560472
15,2011-01-07,0,30.53,3.351,132.8823226,7.771,0.17,74.2,126.65220656835616
10,2011-01-07,0,43.43,3.287,127.1917742,8.744,0.17,74.2,177.45492921868652
23,2011-01-07,0,27.81,3.193,132.8823226,5.114,0.17,74.2,157.77543078122895
1,2011-01-07,0,48.27,2.976,211.4047419,7.742,0.17,74.2,169.23830068873949
22,2011-01-07,0,32.56,3.193,136.7332569,8.458,0.17,74.2,147.19151193475113
8,2011-01-07,0,35.77,2.976,214.7415521,6.262,0.17,74.2,147.1498317175986
13,2011-01-07,0,16.94,2.891,127.1917742,7.47,0.17,74.2,178.31624216561087
45,2011-01-07,0,34.32,3.193,182.5983058,8.549,0.17,74.2,137.27493146329314
2,2011-01-14,0,33.02,2.983,211.1176713,8.028,0.17,74.2,178.30631098294916
30,2011-01-14,0,34.14,2.983,211.1176713,8.028,0.17,74.2,123.48064339512608
22,2011-01-14,0,24.76,3.215,136.803477,8.458,0.17,74.2,143.99016380059402
33,2011-01-14,0,53.63,3.312,127.3009355,8.951,0.17,74.2,104.84397126364289
8,2011-01-14,0,31.62,2.983,214.7930991,6.262,0.17,74.2,144.094817473913
44,2011-01-14,0,20.6,2.903,127.3009355,7.224,0.17,74.2,108.46106102008395
21,2011-01-14,0,34.14,2.983,211.1176713,8.028,0.17,74.2,135.5914339586157
14,2011-01-14,0,24.78,3.205,182.6585782,8.549,0.17,74.2,177.01732420195052
41,2011-01-14,0,22.44,2.911,191.4784939,7.241,0.17,74.2,155.00134090898973
10,2011-01-14,0,49.98,3.312,127.3009355,8.744,0.17,74.2,177.3543278436838
28,2011-01-14,0,43.15,3.312,127.3009355,14.021,0.17,74.2,156.84095811163456
39,2011-01-14,0,41.74,2.983,210.2379731,8.395,0.17,74.2,160.49210222951046
36,2011-01-14,0,42.87,2.971,210.2379731,8.395,0.17,74.2,119.22172010544683
32,2011-01-14,0,21.69,2.911,191.4784939,8.818,0.17,74.2,153.99460300495963
18,2011-01-14,0,22.69,3.215,132.9510645,9.131,0.17,74.2,142.46261632305965
7,2011-01-14,0,11.32,2.911,191.4784939,8.818,0.17,74.2,129.2035450617188
25,2011-01-14,0,18.3,3.205,204.7026042,7.343,0.17,74.2,130.82210236518785
43,2011-01-14,0,43.45,2.983,203.4840645,10.398,0.17,74.2,133.46656858908122
5,2011-01-14,0,37.74,2.983,212.008514,6.634,0.17,74.2,104.96960521930696
26,2011-01-14,0,16.7,3.215,132.9510645,7.907,0.17,74.2,144.22721820235142
37,2011-01-14,0,42.87,2.983,210.2379731,8.395,0.17,74.2,127.74838348306537
17,2011-01-14,0,16.57,2.903,127.3009355,6.866,0.17,74.2,141.50180026990736
9,2011-01-14,0,36.43,2.983,214.9749587,6.416,0.17,74.2,122.93466387894357
3,2011-01-14,0,44.76,2.983,214.7470729,7.551,0.17,74.2,116.7650967594943
27,2011-01-14,0,25.7,3.367,136.803477,7.827,0.17,74.2,172.02177877054802
16,2011-01-14,0,17.46,2.911,191.4784939,6.614,0.17,74.2,123.8467177504736
34,2011-01-14,0,30.75,2.992,127.3009355,10.398,0.17,74.2,148.33475520129986
1,2011-01-14,0,35.4,2.983,211.4574109,7.742,0.17,74.2,167.46955749028191
6,2011-01-14,0,38.37,2.983,212.9655882,6.858,0.17,74.2,164.5725765633469
35,2011-01-14,0,25.7,3.205,136.803477,8.549,0.17,74.2,137.69027395659785
38,2011-01-14,0,43.15,3.312,127.3009355,14.021,0.17,74.2,114.57465812127687
31,2011-01-14,0,34.14,2.983,211.1176713,8.028,0.17,74.2,166.11022371443246
23,2011-01-14,0,18.2,3.215,132.9510645,5.114,0.17,74.2,153.51620327521482
42,2011-01-14,0,49.98,3.312,127.3009355,8.744,0.17,74.2,133.40353701681113
12,2011-01-14,0,43.15,3.312,127.3009355,14.021,0.17,74.2,144.21182656645308
29,2011-01-14,0,24.76,3.215,132.9510645,10.256,0.17,74.2,120.53569098612083
24,2011-01-14,0,22.41,3.367,132.9510645,8.252,0.17,74.2,159.53412795238032
19,2011-01-14,0,21.68,3.367,132.9510645,7.771,0.17,74.2,160.04263651499207
4,2011-01-14,0,31.6,2.992,127.3009355,6.51,0.17,74.2,181.65703531994242
40,2011-01-14,0,18.55,3.215,132.9510645,5.114,0.17,74.2,142.1628060148123
20,2011-01-14,0,20.39,3.205,204.7026042,7.343,0.17,74.2,182.16312883356835
11,2011-01-14,0,45.34,2.983,214.7470729,7.551,0.17,74.2,160.53876646797883
15,2011-01-14,0,19.53,3.367,132.9510645,7.771,0.17,74.2,124.50851436378125
13,2011-01-14,0,20.6,2.903,127.3009355,7.47,0.17,74.2,176.5313639369445
45,2011-01-14,0,24.78,3.205,182.6585782,8.549,0.17,74.2,135.77864727187276
23,2011-01-21,0,15.58,3.232,133.0285161,5.114,0.17,74.2,157.33147672663793
14,2011-01-21,0,30.55,3.229,182.9193368,8.549,0.17,74.2,178.27786029863708
21,2011-01-21,0,42.72,3.016,211.4864691,8.028,0.17,74.2,136.3496293158076
10,2011-01-21,0,56.75,3.336,127.4404839,8.744,0.17,74.2,176.39286117055624
1,2011-01-21,0,44.04,3.016,211.8272343,7.742,0.17,74.2,165.30959269729107
40,2011-01-21,0,14.64,3.232,133.0285161,5.114,0.17,74.2,141.78692486758243
12,2011-01-21,0,53.53,3.223,127.4404839,14.021,0.17,74.2,143.72006734637117
22,2011-01-21,0,26.8,3.232,136.8870657,8.458,0.17,74.2,146.29657520385047
29,2011-01-21,0,26.8,3.232,133.0285161,10.256,0.17,74.2,121.95305673442918
18,2011-01-21,0,22.55,3.232,133.0285161,9.131,0.17,74.2,147.99120191088
7,2011-01-21,0,25.4,2.973,191.5731924,8.818,0.17,74.2,127.4709493497725
17,2011-01-21,0,26.62,2.934,127.4404839,6.866,0.17,74.2,141.3610782980392
6,2011-01-21,0,46.2,3.016,213.3399647,6.858,0.17,74.2,162.98169705704615
35,2011-01-21,0,30.13,3.229,136.8870657,8.549,0.17,74.2,136.117932464492
45,2011-01-21,0,30.55,3.229,182.9193368,8.549,0.17,74.2,135.2123836336657
44,2011-01-21,0,34.8,2.934,127.4404839,7.224,0.17,74.2,106.68842474735743
36,2011-01-21,0,51.18,2.98,210.6031072,8.395,0.17,74.2,118.29379943672076
24,2011-01-21,0,23.69,3.391,133.0285161,8.252,0.17,74.2,157.19224055142521
11,2011-01-21,0,51.51,3.016,215.1268275,7.551,0.17,74.2,160.2892963665339
33,2011-01-21,0,59.46,3.336,127.4404839,8.951,0.17,74.2,103.14382713712439
2,2011-01-21,0,41.4,3.016,211.4864691,8.028,0.17,74.2,178.50960197020046
13,2011-01-21,0,34.8,2.934,127.4404839,7.47,0.17,74.2,179.0379887801783
34,2011-01-21,0,39.57,3.017,127.4404839,10.398,0.17,74.2,147.98551385642733
25,2011-01-21,0,23.21,3.229,205.0460497,7.343,0.17,74.2,130.5492596666685
28,2011-01-21,0,53.53,3.223,127.4404839,14.021,0.17,74.2,156.09801409522055
5,2011-01-21,0,45.41,3.016,212.3800012,6.634,0.17,74.2,106.59674466052138
38,2011-01-21,0,53.53,3.223,127.4404839,14.021,0.17,74.2,113.19812528355634
37,2011-01-21,0,51.18,3.016,210.6031072,8.395,0.17,74.2,127.80737081001979
20,2011-01-21,0,27.43,3.229,205.0460497,7.343,0.17,74.2,179.3628967757222
3,2011-01-21,0,50.74,3.016,215.1268275,7.551,0.17,74.2,114.09797284354225
39,2011-01-21,0,50.25,3.016,210.6031072,8.395,0.17,74.2,162.33718025801605
42,2011-01-21,0,56.75,3.336,127.4404839,8.744,0.17,74.2,128.2746127311459
30,2011-01-21,0,42.72,3.016,211.4864691,8.028,0.17,74.2,121.49116342782857
31,2011-01-21,0,42.72,3.016,211.4864691,8.028,0.17,74.2,165.88596655756965
16,2011-01-21,0,28.6,2.973,191.5731924,6.614,0.17,74.2,123.29340239875735
27,2011-01-21,0,30.13,3.391,136.8870657,7.827,0.17,74.2,171.54466929648677
41,2011-01-21,0,32.7,2.973,191.5731924,7.241,0.17,74.2,156.43263889371892
32,2011-01-21,0,34.54,2.973,191.5731924,8.818,0.17,74.2,156.04497719887894
15,2011-01-21,0,21.84,3.391,133.0285161,7.771,0.17,74.2,125.07732413997242
43,2011-01-21,0,53.05,3.016,203.8315161,10.398,0.17,74.2,132.61620130298826
19,2011-01-21,0,22.8,3.391,133.0285161,7.771,0.17,74.2,161.22572457621087
4,2011-01-21,0,38.34,3.017,127.4404839,6.51,0.17,74.2,182.2179385770041
26,2011-01-21,0,12.98,3.232,133.0285161,7.907,0.17,74.2,144.10405558629625
8,2011-01-21,0,42.06,3.016,215.1729926,6.262,0.17,74.2,144.73596650666488
9,2011-01-21,0,44.72,3.016,215.3554013,6.416,0.17,74.2,122.62880032196352
36,2011-01-28,0,48.74,2.995,210.9682412,8.395,0.17,74.2,115.99632784269636
30,2011-01-28,0,44.04,3.01,211.8552668,8.028,0.17,74.2,120.4632962954149
16,2011-01-28,0,20.8,3.008,191.667891,6.614,0.17,74.2,122.20189089641467
33,2011-01-28,0,56.62,3.231,127.5800323,8.951,0.17,74.2,101.48777547521183
38,2011-01-28,0,50.74,3.342,127.5800323,14.021,0.17,74.2,114.70226739248878
6,2011-01-28,0,44.98,3.01,213.7143412,6.858,0.17,74.2,163.89929267308648
3,2011-01-28,0,48.71,3.01,215.5065821,7.551,0.17,74.2,115.35407297147259
35,2011-01-28,0,23.64,3.237,136.9706544,8.549,0.17,74.2,134.5651571541837
5,2011-01-28,0,44.5,3.01,212.7514884,6.634,0.17,74.2,107.00501274047285
29,2011-01-28,0,20.61,3.243,133.1059677,10.256,0.17,74.2,119.21597120764011
20,2011-01-28,0,23.21,3.237,205.3894952,7.343,0.17,74.2,178.79470595337798
17,2011-01-28,0,22.16,2.96,127.5800323,6.866,0.17,74.2,140.33765406141524
22,2011-01-28,0,20.61,3.243,136.9706544,8.458,0.17,74.2,143.5834524922375
45,2011-01-28,0,24.05,3.237,183.1800955,8.549,0.17,74.2,133.60360607659192
13,2011-01-28,0,31.64,2.96,127.5800323,7.47,0.17,74.2,175.10203630985464
9,2011-01-28,0,43.9,3.01,215.7358438,6.416,0.17,74.2,123.34349450853992
15,2011-01-28,0,19.61,3.402,133.1059677,7.771,0.17,74.2,124.63136126687192
31,2011-01-28,0,44.04,3.01,211.8552668,8.028,0.17,74.2,162.75548736967238
11,2011-01-28,0,51.04,3.01,215.5065821,7.551,0.17,74.2,156.925453113184
2,2011-01-28,0,42.83,3.01,211.8552668,8.028,0.17,74.2,176.90976857146535
44,2011-01-28,0,31.64,2.96,127.5800323,7.224,0.17,74.2,106.67254525981075
24,2011-01-28,0,17.91,3.402,133.1059677,8.252,0.17,74.2,157.965935927903
26,2011-01-28,0,5.54,3.243,133.1059677,7.907,0.17,74.2,144.48165647131998
28,2011-01-28,0,50.74,3.342,127.5800323,14.021,0.17,74.2,158.00244683652787
12,2011-01-28,0,50.74,3.342,127.5800323,14.021,0.17,74.2,147.15235504979165
23,2011-01-28,0,10.91,3.243,133.1059677,5.114,0.17,74.2,156.25795911600724
41,2011-01-28,0,32.23,3.008,191.667891,7.241,0.17,74.2,153.921049159533
4,2011-01-28,0,40.6,3.022,127.5800323,6.51,0.17,74.2,180.26108188436584
18,2011-01-28,0,14.84,3.243,133.1059677,9.131,0.17,74.2,146.03608265065307
32,2011-01-28,0,34.86,3.008,191.667891,8.818,0.17,74.2,153.09766228853016
37,2011-01-28,0,48.74,3.01,210.9682412,8.395,0.17,74.2,126.93116373958723
27,2011-01-28,0,23.64,3.402,136.9706544,7.827,0.17,74.2,168.46656585699304
7,2011-01-28,0,10.11,3.008,191.667891,8.818,0.17,74.2,126.9104478224954
39,2011-01-28,0,47.94,3.01,210.9682412,8.395,0.17,74.2,159.1902442666567
1,2011-01-28,0,43.83,3.01,212.1970577,7.742,0.17,74.2,164.94561707594943
19,2011-01-28,0,20.66,3.402,133.1059677,7.771,0.17,74.2,163.79854779576726
21,2011-01-28,0,44.04,3.01,211.8552668,8.028,0.17,74.2,135.53851566617297
8,2011-01-28,0,39.26,3.01,215.5528862,6.262,0.17,74.2,142.72127520202167
34,2011-01-28,0,34.68,3.022,127.5800323,10.398,0.17,74.2,145.4194887630203
42,2011-01-28,0,53.03,3.231,127.5800323,8.744,0.17,74.2,125.91390080379037
25,2011-01-28,0,18.92,3.237,205.3894952,7.343,0.17,74.2,132.58196980650632
43,2011-01-28,0,44.98,3.01,204.1789677,10.398,0.17,74.2,130.1931062694742
40,2011-01-28,0,9.51,3.243,133.1059677,5.114,0.17,74.2,142.3980398529666
14,2011-01-28,0,24.05,3.237,183.1800955,8.549,0.17,74.2,174.50713097988498
10,2011-01-28,0,53.03,3.231,127.5800323,8.744,0.17,74.2,177.4967502777592
8,2011-02-04,0,24.48,2.989,215.9327797,6.262,0.16,77.5,150.40731050778376
31,2011-02-04,0,36.33,2.989,212.2240646,8.028,0.16,77.5,169.1887281125142
4,2011-02-04,0,34.61,2.996,127.7195806,6.51,0.16,77.5,188.178797738396
12,2011-02-04,0,45.14,3.348,127.7195806,14.021,0.16,77.5,154.73317324504222
27,2011-02-04,0,28.7,3.4,137.0542431,7.827,0.16,77.5,174.93665950599936
23,2011-02-04,0,14.5,3.24,133.1834194,5.114,0.16,77.5,159.2184653074108
19,2011-02-04,0,21.02,3.4,133.1834194,7.771,0.16,77.5,166.78306713848986
35,2011-02-04,0,28.7,3.231,137.0542431,8.549,0.16,77.5,140.93095829528494
1,2011-02-04,0,42.27,2.989,212.5668812,7.742,0.16,77.5,174.2943980915495
38,2011-02-04,0,45.14,3.348,127.7195806,14.021,0.16,77.5,118.55427777401063
16,2011-02-04,0,13.64,3.011,191.7625895,6.614,0.16,77.5,124.49682839590223
34,2011-02-04,0,23.82,2.996,127.7195806,10.398,0.16,77.5,151.60482413169427
6,2011-02-04,0,40.59,2.989,214.0887176,6.858,0.16,77.5,171.48099231471
29,2011-02-04,0,26.39,3.24,133.1834194,10.256,0.16,77.5,126.26807012428938
45,2011-02-04,0,28.73,3.231,183.4408542,8.549,0.16,77.5,141.5501816292616
42,2011-02-04,0,44.88,3.348,127.7195806,8.744,0.16,77.5,131.73986458702285
17,2011-02-04,0,11.29,2.974,127.7195806,6.866,0.16,77.5,144.43825952578848
25,2011-02-04,0,23.94,3.231,205.7329407,7.343,0.16,77.5,134.95113520758912
26,2011-02-04,0,11.17,3.24,133.1834194,7.907,0.16,77.5,148.93729834561861
24,2011-02-04,0,23.83,3.4,133.1834194,8.252,0.16,77.5,161.67465857271165
21,2011-02-04,0,36.33,2.989,212.2240646,8.028,0.16,77.5,132.3207994141514
43,2011-02-04,0,33.21,2.989,204.5264194,10.398,0.16,77.5,135.63395997751522
37,2011-02-04,0,46.68,2.989,211.3333753,8.395,0.16,77.5,131.5484773701136
7,2011-02-04,0,-2.06,3.011,191.7625895,8.818,0.16,77.5,129.89969872747938
44,2011-02-04,0,23.35,2.974,127.7195806,7.224,0.16,77.5,108.57454782761879
10,2011-02-04,0,44.88,3.348,127.7195806,8.744,0.16,77.5,184.3677012797551
28,2011-02-04,0,45.14,3.348,127.7195806,14.021,0.16,77.5,173.0279615778821
39,2011-02-04,0,45.96,2.989,211.3333753,8.395,0.16,77.5,165.87250634718723
41,2011-02-04,0,14.56,3.011,191.7625895,7.241,0.16,77.5,159.97550243618034
14,2011-02-04,0,28.73,3.231,183.4408542,8.549,0.16,77.5,185.08596677429128
32,2011-02-04,0,15.47,3.011,191.7625895,8.818,0.16,77.5,155.72697412407666
3,2011-02-04,0,45.95,2.989,215.8863367,7.551,0.16,77.5,121.44348775132426
18,2011-02-04,0,20.79,3.24,133.1834194,9.131,0.16,77.5,155.13340176645238
36,2011-02-04,0,46.68,2.98,211.3333753,8.395,0.16,77.5,119.78882422798873
40,2011-02-04,0,13.29,3.24,133.1834194,5.114,0.16,77.5,148.5935709795137
9,2011-02-04,0,31.82,2.989,216.1162864,6.416,0.16,77.5,129.02056958100394
20,2011-02-04,0,28.58,3.231,205.7329407,7.343,0.16,77.5,193.66561499669461
5,2011-02-04,0,41.67,2.989,213.1229755,6.634,0.16,77.5,112.11693246184622
30,2011-02-04,0,36.33,2.989,212.2240646,8.028,0.16,77.5,125.33900623435702
33,2011-02-04,0,49.26,3.348,127.7195806,8.951,0.16,77.5,101.86399461695311
15,2011-02-04,0,20.69,3.4,133.1834194,7.771,0.16,77.5,129.80367427318754
22,2011-02-04,0,26.39,3.24,137.0542431,8.458,0.16,77.5,150.47217216659365
13,2011-02-04,0,23.35,2.974,127.7195806,7.47,0.16,77.5,181.18865178859892
2,2011-02-04,0,38.25,2.989,212.2240646,8.028,0.16,77.5,183.35707089413128
11,2011-02-04,0,47.17,2.989,215.8863367,7.551,0.16,77.5,168.5136992358512
28,2011-02-11,1,51.3,3.381,127.859129,14.021,0.16,77.5,167.679123284567
4,2011-02-11,1,33.29,3.033,127.859129,6.51,0.16,77.5,189.84843925568086
43,2011-02-11,1,40.65,3.022,204.873871,10.398,0.16,77.5,134.7048298910128
23,2011-02-11,1,21.52,3.255,133.260871,5.114,0.16,77.5,162.5691850195527
3,2011-02-11,1,43.57,3.022,216.2660913,7.551,0.16,77.5,120.82069567432016
22,2011-02-11,1,28.89,3.255,137.1378318,8.458,0.16,77.5,153.19862117579896
42,2011-02-11,1,51.51,3.381,127.859129,8.744,0.16,77.5,134.25467331243127
18,2011-02-11,1,24.3,3.255,133.260871,9.131,0.16,77.5,157.77617653498214
20,2011-02-11,1,25.38,3.239,206.0763862,7.343,0.16,77.5,190.4112607271519
27,2011-02-11,1,30.45,3.416,137.1378318,7.827,0.16,77.5,175.17806022282795
5,2011-02-11,1,38.25,3.022,213.4944627,6.634,0.16,77.5,110.36354186028737
41,2011-02-11,1,16.81,3.037,191.8572881,7.241,0.16,77.5,158.85769652262553
1,2011-02-11,1,36.39,3.022,212.9367046,7.742,0.16,77.5,175.57404419712722
45,2011-02-11,1,30.3,3.239,183.7016129,8.549,0.16,77.5,141.91290138148545
21,2011-02-11,1,34.61,3.022,212.5928624,8.028,0.16,77.5,142.19321662595254
25,2011-02-11,1,21.18,3.239,206.0763862,7.343,0.16,77.5,133.51052750874243
2,2011-02-11,1,33.19,3.022,212.5928624,8.028,0.16,77.5,189.37149116856668
44,2011-02-11,1,30.83,3.034,127.859129,7.224,0.16,77.5,109.95400596525116
26,2011-02-11,1,15.12,3.255,133.260871,7.907,0.16,77.5,153.2620564869369
6,2011-02-11,1,39.38,3.022,214.4630941,6.858,0.16,77.5,170.59408518733966
19,2011-02-11,1,21.79,3.416,133.260871,7.771,0.16,77.5,168.7859001211836
24,2011-02-11,1,26.51,3.416,133.260871,8.252,0.16,77.5,165.78571343805814
40,2011-02-11,1,16.87,3.255,133.260871,5.114,0.16,77.5,149.84439592172376
14,2011-02-11,1,30.3,3.239,183.7016129,8.549,0.16,77.5,184.6874034199509
39,2011-02-11,1,40.34,3.022,211.6985093,8.395,0.16,77.5,161.77389007348
30,2011-02-11,1,34.61,3.022,212.5928624,8.028,0.16,77.5,123.88757807812715
33,2011-02-11,1,53.35,3.381,127.859129,8.951,0.16,77.5,106.69286426606318
35,2011-02-11,1,30.45,3.239,137.1378318,8.549,0.16,77.5,146.49883463859987
34,2011-02-11,1,28.66,3.033,127.859129,10.398,0.16,77.5,153.46997582540436
29,2011-02-11,1,28.89,3.255,133.260871,10.256,0.16,77.5,129.40095604768024
8,2011-02-11,1,28.26,3.022,216.3126733,6.262,0.16,77.5,152.645183925896
9,2011-02-11,1,34.13,3.022,216.496729,6.416,0.16,77.5,129.7208351870699
15,2011-02-11,1,21.64,3.416,133.260871,7.771,0.16,77.5,131.48742462486427
10,2011-02-11,1,51.51,3.381,127.859129,8.744,0.16,77.5,188.0883903497253
12,2011-02-11,1,51.3,3.381,127.859129,14.021,0.16,77.5,156.36854673206193
16,2011-02-11,1,15.02,3.037,191.8572881,6.614,0.16,77.5,123.5841874478137
17,2011-02-11,1,14.19,3.034,127.859129,6.866,0.16,77.5,144.27108169028466
7,2011-02-11,1,10.24,3.037,191.8572881,8.818,0.16,77.5,130.02136193399193
38,2011-02-11,1,51.3,3.381,127.859129,14.021,0.16,77.5,116.47351889014443
31,2011-02-11,1,34.61,3.022,212.5928624,8.028,0.16,77.5,172.23678271956305
32,2011-02-11,1,18.51,3.037,191.8572881,8.818,0.16,77.5,157.8660529295663
37,2011-02-11,1,41.16,3.022,211.6985093,8.395,0.16,77.5,127.53742341911878
36,2011-02-11,1,41.16,3.009,211.6985093,8.395,0.16,77.5,118.48493202773018
13,2011-02-11,1,30.83,3.034,127.859129,7.47,0.16,77.5,183.7529531980715
11,2011-02-11,1,44.61,3.022,216.2660913,7.551,0.16,77.5,168.40491818138258
28,2011-02-18,0,53.35,3.43,127.99525,14.021,0.16,77.5,171.47564787484578
10,2011-02-18,0,61.77,3.43,127.99525,8.744,0.16,77.5,187.87964829172742
2,2011-02-18,0,57.83,3.045,212.9033115,8.028,0.16,77.5,187.23408580468833
21,2011-02-18,0,59.87,3.045,212.9033115,8.028,0.16,77.5,147.6926960602303
4,2011-02-18,0,48.17,3.058,127.99525,6.51,0.16,77.5,192.87223424894668
25,2011-02-18,0,38.42,3.245,206.3694701,7.343,0.16,77.5,134.64489781187544
27,2011-02-18,0,39.32,3.42,137.2511849,7.827,0.16,77.5,177.31301449613537
44,2011-02-18,0,40.85,3.062,127.99525,7.224,0.16,77.5,107.1872711134893
36,2011-02-18,0,57.48,3.017,212.0063522,8.395,0.16,77.5,120.5569851584877
35,2011-02-18,0,39.32,3.245,137.2511849,8.549,0.16,77.5,146.78491283043138
1,2011-02-18,0,57.36,3.045,213.2478853,7.742,0.16,77.5,176.6628034053655
45,2011-02-18,0,40.7,3.245,183.9371353,8.549,0.16,77.5,143.72744221220748
7,2011-02-18,0,17.3,3.051,191.9178331,8.818,0.16,77.5,130.82380102704312
18,2011-02-18,0,31.59,3.263,133.3701429,9.131,0.16,77.5,156.7128021083272
20,2011-02-18,0,42.95,3.245,206.3694701,7.343,0.16,77.5,191.5273690898241
38,2011-02-18,0,53.35,3.43,127.99525,14.021,0.16,77.5,115.33109152914162
9,2011-02-18,0,58.5,3.045,216.8154856,6.416,0.16,77.5,133.22669327409915
17,2011-02-18,0,26.86,3.062,127.99525,6.866,0.16,77.5,146.57962300919115
42,2011-02-18,0,61.77,3.43,127.99525,8.744,0.16,77.5,129.7993951107046
15,2011-02-18,0,33.06,3.42,133.3701429,7.771,0.16,77.5,135.5452121603844
34,2011-02-18,0,45.12,3.058,127.99525,10.398,0.16,77.5,155.4098017760707
31,2011-02-18,0,59.87,3.045,212.9033115,8.028,0.16,77.5,172.23162191514754
40,2011-02-18,0,21.82,3.263,133.3701429,5.114,0.16,77.5,151.46426059917152
33,2011-02-18,0,62.03,3.43,127.99525,8.951,0.16,77.5,104.02115389130516
30,2011-02-18,0,59.87,3.045,212.9033115,8.028,0.16,77.5,119.75260568290226
5,2011-02-18,0,58.83,3.045,213.8068304,6.634,0.16,77.5,114.61822845076553
22,2011-02-18,0,35.34,3.263,137.2511849,8.458,0.16,77.5,151.77935639185935
43,2011-02-18,0,59.15,3.045,205.1683214,10.398,0.16,77.5,134.16902082110082
37,2011-02-18,0,57.48,3.045,212.0063522,8.395,0.16,77.5,128.50404968811085
11,2011-02-18,0,61.5,3.045,216.5843571,7.551,0.16,77.5,172.71622363744052
13,2011-02-18,0,40.85,3.062,127.99525,7.47,0.16,77.5,185.28044494303904
16,2011-02-18,0,27.18,3.051,191.9178331,6.614,0.16,77.5,125.35389524454314
23,2011-02-18,0,26.6,3.263,133.3701429,5.114,0.16,77.5,166.76313441268312
12,2011-02-18,0,53.35,3.43,127.99525,14.021,0.16,77.5,158.0267690558086
14,2011-02-18,0,40.7,3.245,183.9371353,8.549,0.16,77.5,185.6773057646376
3,2011-02-18,0,61.58,3.045,216.5843571,7.551,0.16,77.5,120.99737462326954
32,2011-02-18,0,42.09,3.051,191.9178331,8.818,0.16,77.5,160.12998113323147
8,2011-02-18,0,50.64,3.045,216.6310383,6.262,0.16,77.5,155.5104361429551
24,2011-02-18,0,34.04,3.42,133.3701429,8.252,0.16,77.5,166.43070553460618
26,2011-02-18,0,19.63,3.263,133.3701429,7.907,0.16,77.5,152.03867384910444
19,2011-02-18,0,34.74,3.42,133.3701429,7.771,0.16,77.5,169.6442077765839
6,2011-02-18,0,59.61,3.045,214.7775231,6.858,0.16,77.5,173.24881754431416
29,2011-02-18,0,35.34,3.263,133.3701429,10.256,0.16,77.5,128.88265301086662
39,2011-02-18,0,58.2,3.045,212.0063522,8.395,0.16,77.5,165.57943602382562
41,2011-02-18,0,39.39,3.051,191.9178331,7.241,0.16,77.5,160.8717380210526
33,2011-02-25,0,54.89,3.398,128.13,8.951,0.16,77.5,102.91168903989507
39,2011-02-25,0,67.77,3.065,212.2912786,8.395,0.16,77.5,162.2483688788367
4,2011-02-25,0,49.0,3.087,128.13,6.51,0.16,77.5,187.1645925175618
36,2011-02-25,0,67.73,3.053,212.2912786,8.395,0.16,77.5,116.69800644501814
5,2011-02-25,0,63.35,3.065,214.0955503,6.634,0.16,77.5,108.6476840859054
45,2011-02-25,0,35.78,3.274,184.1625632,8.549,0.16,77.5,140.19848460939767
22,2011-02-25,0,30.23,3.281,137.3764439,8.458,0.16,77.5,148.91178680069223
42,2011-02-25,0,53.59,3.398,128.13,8.744,0.16,77.5,127.83563907677367
2,2011-02-25,0,60.8,3.065,213.190421,8.028,0.16,77.5,180.78917888922072
44,2011-02-25,0,33.17,3.12,128.13,7.224,0.16,77.5,107.0415359990502
8,2011-02-25,0,51.29,3.065,216.9247918,6.262,0.16,77.5,149.1870036951702
28,2011-02-25,0,48.45,3.53,128.13,14.021,0.16,77.5,164.76808483637447
13,2011-02-25,0,33.17,3.12,128.13,7.47,0.16,77.5,180.74611031028533
16,2011-02-25,0,26.15,3.101,191.9647167,6.614,0.16,77.5,124.20117011574236
35,2011-02-25,0,33.05,3.274,137.3764439,8.549,0.16,77.5,145.63238664520262
24,2011-02-25,0,26.09,3.452,133.4921429,8.252,0.16,77.5,162.03757751813768
41,2011-02-25,0,26.1,3.101,191.9647167,7.241,0.16,77.5,156.89757608231824
19,2011-02-25,0,23.24,3.452,133.4921429,7.771,0.16,77.5,164.2383815061577
11,2011-02-25,0,68.74,3.065,216.8780275,7.551,0.16,77.5,165.19182320506235
38,2011-02-25,0,48.45,3.53,128.13,14.021,0.16,77.5,114.40255209120521
27,2011-02-25,0,33.05,3.452,137.3764439,7.827,0.16,77.5,176.72349095325
30,2011-02-25,0,61.27,3.065,213.190421,8.028,0.16,77.5,120.99001589274953
31,2011-02-25,0,61.27,3.065,213.190421,8.028,0.16,77.5,166.61803076028608
14,2011-02-25,0,35.78,3.274,184.1625632,8.549,0.16,77.5,181.93163028148976
29,2011-02-25,0,30.23,3.281,133.4921429,10.256,0.16,77.5,124.8148577080739
6,2011-02-25,0,62.86,3.065,215.0679731,6.858,0.16,77.5,168.5154853185168
20,2011-02-25,0,33.2,3.274,206.6424093,7.343,0.16,77.5,183.60028803436762
26,2011-02-25,0,16.3,3.281,133.4921429,7.907,0.16,77.5,148.8687415958975
34,2011-02-25,0,44.57,3.087,128.13,10.398,0.16,77.5,150.79272501511855
1,2011-02-25,0,62.9,3.065,213.535609,7.742,0.16,77.5,169.62904165502266
32,2011-02-25,0,33.0,3.101,191.9647167,8.818,0.16,77.5,155.08903807490788
9,2011-02-25,0,59.01,3.065,217.1095679,6.416,0.16,77.5,126.89215507946402
21,2011-02-25,0,61.27,3.065,213.190421,8.028,0.16,77.5,142.0085767623881
17,2011-02-25,0,24.36,3.12,128.13,6.866,0.16,77.5,141.9541476952218
7,2011-02-25,0,17.46,3.101,191.9647167,8.818,0.16,77.5,129.1578049494106
12,2011-02-25,0,48.45,3.53,128.13,14.021,0.16,77.5,154.73874290781737
15,2011-02-25,0,20.87,3.452,133.4921429,7.771,0.16,77.5,129.2153472207983
18,2011-02-25,0,26.15,3.281,133.4921429,9.131,0.16,77.5,153.06251699639145
10,2011-02-25,0,53.59,3.398,128.13,8.744,0.16,77.5,184.3664256687524
3,2011-02-25,0,67.4,3.065,216.8780275,7.551,0.16,77.5,118.12935130721843
37,2011-02-25,0,67.73,3.065,212.2912786,8.395,0.16,77.5,127.00602258048058
43,2011-02-25,0,58.37,3.065,205.4415714,10.398,0.16,77.5,132.0801845884803
40,2011-02-25,0,16.5,3.281,133.4921429,5.114,0.16,77.5,147.88584210022245
23,2011-02-25,0,17.0,3.281,133.4921429,5.114,0.16,77.5,161.0021117858614
25,2011-02-25,0,28.36,3.274,206.6424093,7.343,0.16,77.5,130.72352150488197
23,2011-03-04,0,20.67,3.437,133.6141429,5.114,0.14,67.5,164.39724754650777
31,2011-03-04,0,59.52,3.288,213.4775305,8.028,0.14,67.5,168.19018678068403
14,2011-03-04,0,38.65,3.433,184.3879911,8.549,0.14,67.5,186.23959904592616
33,2011-03-04,0,59.51,3.674,128.26475,8.951,0.14,67.5,103.21235316648239
39,2011-03-04,0,63.56,3.288,212.576205,8.395,0.14,67.5,164.92775992383818
26,2011-03-04,0,14.31,3.437,133.6141429,7.907,0.14,67.5,150.45369658209717
29,2011-03-04,0,33.52,3.437,133.6141429,10.256,0.14,67.5,128.4499677000733
40,2011-03-04,0,18.49,3.437,133.6141429,5.114,0.14,67.5,151.8271294673575
41,2011-03-04,0,34.99,3.232,192.0116004,7.241,0.14,67.5,161.8237340112118
19,2011-03-04,0,29.28,3.605,133.6141429,7.771,0.14,67.5,168.87474411133402
5,2011-03-04,0,60.35,3.288,214.3842702,6.634,0.14,67.5,112.0616512583184
8,2011-03-04,0,53.18,3.288,217.2185454,6.262,0.14,67.5,149.99291616923614
22,2011-03-04,0,33.52,3.437,137.5017028,8.458,0.14,67.5,152.69650474078736
43,2011-03-04,0,60.26,3.288,205.7148214,10.398,0.14,67.5,133.5515342613396
32,2011-03-04,0,39.17,3.232,192.0116004,8.818,0.14,67.5,157.17951360222355
11,2011-03-04,0,66.5,3.288,217.1716979,7.551,0.14,67.5,167.7508136716227
37,2011-03-04,0,64.55,3.288,212.576205,8.395,0.14,67.5,127.88087188066842
3,2011-03-04,0,65.11,3.288,217.1716979,7.551,0.14,67.5,121.33248305846315
13,2011-03-04,0,34.23,3.23,128.26475,7.47,0.14,67.5,182.44663376005187
16,2011-03-04,0,31.77,3.232,192.0116004,6.614,0.14,67.5,124.89904950679582
24,2011-03-04,0,31.36,3.605,133.6141429,8.252,0.14,67.5,165.98267353247527
6,2011-03-04,0,60.45,3.288,215.3584231,6.858,0.14,67.5,171.09140788926825
12,2011-03-04,0,51.72,3.674,128.26475,14.021,0.14,67.5,156.321625000223
30,2011-03-04,0,59.52,3.288,213.4775305,8.028,0.14,67.5,121.81504596405254
28,2011-03-04,0,51.72,3.674,128.26475,14.021,0.14,67.5,177.7246630802884
15,2011-03-04,0,28.16,3.605,133.6141429,7.771,0.14,67.5,130.8866963919939
18,2011-03-04,0,28.49,3.437,133.6141429,9.131,0.14,67.5,155.43747302650635
42,2011-03-04,0,56.96,3.674,128.26475,8.744,0.14,67.5,130.72752726865028
7,2011-03-04,0,21.84,3.232,192.0116004,8.818,0.14,67.5,129.46590711980366
2,2011-03-04,0,57.77,3.288,213.4775305,8.028,0.14,67.5,184.7184381089581
17,2011-03-04,0,24.21,3.23,128.26475,6.866,0.14,67.5,144.4153825539466
9,2011-03-04,0,60.67,3.288,217.4036503,6.416,0.14,67.5,128.84862695337367
38,2011-03-04,0,51.72,3.674,128.26475,14.021,0.14,67.5,118.80810635864408
1,2011-03-04,0,59.58,3.288,213.8233327,7.742,0.14,67.5,175.1792063054746
34,2011-03-04,0,46.21,3.305,128.26475,10.398,0.14,67.5,151.25599902787872
45,2011-03-04,0,38.65,3.433,184.3879911,8.549,0.14,67.5,141.67654278707676
35,2011-03-04,0,36.99,3.433,137.5017028,8.549,0.14,67.5,146.07947089796065
25,2011-03-04,0,31.59,3.433,206.9153485,7.343,0.14,67.5,135.01469286495944
20,2011-03-04,0,37.33,3.433,206.9153485,7.343,0.14,67.5,188.77423389722992
44,2011-03-04,0,34.23,3.23,128.26475,7.224,0.14,67.5,108.57780763113722
21,2011-03-04,0,59.52,3.288,213.4775305,8.028,0.14,67.5,143.4286993579564
4,2011-03-04,0,46.56,3.305,128.26475,6.51,0.14,67.5,187.7937746171479
27,2011-03-04,0,36.99,3.605,137.5017028,7.827,0.14,67.5,175.76588593450418
10,2011-03-04,0,56.96,3.674,128.26475,8.744,0.14,67.5,184.1068400125336
36,2011-03-04,0,64.55,3.282,212.576205,8.395,0.14,67.5,118.57390005893106
36,2011-03-11,0,59.15,3.448,212.8611313,8.395,0.14,67.5,118.97808782253323
25,2011-03-11,0,36.73,3.582,207.1882876,7.343,0.14,67.5,132.54375912493526
37,2011-03-11,0,59.15,3.459,212.8611313,8.395,0.14,67.5,126.37172191195792
4,2011-03-11,0,50.93,3.461,128.3995,6.51,0.14,67.5,186.20431616058434
22,2011-03-11,0,41.42,3.6,137.6269617,8.458,0.14,67.5,150.40697632159032
43,2011-03-11,0,60.24,3.459,205.9880714,10.398,0.14,67.5,134.31202093204902
3,2011-03-11,0,61.29,3.459,217.4653683,7.551,0.14,67.5,118.75264439491464
10,2011-03-11,0,64.22,3.63,128.3995,8.744,0.14,67.5,183.46543889151323
15,2011-03-11,0,34.27,3.752,133.7361429,7.771,0.14,67.5,128.51704892840448
2,2011-03-11,0,52.7,3.459,213.7646401,8.028,0.14,67.5,182.02282047886072
16,2011-03-11,0,29.36,3.372,192.058484,6.614,0.14,67.5,122.89096844781402
42,2011-03-11,0,64.22,3.63,128.3995,8.744,0.14,67.5,133.00177923115257
32,2011-03-11,0,36.51,3.372,192.058484,8.818,0.14,67.5,156.96660636452432
9,2011-03-11,0,54.75,3.459,217.6977326,6.416,0.14,67.5,127.2139871357811
8,2011-03-11,0,49.14,3.459,217.512299,6.262,0.14,67.5,148.416262872791
38,2011-03-11,0,57.75,3.818,128.3995,14.021,0.14,67.5,114.73280381097378
20,2011-03-11,0,39.53,3.582,207.1882876,7.343,0.14,67.5,184.95858730665387
44,2011-03-11,0,41.28,3.346,128.3995,7.224,0.14,67.5,107.58290230323193
21,2011-03-11,0,54.69,3.459,213.7646401,8.028,0.14,67.5,141.75928569255046
26,2011-03-11,0,28.13,3.6,133.7361429,7.907,0.14,67.5,150.49664191191928
14,2011-03-11,0,45.01,3.582,184.613419,8.549,0.14,67.5,183.4033108461799
33,2011-03-11,0,66.51,3.63,128.3995,8.951,0.14,67.5,106.11659875428562
27,2011-03-11,0,43.64,3.752,137.6269617,7.827,0.14,67.5,174.4933888474009
13,2011-03-11,0,41.28,3.346,128.3995,7.47,0.14,67.5,181.3037983221526
31,2011-03-11,0,54.69,3.459,213.7646401,8.028,0.14,67.5,167.95377802974377
19,2011-03-11,0,35.59,3.752,133.7361429,7.771,0.14,67.5,166.13478110559592
6,2011-03-11,0,57.71,3.459,215.6488731,6.858,0.14,67.5,170.8346143179796
17,2011-03-11,0,32.42,3.346,128.3995,6.866,0.14,67.5,142.5863158839044
18,2011-03-11,0,38.4,3.6,133.7361429,9.131,0.14,67.5,152.92414363511486
39,2011-03-11,0,58.35,3.459,212.8611313,8.395,0.14,67.5,163.78196020008525
41,2011-03-11,0,31.6,3.372,192.058484,7.241,0.14,67.5,159.20516157811872
34,2011-03-11,0,45.87,3.461,128.3995,10.398,0.14,67.5,150.3788375027349
45,2011-03-11,0,45.01,3.582,184.613419,8.549,0.14,67.5,139.1397351567613
24,2011-03-11,0,39.51,3.752,133.7361429,8.252,0.14,67.5,162.69294859019746
11,2011-03-11,0,63.29,3.459,217.4653683,7.551,0.14,67.5,164.86419217985568
7,2011-03-11,0,20.7,3.372,192.058484,8.818,0.14,67.5,129.9604624127962
30,2011-03-11,0,54.69,3.459,213.7646401,8.028,0.14,67.5,121.44451592898889
1,2011-03-11,0,53.56,3.459,214.1110564,7.742,0.14,67.5,172.66831865815738
5,2011-03-11,0,55.74,3.459,214.6729901,6.634,0.14,67.5,108.48585952628584
28,2011-03-11,0,57.75,3.818,128.3995,14.021,0.14,67.5,167.12886017764274
12,2011-03-11,0,57.75,3.818,128.3995,14.021,0.14,67.5,152.71009477950636
35,2011-03-11,0,43.64,3.582,137.6269617,8.549,0.14,67.5,145.12295810225683
40,2011-03-11,0,30.53,3.6,133.7361429,5.114,0.14,67.5,146.54611649343857
23,2011-03-11,0,29.36,3.6,133.7361429,5.114,0.14,67.5,154.56756404895722
29,2011-03-11,0,41.42,3.6,133.7361429,10.256,0.14,67.5,125.51406150346662
1,2011-03-18,0,62.76,3.488,214.3627114,7.742,0.14,67.5,173.39220265974785
31,2011-03-18,0,63.26,3.488,214.0156238,8.028,0.14,67.5,168.6125837671425
40,2011-03-18,0,35.76,3.634,133.8492258,5.114,0.14,67.5,147.05407557201653
4,2011-03-18,0,51.86,3.495,128.5121935,6.51,0.14,67.5,188.114633265832
33,2011-03-18,0,72.72,3.892,128.5121935,8.951,0.14,67.5,103.42434956021009
25,2011-03-18,0,40.94,3.631,207.4283845,7.343,0.14,67.5,132.76298826361108
30,2011-03-18,0,63.26,3.488,214.0156238,8.028,0.14,67.5,120.42230072280584
36,2011-03-18,0,64.9,3.487,213.1096787,8.395,0.14,67.5,120.89016731066182
10,2011-03-18,0,70.12,3.892,128.5121935,8.744,0.14,67.5,182.17354611360608
32,2011-03-18,0,45.25,3.406,192.1237981,8.818,0.14,67.5,156.93918601987258
45,2011-03-18,0,46.66,3.631,184.809719,8.549,0.14,67.5,140.1903956572326
27,2011-03-18,0,46.65,3.796,137.7398929,7.827,0.14,67.5,174.83055182300905
12,2011-03-18,0,64.21,3.692,128.5121935,14.021,0.14,67.5,153.21109151026775
37,2011-03-18,0,64.9,3.488,213.1096787,8.395,0.14,67.5,124.44163676343209
8,2011-03-18,0,56.68,3.488,217.7705442,6.262,0.14,67.5,148.32000995410732
42,2011-03-18,0,70.12,3.892,128.5121935,8.744,0.14,67.5,129.91343784110646
28,2011-03-18,0,64.21,3.692,128.5121935,14.021,0.14,67.5,163.87734902191818
2,2011-03-18,0,62.32,3.488,214.0156238,8.028,0.14,67.5,182.64881109987593
38,2011-03-18,0,64.21,3.692,128.5121935,14.021,0.14,67.5,113.96874216670207
35,2011-03-18,0,46.65,3.631,137.7398929,8.549,0.14,67.5,143.6480825855016
39,2011-03-18,0,65.28,3.488,213.1096787,8.395,0.14,67.5,166.031033716436
23,2011-03-18,0,37.28,3.634,133.8492258,5.114,0.14,67.5,160.88223656817698
44,2011-03-18,0,44.69,3.407,128.5121935,7.224,0.14,67.5,107.28507272649406
6,2011-03-18,0,65.07,3.488,215.9035078,6.858,0.14,67.5,176.62022389432846
3,2011-03-18,0,69.47,3.488,217.7235226,7.551,0.14,67.5,117.70283328078916
34,2011-03-18,0,55.58,3.495,128.5121935,10.398,0.14,67.5,153.40966368826534
13,2011-03-18,0,44.69,3.407,128.5121935,7.47,0.14,67.5,181.30410179856338
21,2011-03-18,0,63.26,3.488,214.0156238,8.028,0.14,67.5,143.29274395262027
19,2011-03-18,0,40.32,3.796,133.8492258,7.771,0.14,67.5,162.86395150374912
5,2011-03-18,0,64.31,3.488,214.9257339,6.634,0.14,67.5,110.42181202388835
22,2011-03-18,0,43.38,3.634,137.7398929,8.458,0.14,67.5,149.59745816512896
29,2011-03-18,0,43.38,3.634,133.8492258,10.256,0.14,67.5,125.52990067799973
17,2011-03-18,0,34.48,3.407,128.5121935,6.866,0.14,67.5,142.5269470567158
7,2011-03-18,0,27.69,3.406,192.1237981,8.818,0.14,67.5,134.6672285097795
26,2011-03-18,0,31.76,3.634,133.8492258,7.907,0.14,67.5,147.81903060971442
18,2011-03-18,0,41.12,3.634,133.8492258,9.131,0.14,67.5,150.46459400936578
16,2011-03-18,0,36.5,3.406,192.1237981,6.614,0.14,67.5,125.79338589476038
24,2011-03-18,0,43.39,3.796,133.8492258,8.252,0.14,67.5,159.55904208149013
11,2011-03-18,0,70.17,3.488,217.7235226,7.551,0.14,67.5,167.4962515291075
14,2011-03-18,0,46.66,3.631,184.809719,8.549,0.14,67.5,183.43975520132943
9,2011-03-18,0,63.82,3.488,217.9563371,6.416,0.14,67.5,127.0382462539942
41,2011-03-18,0,40.19,3.406,192.1237981,7.241,0.14,67.5,157.51991625921863
43,2011-03-18,0,68.98,3.488,206.225924,10.398,0.14,67.5,134.6764711040401
15,2011-03-18,0,40.23,3.796,133.8492258,7.771,0.14,67.5,129.47741176603768
20,2011-03-18,0,44.8,3.631,207.4283845,7.343,0.14,67.5,183.41813450760404
20,2011-03-25,0,44.83,3.625,207.6553444,7.343,0.14,67.5,180.54852437890614
26,2011-03-25,0,22.99,3.624,133.9587419,7.907,0.14,67.5,146.84436291155384
29,2011-03-25,0,38.77,3.624,133.9587419,10.256,0.14,67.5,124.46124858010556
38,2011-03-25,0,54.4,3.909,128.6160645,14.021,0.14,67.5,114.158493310766
28,2011-03-25,0,54.4,3.909,128.6160645,14.021,0.14,67.5,160.78485806931937
14,2011-03-25,0,41.76,3.625,184.9943679,8.549,0.14,67.5,182.0320421989806
35,2011-03-25,0,40.11,3.625,137.8478929,8.549,0.14,67.5,141.69226474023978
42,2011-03-25,0,62.53,3.716,128.6160645,8.744,0.14,67.5,127.54827722708231
9,2011-03-25,0,68.79,3.473,218.2007506,6.416,0.14,67.5,125.8015018684297
12,2011-03-25,0,54.4,3.909,128.6160645,14.021,0.14,67.5,150.82682757919497
45,2011-03-25,0,41.76,3.625,184.9943679,8.549,0.14,67.5,139.4494230723492
36,2011-03-25,0,71.07,3.488,213.3436744,8.395,0.14,67.5,117.5869775669472
17,2011-03-25,0,36.71,3.435,128.6160645,6.866,0.14,67.5,142.67103310430372
32,2011-03-25,0,46.7,3.414,192.1964844,8.818,0.14,67.5,155.6566817702552
10,2011-03-25,0,62.53,3.716,128.6160645,8.744,0.14,67.5,180.30393003418274
4,2011-03-25,0,59.1,3.48,128.6160645,6.51,0.14,67.5,183.74577096777773
1,2011-03-25,0,69.97,3.473,214.5999389,7.742,0.14,67.5,172.29481214723327
31,2011-03-25,0,70.33,3.473,214.2521573,8.028,0.14,67.5,166.32493945219485
15,2011-03-25,0,32.63,3.789,133.9587419,7.771,0.14,67.5,127.86848959517131
6,2011-03-25,0,70.83,3.473,216.1438163,6.858,0.14,67.5,169.03446442254477
21,2011-03-25,0,70.33,3.473,214.2521573,8.028,0.14,67.5,141.25197956975938
18,2011-03-25,0,36.65,3.624,133.9587419,9.131,0.14,67.5,150.40414650537957
34,2011-03-25,0,53.11,3.48,128.6160645,10.398,0.14,67.5,149.43881940430734
25,2011-03-25,0,38.51,3.625,207.6553444,7.343,0.14,67.5,133.55026490977343
7,2011-03-25,0,25.69,3.414,192.1964844,8.818,0.14,67.5,129.96680350937714
5,2011-03-25,0,70.71,3.473,215.1640872,6.634,0.14,67.5,108.6552345512862
40,2011-03-25,0,28.89,3.624,133.9587419,5.114,0.14,67.5,145.31803240376846
44,2011-03-25,0,42.38,3.435,128.6160645,7.224,0.14,67.5,107.63970873094783
37,2011-03-25,0,71.07,3.473,213.3436744,8.395,0.14,67.5,127.50958699808412
2,2011-03-25,0,69.42,3.473,214.2521573,8.028,0.14,67.5,178.92543485225684
16,2011-03-25,0,32.61,3.414,192.1964844,6.614,0.14,67.5,123.47107568098998
22,2011-03-25,0,38.77,3.624,137.8478929,8.458,0.14,67.5,149.91537452598516
13,2011-03-25,0,42.38,3.435,128.6160645,7.47,0.14,67.5,180.07663850653918
3,2011-03-25,0,72.94,3.473,217.9674705,7.551,0.14,67.5,116.73271426450121
33,2011-03-25,0,63.34,3.716,128.6160645,8.951,0.14,67.5,102.33390003515223
43,2011-03-25,0,65.53,3.473,206.4496175,10.398,0.14,67.5,131.6836676292254
39,2011-03-25,0,71.17,3.473,213.3436744,8.395,0.14,67.5,163.8038309182227
19,2011-03-25,0,33.26,3.789,133.9587419,7.771,0.14,67.5,163.17185943424187
41,2011-03-25,0,41.11,3.414,192.1964844,7.241,0.14,67.5,158.49514911238714
23,2011-03-25,0,29.11,3.624,133.9587419,5.114,0.14,67.5,158.80480583619956
30,2011-03-25,0,70.33,3.473,214.2521573,8.028,0.14,67.5,120.91693911960496
27,2011-03-25,0,40.11,3.789,137.8478929,7.827,0.14,67.5,172.71326600462285
11,2011-03-25,0,73.74,3.473,217.9674705,7.551,0.14,67.5,161.84271133543052
24,2011-03-25,0,36.88,3.789,133.9587419,8.252,0.14,67.5,159.19004135738723
8,2011-03-25,0,59.74,3.473,218.0145862,6.262,0.14,67.5,144.99481466383767
33,2011-04-01,0,71.41,3.772,128.7199355,8.687,0.1,69.8,101.68642464601953
44,2011-04-01,0,42.49,3.487,128.7199355,6.906,0.1,69.8,107.26524903215392
13,2011-04-01,0,42.49,3.487,128.7199355,7.193,0.1,69.8,181.62295721777645
32,2011-04-01,0,44.83,3.461,192.2691707,8.595,0.1,69.8,154.94043704030642
4,2011-04-01,0,56.99,3.521,128.7199355,5.946,0.1,69.8,182.58736608648476
1,2011-04-01,0,59.17,3.524,214.8371664,7.682,0.1,69.8,170.85258864357758
17,2011-04-01,0,39.38,3.487,128.7199355,6.774,0.1,69.8,143.4077166442951
40,2011-04-01,0,28.6,3.638,134.0682581,4.781,0.1,69.8,145.66897309997174
31,2011-04-01,0,56.36,3.524,214.4886908,7.931,0.1,69.8,165.91073031223362
6,2011-04-01,0,62.25,3.524,216.3841249,6.855,0.1,69.8,169.70893422292065
16,2011-04-01,0,35.75,3.461,192.2691707,6.339,0.1,69.8,123.05970359100367
18,2011-04-01,0,35.06,3.638,134.0682581,8.975,0.1,69.8,150.11836071084056
24,2011-04-01,0,35.73,3.811,134.0682581,8.212,0.1,69.8,159.38463585586715
19,2011-04-01,0,30.68,3.811,134.0682581,7.658,0.1,69.8,164.5640361669818
25,2011-04-01,0,28.5,3.638,207.8823043,7.287,0.1,69.8,133.6741845185209
9,2011-04-01,0,56.12,3.524,218.445164,6.38,0.1,69.8,127.43154017093529
15,2011-04-01,0,30.34,3.811,134.0682581,7.658,0.1,69.8,128.88443249399052
21,2011-04-01,0,56.36,3.524,214.4886908,7.931,0.1,69.8,140.1100624625235
43,2011-04-01,0,67.79,3.524,206.6733111,10.581,0.1,69.8,133.26315992148983
39,2011-04-01,0,66.57,3.524,213.5776701,8.3,0.1,69.8,164.94388155354787
20,2011-04-01,0,32.43,3.638,207.8823043,7.287,0.1,69.8,183.32146780216735
8,2011-04-01,0,49.86,3.524,218.2586281,6.297,0.1,69.8,147.416260727837
7,2011-04-01,0,24.83,3.461,192.2691707,8.595,0.1,69.8,126.91303615552513
12,2011-04-01,0,63.63,3.772,128.7199355,13.736,0.1,69.8,153.040535891316
28,2011-04-01,0,63.63,3.772,128.7199355,13.736,0.1,69.8,165.63460678268396
37,2011-04-01,0,67.31,3.524,213.5776701,8.3,0.1,69.8,128.3526942949177
3,2011-04-01,0,68.76,3.524,218.2114184,7.574,0.1,69.8,116.20368026803898
42,2011-04-01,0,67.64,3.772,128.7199355,8.494,0.1,69.8,126.56826692040374
22,2011-04-01,0,36.04,3.638,137.9558929,8.252,0.1,69.8,150.71603591531243
29,2011-04-01,0,36.04,3.638,134.0682581,9.966,0.1,69.8,124.23136366724086
23,2011-04-01,0,29.44,3.638,134.0682581,4.781,0.1,69.8,160.09866525809903
27,2011-04-01,0,37.27,3.811,137.9558929,7.725,0.1,69.8,174.9595026483021
2,2011-04-01,0,55.43,3.524,214.4886908,7.931,0.1,69.8,179.87292290514247
45,2011-04-01,0,37.27,3.638,185.1790167,8.521,0.1,69.8,139.0534235490001
34,2011-04-01,0,55.46,3.521,128.7199355,10.581,0.1,69.8,147.67095246644908
36,2011-04-01,0,67.31,3.529,213.5776701,8.3,0.1,69.8,117.15883501832377
5,2011-04-01,0,61.5,3.524,215.4024406,6.489,0.1,69.8,110.63341384493364
30,2011-04-01,0,56.36,3.524,214.4886908,7.931,0.1,69.8,121.39780540805008
35,2011-04-01,0,37.27,3.638,137.9558929,8.512,0.1,69.8,141.71486810928684
14,2011-04-01,0,37.27,3.638,185.1790167,8.521,0.1,69.8,181.75423269101745
11,2011-04-01,0,69.1,3.524,218.2114184,7.574,0.1,69.8,162.88915552552328
41,2011-04-01,0,38.16,3.461,192.2691707,6.934,0.1,69.8,159.96439353456682
10,2011-04-01,0,67.64,3.772,128.7199355,8.494,0.1,69.8,180.6312628795765
38,2011-04-01,0,63.63,3.772,128.7199355,13.736,0.1,69.8,116.85395102595
26,2011-04-01,0,22.99,3.638,134.0682581,7.818,0.1,69.8,146.02129303758434
30,2011-04-08,0,68.62,3.622,214.7252242,7.931,0.1,69.8,121.85763987576635
29,2011-04-08,0,44.42,3.72,134.1777742,9.966,0.1,69.8,126.35035518034091
22,2011-04-08,0,44.42,3.72,138.0638929,8.252,0.1,69.8,151.47956614799978
12,2011-04-08,0,64.47,4.003,128.8238065,13.736,0.1,69.8,152.73941186576513
3,2011-04-08,0,72.55,3.622,218.4553663,7.574,0.1,69.8,117.0228730162669
16,2011-04-08,0,38.04,3.532,192.3418571,6.339,0.1,69.8,121.5022904559743
34,2011-04-08,0,58.59,3.605,128.8238065,10.581,0.1,69.8,151.7583887896931
17,2011-04-08,0,39.16,3.547,128.8238065,6.774,0.1,69.8,144.20411257715276
43,2011-04-08,0,70.35,3.622,206.8970046,10.581,0.1,69.8,135.56992201010968
5,2011-04-08,0,69.64,3.622,215.6407939,6.489,0.1,69.8,109.93864962185076
20,2011-04-08,0,47.09,3.72,208.1092642,7.287,0.1,69.8,185.88122454968192
24,2011-04-08,0,44.7,3.895,134.1777742,8.212,0.1,69.8,163.42532740485868
15,2011-04-08,0,40.94,3.895,134.1777742,7.658,0.1,69.8,131.77019979043735
31,2011-04-08,0,68.62,3.622,214.7252242,7.931,0.1,69.8,168.3243683908092
21,2011-04-08,0,68.62,3.622,214.7252242,7.931,0.1,69.8,140.78409656848612
36,2011-04-08,0,69.39,3.645,213.8116658,8.3,0.1,69.8,120.67934724989237
27,2011-04-08,0,46.87,3.895,138.0638929,7.725,0.1,69.8,176.74981630686085
11,2011-04-08,0,73.57,3.622,218.4553663,7.574,0.1,69.8,165.3094420847619
23,2011-04-08,0,36.74,3.72,134.1777742,4.781,0.1,69.8,162.53725404158402
42,2011-04-08,0,73.03,3.818,128.8238065,8.494,0.1,69.8,133.77711784303003
28,2011-04-08,0,64.47,4.003,128.8238065,13.736,0.1,69.8,168.2559219324558
41,2011-04-08,0,42.87,3.532,192.3418571,6.934,0.1,69.8,160.97748271052745
8,2011-04-08,0,65.62,3.622,218.50267,6.297,0.1,69.8,150.63838649592876
7,2011-04-08,0,30.64,3.532,192.3418571,8.595,0.1,69.8,126.0173900731986
2,2011-04-08,0,67.0,3.622,214.7252242,7.931,0.1,69.8,181.1714427324968
37,2011-04-08,0,69.39,3.622,213.8116658,8.3,0.1,69.8,128.96042562579711
38,2011-04-08,0,64.47,4.003,128.8238065,13.736,0.1,69.8,117.70642744069465
44,2011-04-08,0,42.75,3.547,128.8238065,6.906,0.1,69.8,108.42356107606855
35,2011-04-08,0,46.87,3.72,138.0638929,8.512,0.1,69.8,144.27803948856393
14,2011-04-08,0,48.71,3.72,185.3636656,8.521,0.1,69.8,186.15328671011756
10,2011-04-08,0,73.03,3.818,128.8238065,8.494,0.1,69.8,181.7975647824192
6,2011-04-08,0,70.35,3.622,216.6244334,6.855,0.1,69.8,172.09284605283742
39,2011-04-08,0,69.45,3.622,213.8116658,8.3,0.1,69.8,166.10735342513215
9,2011-04-08,0,71.4,3.622,218.6895775,6.38,0.1,69.8,130.13286582175198
25,2011-04-08,0,42.11,3.72,208.1092642,7.287,0.1,69.8,135.4645147526244
19,2011-04-08,0,41.26,3.895,134.1777742,7.658,0.1,69.8,168.42712264914908
13,2011-04-08,0,42.75,3.547,128.8238065,7.193,0.1,69.8,182.2465736906047
18,2011-04-08,0,43.32,3.72,134.1777742,8.975,0.1,69.8,153.59104662251013
40,2011-04-08,0,34.77,3.72,134.1777742,4.781,0.1,69.8,150.546946791425
1,2011-04-08,0,67.84,3.622,215.0743939,7.682,0.1,69.8,174.52333735115548
33,2011-04-08,0,75.11,3.818,128.8238065,8.687,0.1,69.8,106.22678083084753
32,2011-04-08,0,48.81,3.532,192.3418571,8.595,0.1,69.8,157.02662669953742
45,2011-04-08,0,48.71,3.72,185.3636656,8.521,0.1,69.8,141.06755244372772
4,2011-04-08,0,62.61,3.605,128.8238065,5.946,0.1,69.8,187.0862730364742
26,2011-04-08,0,29.09,3.72,134.1777742,7.818,0.1,69.8,152.17842549959852
32,2011-04-15,0,45.97,3.611,192.4225954,8.595,0.1,69.8,157.71580536587476
40,2011-04-15,0,43.69,3.823,134.2784667,4.781,0.1,69.8,147.21453579403317
9,2011-04-15,0,71.9,3.743,218.9134935,6.38,0.1,69.8,127.9382205150975
23,2011-04-15,0,45.51,3.823,134.2784667,4.781,0.1,69.8,163.0686683575767
43,2011-04-15,0,65.01,3.743,207.1015429,10.581,0.1,69.8,134.71115328551994
37,2011-04-15,0,73.25,3.743,214.026217,8.3,0.1,69.8,128.9652385403908
6,2011-04-15,0,73.17,3.743,216.8446627,6.855,0.1,69.8,169.370174664565
14,2011-04-15,0,53.69,3.821,185.5339821,8.521,0.1,69.8,184.5467548807164
4,2011-04-15,0,62.34,3.724,128.9107333,5.946,0.1,69.8,184.1740676294114
29,2011-04-15,0,48.88,3.823,134.2784667,9.966,0.1,69.8,127.24569997317325
42,2011-04-15,0,61.05,4.089,128.9107333,8.494,0.1,69.8,132.40897156633136
7,2011-04-15,0,27.79,3.611,192.4225954,8.595,0.1,69.8,120.25653188095568
26,2011-04-15,0,39.46,3.823,134.2784667,7.818,0.1,69.8,146.68858821792114
35,2011-04-15,0,52.24,3.821,138.1646952,8.512,0.1,69.8,143.3724994262236
44,2011-04-15,0,41.72,3.616,128.9107333,6.906,0.1,69.8,108.12809627941009
2,2011-04-15,0,69.48,3.743,214.9420631,7.931,0.1,69.8,181.41305173554693
8,2011-04-15,0,63.55,3.743,218.7262524,6.297,0.1,69.8,148.77682749156145
11,2011-04-15,0,76.64,3.743,218.6788642,7.574,0.1,69.8,164.80671014776726
27,2011-04-15,0,52.24,3.981,138.1646952,7.725,0.1,69.8,177.82278661398823
28,2011-04-15,0,57.63,3.868,128.9107333,13.736,0.1,69.8,162.21951338651013
39,2011-04-15,0,73.19,3.743,214.026217,8.3,0.1,69.8,166.01810617119477
13,2011-04-15,0,41.72,3.616,128.9107333,7.193,0.1,69.8,183.92419797654975
19,2011-04-15,0,48.67,3.981,134.2784667,7.658,0.1,69.8,167.50557326690299
3,2011-04-15,0,75.88,3.743,218.6788642,7.574,0.1,69.8,115.4764607891243
41,2011-04-15,0,39.94,3.611,192.4225954,6.934,0.1,69.8,160.483988267854
16,2011-04-15,0,34.59,3.611,192.4225954,6.339,0.1,69.8,120.61063375709648
24,2011-04-15,0,52.36,3.981,134.2784667,8.212,0.1,69.8,162.41704914066378
22,2011-04-15,0,48.88,3.823,138.1646952,8.252,0.1,69.8,153.17122795844554
5,2011-04-15,0,72.02,3.743,215.8592673,6.489,0.1,69.8,109.99678797790186
30,2011-04-15,0,71.01,3.743,214.9420631,7.931,0.1,69.8,120.51686956691049
33,2011-04-15,0,64.64,4.089,128.9107333,8.687,0.1,69.8,106.64412909478018
36,2011-04-15,0,73.25,3.763,214.026217,8.3,0.1,69.8,119.5849469149018
38,2011-04-15,0,57.63,3.868,128.9107333,13.736,0.1,69.8,115.16713277229302
25,2011-04-15,0,51.43,3.821,208.3172811,7.287,0.1,69.8,136.9539242783913
21,2011-04-15,0,71.01,3.743,214.9420631,7.931,0.1,69.8,142.0124973021154
15,2011-04-15,0,48.63,3.981,134.2784667,7.658,0.1,69.8,133.0260062629642
18,2011-04-15,0,49.91,3.823,134.2784667,8.975,0.1,69.8,152.3039705479309
31,2011-04-15,0,71.01,3.743,214.9420631,7.931,0.1,69.8,168.04950015327518
17,2011-04-15,0,39.98,3.616,128.9107333,6.774,0.1,69.8,144.8638392312534
20,2011-04-15,0,55.0,3.821,208.3172811,7.287,0.1,69.8,186.64717842310367
1,2011-04-15,0,71.27,3.743,215.2918561,7.682,0.1,69.8,172.87432786487443
34,2011-04-15,0,53.3,3.724,128.9107333,10.581,0.1,69.8,150.28475812881197
12,2011-04-15,0,57.63,3.868,128.9107333,13.736,0.1,69.8,152.42352335165162
45,2011-04-15,0,53.69,3.821,185.5339821,8.521,0.1,69.8,141.85173749521255
10,2011-04-15,0,61.05,4.089,128.9107333,8.494,0.1,69.8,179.3618252661447
24,2011-04-22,0,46.0,4.061,134.3571,8.212,0.1,69.8,166.8479244857492
22,2011-04-22,0,47.76,3.919,138.2475036,8.252,0.1,69.8,158.96416178825172
34,2011-04-22,0,63.83,3.781,128.9553,10.581,0.1,69.8,154.95670847351946
12,2011-04-22,0,72.12,4.134,128.9553,13.736,0.1,69.8,153.4852926339709
21,2011-04-22,0,70.79,3.807,215.1096657,7.931,0.1,69.8,143.67998761502835
13,2011-04-22,0,47.55,3.655,128.9553,7.193,0.1,69.8,188.3071742971415
10,2011-04-22,0,75.93,3.917,128.9553,8.494,0.1,69.8,185.3149995641022
25,2011-04-22,0,45.87,3.892,208.4779405,7.287,0.1,69.8,141.40188966217517
36,2011-04-22,0,74.57,3.805,214.1921572,8.3,0.1,69.8,116.2052991080264
23,2011-04-22,0,39.62,3.919,134.3571,4.781,0.1,69.8,169.32167786702993
11,2011-04-22,0,78.31,3.807,218.851237,7.574,0.1,69.8,167.37281783313705
35,2011-04-22,0,50.02,3.892,138.2475036,8.512,0.1,69.8,145.66364230368563
14,2011-04-22,0,53.04,3.892,185.6684673,8.521,0.1,69.8,191.47681715546088
2,2011-04-22,0,69.39,3.807,215.1096657,7.931,0.1,69.8,182.2164855191534
44,2011-04-22,0,47.55,3.655,128.9553,6.906,0.1,69.8,107.14134030836767
32,2011-04-22,0,48.69,3.636,192.5234638,8.595,0.1,69.8,161.13842110539042
1,2011-04-22,0,72.99,3.807,215.4599053,7.682,0.1,69.8,173.0255866359426
45,2011-04-22,0,53.04,3.892,185.6684673,8.521,0.1,69.8,144.29176147264081
33,2011-04-22,0,79.46,3.917,128.9553,8.687,0.1,69.8,103.58493195289317
3,2011-04-22,0,76.91,3.807,218.851237,7.574,0.1,69.8,117.68187327513402
9,2011-04-22,0,72.35,3.807,219.0861659,6.38,0.1,69.8,129.3428133858195
31,2011-04-22,0,70.79,3.807,215.1096657,7.931,0.1,69.8,169.77715572047754
19,2011-04-22,0,41.66,4.061,134.3571,7.658,0.1,69.8,171.45870340358036
40,2011-04-22,0,39.32,3.919,134.3571,4.781,0.1,69.8,151.3059421416088
7,2011-04-22,0,31.84,3.636,192.5234638,8.595,0.1,69.8,123.56850194545171
28,2011-04-22,0,72.12,4.134,128.9553,13.736,0.1,69.8,164.26625920882526
39,2011-04-22,0,74.98,3.807,214.1921572,8.3,0.1,69.8,172.97412148063222
4,2011-04-22,0,68.8,3.781,128.9553,5.946,0.1,69.8,190.63033031471076
30,2011-04-22,0,70.79,3.807,215.1096657,7.931,0.1,69.8,121.97025268639442
5,2011-04-22,0,74.34,3.807,216.0280407,6.489,0.1,69.8,112.00260217828263
17,2011-04-22,0,42.24,3.655,128.9553,6.774,0.1,69.8,155.33422647698043
27,2011-04-22,0,50.02,4.061,138.2475036,7.725,0.1,69.8,183.15447324835853
16,2011-04-22,0,40.74,3.636,192.5234638,6.339,0.1,69.8,115.68337477587254
37,2011-04-22,0,74.57,3.807,214.1921572,8.3,0.1,69.8,127.80381630570854
43,2011-04-22,0,74.49,3.807,207.2581929,10.581,0.1,69.8,134.85994042134794
8,2011-04-22,0,65.11,3.807,218.8986857,6.297,0.1,69.8,150.0912156651837
15,2011-04-22,0,41.37,4.061,134.3571,7.658,0.1,69.8,135.8537704882286
20,2011-04-22,0,52.56,3.892,208.4779405,7.287,0.1,69.8,192.81157222190734
6,2011-04-22,0,74.24,3.807,217.0146941,6.855,0.1,69.8,175.27095704656082
29,2011-04-22,0,47.76,3.919,134.3571,9.966,0.1,69.8,131.88781777006866
41,2011-04-22,0,42.86,3.636,192.5234638,6.934,0.1,69.8,164.5126822105169
26,2011-04-22,0,33.81,3.919,134.3571,7.818,0.1,69.8,149.38487174343413
38,2011-04-22,0,72.12,4.134,128.9553,13.736,0.1,69.8,115.18432236256986
18,2011-04-22,0,45.99,3.919,134.3571,8.975,0.1,69.8,157.14055691665604
42,2011-04-22,0,75.93,3.917,128.9553,8.494,0.1,69.8,128.35396158749396
30,2011-04-29,0,70.19,3.81,215.2772683,7.931,0.1,69.8,120.28091557700367
41,2011-04-29,0,39.81,3.663,192.6243322,6.934,0.1,69.8,159.95368147893151
24,2011-04-29,0,60.48,4.117,134.4357333,8.212,0.1,69.8,160.66217498657502
20,2011-04-29,0,62.97,3.962,208.6386,7.287,0.1,69.8,182.09467187709092
5,2011-04-29,0,74.75,3.81,216.1968142,6.489,0.1,69.8,109.93443018983363
22,2011-04-29,0,57.2,3.988,138.3303119,8.252,0.1,69.8,149.58428840588144
34,2011-04-29,0,57.73,3.781,128.9998667,10.581,0.1,69.8,148.21356721280213
15,2011-04-29,0,55.46,4.117,134.4357333,7.658,0.1,69.8,130.0771376365622
25,2011-04-29,0,58.43,3.962,208.6386,7.287,0.1,69.8,135.50169070920253
21,2011-04-29,0,70.19,3.81,215.2772683,7.931,0.1,69.8,142.77173435917973
19,2011-04-29,0,54.23,4.117,134.4357333,7.658,0.1,69.8,164.258731806267
29,2011-04-29,0,57.2,3.988,134.4357333,9.966,0.1,69.8,125.48906040163352
12,2011-04-29,0,68.27,4.151,128.9998667,13.736,0.1,69.8,152.59486071387866
38,2011-04-29,0,68.27,4.151,128.9998667,13.736,0.1,69.8,113.48798344592115
42,2011-04-29,0,73.38,4.151,128.9998667,8.494,0.1,69.8,125.69699159780969
2,2011-04-29,0,69.21,3.81,215.2772683,7.931,0.1,69.8,178.34456865643477
6,2011-04-29,0,75.27,3.81,217.1847255,6.855,0.1,69.8,170.34969091786365
16,2011-04-29,0,37.77,3.663,192.6243322,6.339,0.1,69.8,116.51043842178206
36,2011-04-29,0,76.1,3.837,214.3580974,8.3,0.1,69.8,113.16191415113525
27,2011-04-29,0,61.71,4.117,138.3303119,7.725,0.1,69.8,175.3513463781531
33,2011-04-29,0,77.44,4.151,128.9998667,8.687,0.1,69.8,103.58007994582212
10,2011-04-29,0,73.38,4.151,128.9998667,8.494,0.1,69.8,181.87622735002873
13,2011-04-29,0,43.85,3.683,128.9998667,7.193,0.1,69.8,182.46322085629626
4,2011-04-29,0,64.22,3.781,128.9998667,5.946,0.1,69.8,181.99761294229148
31,2011-04-29,0,70.19,3.81,215.2772683,7.931,0.1,69.8,165.43839811595973
8,2011-04-29,0,62.29,3.81,219.071119,6.297,0.1,69.8,146.29722965356518
39,2011-04-29,0,76.47,3.81,214.3580974,8.3,0.1,69.8,167.08909075638468
44,2011-04-29,0,43.85,3.683,128.9998667,6.906,0.1,69.8,107.2367626832299
28,2011-04-29,0,68.27,4.151,128.9998667,13.736,0.1,69.8,161.5715147363806
45,2011-04-29,0,66.18,3.962,185.8029526,8.521,0.1,69.8,142.9394549773619
18,2011-04-29,0,58.82,3.988,134.4357333,8.975,0.1,69.8,151.69932068309427
32,2011-04-29,0,44.86,3.663,192.6243322,8.595,0.1,69.8,157.2050195881501
35,2011-04-29,0,61.71,3.962,138.3303119,8.512,0.1,69.8,144.20254770351661
40,2011-04-29,0,52.68,3.988,134.4357333,4.781,0.1,69.8,145.92626023490845
7,2011-04-29,0,26.79,3.663,192.6243322,8.595,0.1,69.8,119.21619545743776
23,2011-04-29,0,54.2,3.988,134.4357333,4.781,0.1,69.8,159.74490027387753
17,2011-04-29,0,40.14,3.683,128.9998667,6.774,0.1,69.8,143.96255017578602
14,2011-04-29,0,66.18,3.962,185.8029526,8.521,0.1,69.8,183.39050697453294
3,2011-04-29,0,78.69,3.81,219.0236099,7.574,0.1,69.8,115.57828161171973
43,2011-04-29,0,71.34,3.81,207.4148429,10.581,0.1,69.8,133.25578761521638
11,2011-04-29,0,79.97,3.81,219.0236099,7.574,0.1,69.8,166.34376156319772
26,2011-04-29,0,47.17,3.988,134.4357333,7.818,0.1,69.8,147.16787927523762
1,2011-04-29,0,72.03,3.81,215.6279544,7.682,0.1,69.8,169.57383183389743
9,2011-04-29,0,70.85,3.81,219.2588382,6.38,0.1,69.8,128.19477583507046
37,2011-04-29,0,76.1,3.81,214.3580974,8.3,0.1,69.8,126.18345397726601
37,2011-05-06,0,69.56,3.906,214.5240376,8.3,0.09,74.3,129.21200227720857
8,2011-05-06,0,58.92,3.906,219.2435524,6.297,0.09,74.3,150.26826980525803
19,2011-05-06,0,50.43,4.192,134.5143667,7.658,0.09,74.3,169.47241031942866
31,2011-05-06,0,61.87,3.906,215.4448709,7.931,0.09,74.3,167.39411601889543
43,2011-05-06,0,66.77,3.906,207.5714929,10.581,0.09,74.3,135.49609102911973
36,2011-05-06,0,69.56,3.917,214.5240376,8.3,0.09,74.3,117.81122029987259
39,2011-05-06,0,68.75,3.906,214.5240376,8.3,0.09,74.3,166.79517344838868
23,2011-05-06,0,50.07,4.078,134.5143667,4.781,0.09,74.3,166.42293402132094
28,2011-05-06,0,68.4,4.193,129.0444333,13.736,0.09,74.3,171.50894536838098
13,2011-05-06,0,47.75,3.744,129.0444333,7.193,0.09,74.3,184.84145141904844
2,2011-05-06,0,61.48,3.906,215.4448709,7.931,0.09,74.3,180.9046281069751
10,2011-05-06,0,73.56,4.193,129.0444333,8.494,0.09,74.3,181.00339007867814
32,2011-05-06,0,46.65,3.735,192.7252006,8.595,0.09,74.3,160.06478545335744
33,2011-05-06,0,77.92,4.193,129.0444333,8.687,0.09,74.3,104.55969799871067
17,2011-05-06,0,45.66,3.744,129.0444333,6.774,0.09,74.3,147.57326915897914
27,2011-05-06,0,56.48,4.192,138.4131202,7.725,0.09,74.3,178.6690940466797
6,2011-05-06,0,65.42,3.906,217.3547569,6.855,0.09,74.3,171.15555636312203
4,2011-05-06,0,63.41,3.866,129.0444333,5.946,0.09,74.3,186.80455045808176
7,2011-05-06,0,26.54,3.735,192.7252006,8.595,0.09,74.3,118.93769770766161
3,2011-05-06,0,69.45,3.906,219.1959827,7.574,0.09,74.3,119.427961013806
16,2011-05-06,0,38.64,3.735,192.7252006,6.339,0.09,74.3,120.29028414310177
26,2011-05-06,0,45.0,4.078,134.5143667,7.818,0.09,74.3,153.85177788979183
41,2011-05-06,0,41.2,3.735,192.7252006,6.934,0.09,74.3,162.39462077268396
44,2011-05-06,0,47.75,3.744,129.0444333,6.906,0.09,74.3,109.13056032491275
20,2011-05-06,0,53.41,4.046,208.7992595,7.287,0.09,74.3,187.48144711062994
9,2011-05-06,0,62.2,3.906,219.4315106,6.38,0.09,74.3,129.06278775663748
14,2011-05-06,0,58.21,4.046,185.9374378,8.521,0.09,74.3,187.59947343976887
11,2011-05-06,0,71.39,3.906,219.1959827,7.574,0.09,74.3,165.449271845752
15,2011-05-06,0,49.87,4.192,134.5143667,7.658,0.09,74.3,134.4009897503255
24,2011-05-06,0,55.75,4.192,134.5143667,8.212,0.09,74.3,165.7304826058216
29,2011-05-06,0,53.63,4.078,134.5143667,9.966,0.09,74.3,128.33886990506755
42,2011-05-06,0,73.56,4.193,129.0444333,8.494,0.09,74.3,133.3088179826111
1,2011-05-06,0,64.61,3.906,215.7960035,7.682,0.09,74.3,174.9750644344661
21,2011-05-06,0,61.87,3.906,215.4448709,7.931,0.09,74.3,139.4041354001544
12,2011-05-06,0,68.4,4.193,129.0444333,13.736,0.09,74.3,153.70043031793568
38,2011-05-06,0,68.4,4.193,129.0444333,13.736,0.09,74.3,120.16163404026972
22,2011-05-06,0,53.63,4.078,138.4131202,8.252,0.09,74.3,154.15539554857693
5,2011-05-06,0,66.27,3.906,216.3655877,6.489,0.09,74.3,111.47263134107419
35,2011-05-06,0,56.48,4.046,138.4131202,8.512,0.09,74.3,145.34514240165134
40,2011-05-06,0,50.81,4.078,134.5143667,4.781,0.09,74.3,153.5160543484172
25,2011-05-06,0,49.5,4.046,208.7992595,7.287,0.09,74.3,136.09174108952763
18,2011-05-06,0,54.17,4.078,134.5143667,8.975,0.09,74.3,155.5233607447986
30,2011-05-06,0,61.87,3.906,215.4448709,7.931,0.09,74.3,121.46461890182702
34,2011-05-06,0,54.4,3.866,129.0444333,10.581,0.09,74.3,151.34067049719292
45,2011-05-06,0,58.21,4.046,185.9374378,8.521,0.09,74.3,144.11977142251052
12,2011-05-13,0,70.93,4.202,129.089,13.736,0.09,74.3,151.82552638012072
44,2011-05-13,0,52.4,3.77,129.089,6.906,0.09,74.3,109.91473695211201
8,2011-05-13,0,72.96,3.899,219.4159857,6.297,0.09,74.3,148.20392420273882
45,2011-05-13,0,60.38,4.066,186.0719231,8.521,0.09,74.3,143.30882793485011
1,2011-05-13,0,75.64,3.899,215.9640526,7.682,0.09,74.3,174.23864727399166
39,2011-05-13,0,77.39,3.899,214.6899778,8.3,0.09,74.3,165.2272322761945
19,2011-05-13,0,54.2,4.211,134.593,7.658,0.09,74.3,168.7300124770156
41,2011-05-13,0,50.29,3.767,192.826069,6.934,0.09,74.3,163.29544452891494
5,2011-05-13,0,77.38,3.899,216.5343611,6.489,0.09,74.3,108.26011222304933
24,2011-05-13,0,58.49,4.211,134.593,8.212,0.09,74.3,164.7734243196997
11,2011-05-13,0,80.93,3.899,219.3683556,7.574,0.09,74.3,163.57783278884375
34,2011-05-13,0,63.05,3.872,129.089,10.581,0.09,74.3,151.35717872034215
22,2011-05-13,0,57.71,4.095,138.4959286,8.252,0.09,74.3,152.87515437017493
27,2011-05-13,0,60.07,4.211,138.4959286,7.725,0.09,74.3,178.85198458547802
35,2011-05-13,0,60.07,4.066,138.4959286,8.512,0.09,74.3,144.90643624562057
30,2011-05-13,0,75.04,3.899,215.6124735,7.931,0.09,74.3,120.35448171457398
16,2011-05-13,0,43.29,3.767,192.826069,6.339,0.09,74.3,119.21434455121378
7,2011-05-13,0,36.61,3.767,192.826069,8.595,0.09,74.3,119.51295698309929
13,2011-05-13,0,52.4,3.77,129.089,7.193,0.09,74.3,184.1281857742221
28,2011-05-13,0,70.93,4.202,129.089,13.736,0.09,74.3,162.6964642857935
33,2011-05-13,0,78.24,4.202,129.089,8.687,0.09,74.3,107.04572258598708
17,2011-05-13,0,49.26,3.77,129.089,6.774,0.09,74.3,147.03534740038927
2,2011-05-13,0,74.61,3.899,215.6124735,7.931,0.09,74.3,180.92559589810256
18,2011-05-13,0,58.48,4.095,134.593,8.975,0.09,74.3,152.51839014685774
29,2011-05-13,0,57.71,4.095,134.593,9.966,0.09,74.3,129.34602602107128
10,2011-05-13,0,74.04,4.202,129.089,8.494,0.09,74.3,177.41723294232443
4,2011-05-13,0,70.65,3.872,129.089,5.946,0.09,74.3,185.25182177574843
31,2011-05-13,0,75.04,3.899,215.6124735,7.931,0.09,74.3,168.03805673325925
25,2011-05-13,0,60.1,4.066,208.9599189,7.287,0.09,74.3,137.52894780568877
15,2011-05-13,0,57.07,4.211,134.593,7.658,0.09,74.3,134.39862704228375
20,2011-05-13,0,62.26,4.066,208.9599189,7.287,0.09,74.3,186.12673191574484
40,2011-05-13,0,54.09,4.095,134.593,4.781,0.09,74.3,148.57539916605703
26,2011-05-13,0,48.2,4.095,134.593,7.818,0.09,74.3,150.24836667950737
14,2011-05-13,0,60.38,4.066,186.0719231,8.521,0.09,74.3,185.30218725557785
32,2011-05-13,0,56.09,3.767,192.826069,8.595,0.09,74.3,158.40188771149033
9,2011-05-13,0,77.66,3.899,219.6041829,6.38,0.09,74.3,128.65649970516992
23,2011-05-13,0,55.12,4.095,134.593,4.781,0.09,74.3,162.7540187572361
37,2011-05-13,0,76.73,3.899,214.6899778,8.3,0.09,74.3,126.80676399054495
43,2011-05-13,0,76.03,3.899,207.7281429,10.581,0.09,74.3,137.52182776613031
3,2011-05-13,0,79.87,3.899,219.3683556,7.574,0.09,74.3,117.21326207012946
6,2011-05-13,0,76.95,3.899,217.5247882,6.855,0.09,74.3,169.51225440535052
36,2011-05-13,0,76.73,3.92,214.6899778,8.3,0.09,74.3,117.97142973292742
21,2011-05-13,0,75.04,3.899,215.6124735,7.931,0.09,74.3,141.27938535654138
38,2011-05-13,0,70.93,4.202,129.089,13.736,0.09,74.3,115.54060274249044
42,2011-05-13,0,74.04,4.202,129.089,8.494,0.09,74.3,132.74034886789053
42,2011-05-20,0,72.62,3.99,129.0756774,8.494,0.09,74.3,127.67661827055527
13,2011-05-20,0,52.12,3.802,129.0756774,7.193,0.09,74.3,181.5334878630474
7,2011-05-20,0,36.16,3.828,192.831317,8.595,0.09,74.3,120.35895113027726
4,2011-05-20,0,70.49,3.881,129.0756774,5.946,0.09,74.3,185.58899165226535
32,2011-05-20,0,45.71,3.828,192.831317,8.595,0.09,74.3,158.6687701373926
21,2011-05-20,0,68.36,3.907,215.3834778,7.931,0.09,74.3,140.7869212552228
31,2011-05-20,0,68.36,3.907,215.3834778,7.931,0.09,74.3,167.34762377296929
40,2011-05-20,0,56.38,4.101,134.6803871,4.781,0.09,74.3,148.723609342285
37,2011-05-20,0,73.02,3.907,214.465412,8.3,0.09,74.3,128.28466694786533
38,2011-05-20,0,66.59,4.169,129.0756774,13.736,0.09,74.3,115.43053765333119
44,2011-05-20,0,52.12,3.802,129.0756774,6.906,0.09,74.3,109.55831792797945
16,2011-05-20,0,43.95,3.828,192.831317,6.339,0.09,74.3,121.2013478849257
20,2011-05-20,0,59.01,4.062,208.7583165,7.287,0.09,74.3,183.987364129097
45,2011-05-20,0,62.28,4.062,185.9661154,8.521,0.09,74.3,139.8486578924826
9,2011-05-20,0,70.49,3.907,219.3622809,6.38,0.09,74.3,127.24713471290468
25,2011-05-20,0,56.56,4.062,208.7583165,7.287,0.09,74.3,137.14641149282252
34,2011-05-20,0,61.47,3.881,129.0756774,10.581,0.09,74.3,150.42607713966984
43,2011-05-20,0,74.21,3.907,207.5200622,10.581,0.09,74.3,135.44844892226362
29,2011-05-20,0,58.56,4.101,134.6803871,9.966,0.09,74.3,125.47867196692087
30,2011-05-20,0,68.36,3.907,215.3834778,7.931,0.09,74.3,121.17838383303399
41,2011-05-20,0,41.11,3.828,192.831317,6.934,0.09,74.3,162.3796125957648
3,2011-05-20,0,75.79,3.907,219.127216,7.574,0.09,74.3,115.33077533388743
26,2011-05-20,0,48.86,4.101,134.6803871,7.818,0.09,74.3,150.12954577741763
39,2011-05-20,0,73.31,3.907,214.465412,8.3,0.09,74.3,166.89585762720733
36,2011-05-20,0,73.02,3.925,214.465412,8.3,0.09,74.3,116.3447920378693
35,2011-05-20,0,60.22,4.062,138.587106,8.512,0.09,74.3,142.44543268665217
8,2011-05-20,0,65.54,3.907,219.1746922,6.297,0.09,74.3,145.38718684181964
6,2011-05-20,0,72.01,3.907,217.2896095,6.855,0.09,74.3,167.19419364946052
27,2011-05-20,0,60.22,4.202,138.587106,7.725,0.09,74.3,177.76838641551475
28,2011-05-20,0,66.59,4.169,129.0756774,13.736,0.09,74.3,158.9067252810423
24,2011-05-20,0,59.84,4.202,134.6803871,8.212,0.09,74.3,162.00700209560574
12,2011-05-20,0,66.59,4.169,129.0756774,13.736,0.09,74.3,149.49446292262868
17,2011-05-20,0,51.93,3.802,129.0756774,6.774,0.09,74.3,145.79178885152893
18,2011-05-20,0,57.55,4.101,134.6803871,8.975,0.09,74.3,152.57970056728115
22,2011-05-20,0,58.56,4.101,138.587106,8.252,0.09,74.3,151.534332043956
15,2011-05-20,0,57.19,4.202,134.6803871,7.658,0.09,74.3,132.1797084840993
19,2011-05-20,0,52.8,4.202,134.6803871,7.658,0.09,74.3,166.26366145527996
2,2011-05-20,0,67.14,3.907,215.3834778,7.931,0.09,74.3,176.7045375104786
11,2011-05-20,0,76.97,3.907,219.127216,7.574,0.09,74.3,162.1955839397189
10,2011-05-20,0,72.62,3.99,129.0756774,8.494,0.09,74.3,177.6438332379173
14,2011-05-20,0,62.28,4.062,185.9661154,8.521,0.09,74.3,184.15794765186962
33,2011-05-20,0,76.07,3.99,129.0756774,8.687,0.09,74.3,102.46925531191259
1,2011-05-20,0,67.63,3.907,215.7339202,7.682,0.09,74.3,168.69973290162702
23,2011-05-20,0,56.67,4.101,134.6803871,4.781,0.09,74.3,165.66137728434163
5,2011-05-20,0,71.37,3.907,216.3023847,6.489,0.09,74.3,109.15710364250305
24,2011-05-27,0,65.74,4.134,134.7677742,8.212,0.09,74.3,164.74567007524627
2,2011-05-27,0,76.42,3.786,215.1544822,7.931,0.09,74.3,179.80541497333152
5,2011-05-27,0,80.14,3.786,216.0704083,6.489,0.09,74.3,108.90448098880158
29,2011-05-27,0,62.59,4.034,134.7677742,9.966,0.09,74.3,129.42377379215603
41,2011-05-27,0,50.56,3.795,192.8365651,6.934,0.09,74.3,163.59008037043708
20,2011-05-27,0,69.12,3.985,208.556714,7.287,0.09,74.3,183.75280332515152
40,2011-05-27,0,63.11,4.034,134.7677742,4.781,0.09,74.3,151.62393671179328
26,2011-05-27,0,56.74,4.034,134.7677742,7.818,0.09,74.3,152.669713969382
11,2011-05-27,0,85.61,3.786,218.8860765,7.574,0.09,74.3,161.36974542720301
7,2011-05-27,0,37.51,3.795,192.8365651,8.595,0.09,74.3,122.86938266549912
32,2011-05-27,0,55.13,3.795,192.8365651,8.595,0.09,74.3,159.82572946213642
17,2011-05-27,0,51.04,3.778,129.0623548,6.774,0.09,74.3,148.0331237105641
35,2011-05-27,0,66.43,3.985,138.6782834,8.512,0.09,74.3,146.09189573744402
14,2011-05-27,0,69.7,3.985,185.8603077,8.521,0.09,74.3,187.22934122264695
9,2011-05-27,0,80.42,3.786,219.1203788,6.38,0.09,74.3,129.6265502478607
44,2011-05-27,0,54.62,3.778,129.0623548,6.906,0.09,74.3,110.04973927857601
25,2011-05-27,0,67.18,3.985,208.556714,7.287,0.09,74.3,139.37580753407323
21,2011-05-27,0,76.86,3.786,215.1544822,7.931,0.09,74.3,140.7634039919121
36,2011-05-27,0,81.28,3.786,214.2408462,8.3,0.09,74.3,113.89516576652215
18,2011-05-27,0,64.6,4.034,134.7677742,8.975,0.09,74.3,155.5147145131634
27,2011-05-27,0,66.43,4.134,138.6782834,7.725,0.09,74.3,180.43918288681255
12,2011-05-27,0,76.67,4.087,129.0623548,13.736,0.09,74.3,151.27438847845602
23,2011-05-27,0,63.27,4.034,134.7677742,4.781,0.09,74.3,166.4915936725662
19,2011-05-27,0,63.2,4.134,134.7677742,7.658,0.09,74.3,167.38734702470944
10,2011-05-27,0,78.62,3.933,129.0623548,8.494,0.09,74.3,178.27252143790545
8,2011-05-27,0,73.14,3.786,218.9333986,6.297,0.09,74.3,146.43625787098057
33,2011-05-27,0,82.32,3.933,129.0623548,8.687,0.09,74.3,102.49640967898613
1,2011-05-27,0,77.72,3.786,215.5037878,7.682,0.09,74.3,169.92683091556177
3,2011-05-27,0,84.41,3.786,218.8860765,7.574,0.09,74.3,115.74928079980137
13,2011-05-27,0,54.62,3.778,129.0623548,7.193,0.09,74.3,181.68041636154965
4,2011-05-27,0,73.65,3.771,129.0623548,5.946,0.09,74.3,184.84705359154788
31,2011-05-27,0,76.86,3.786,215.1544822,7.931,0.09,74.3,165.8211196716518
6,2011-05-27,0,80.83,3.786,217.0544307,6.855,0.09,74.3,171.76210471949543
42,2011-05-27,0,78.62,3.933,129.0623548,8.494,0.09,74.3,126.20986957802705
39,2011-05-27,0,82.1,3.786,214.2408462,8.3,0.09,74.3,167.97203891994192
45,2011-05-27,0,69.7,3.985,185.8603077,8.521,0.09,74.3,144.4899232530683
22,2011-05-27,0,62.59,4.034,138.6782834,8.252,0.09,74.3,153.7177351457085
16,2011-05-27,0,45.17,3.795,192.8365651,6.339,0.09,74.3,121.92122778042666
28,2011-05-27,0,76.67,4.087,129.0623548,13.736,0.09,74.3,159.24154250880017
43,2011-05-27,0,80.89,3.786,207.3119816,10.581,0.09,74.3,131.1936687673823
34,2011-05-27,0,65.99,3.771,129.0623548,10.581,0.09,74.3,150.26181310790398
30,2011-05-27,0,76.86,3.786,215.1544822,7.931,0.09,74.3,120.72483467992768
38,2011-05-27,0,76.67,4.087,129.0623548,13.736,0.09,74.3,114.64193888539147
37,2011-05-27,0,81.28,3.786,214.2408462,8.3,0.09,74.3,126.47465366532828
15,2011-05-27,0,65.87,4.134,134.7677742,7.658,0.09,74.3,134.7368529552048
28,2011-06-03,0,71.81,4.031,129.0490323,13.736,0.09,71.5,167.8943195387277
18,2011-06-03,0,70.9,3.973,134.8551613,8.975,0.09,71.5,159.92346494002572
39,2011-06-03,0,83.59,3.699,214.0162805,8.3,0.09,71.5,172.3147382783015
38,2011-06-03,0,71.81,4.031,129.0490323,13.736,0.09,71.5,118.09729286581293
3,2011-06-03,0,84.29,3.699,218.6449369,7.574,0.09,71.5,117.90384243871094
45,2011-06-03,0,76.38,3.922,185.7545,8.521,0.09,71.5,147.3537614983496
1,2011-06-03,0,83.0,3.699,215.2736553,7.682,0.09,71.5,175.14404960930312
44,2011-06-03,0,52.76,3.752,129.0490323,6.906,0.09,71.5,110.10048997190921
37,2011-06-03,0,82.96,3.699,214.0162805,8.3,0.09,71.5,126.00537086970884
7,2011-06-03,0,45.77,3.763,192.8418131,8.595,0.09,71.5,128.86714678153567
9,2011-06-03,0,85.8,3.699,218.8784768,6.38,0.09,71.5,131.7472602595723
42,2011-06-03,0,81.87,3.893,129.0490323,8.494,0.09,71.5,129.05341962734408
14,2011-06-03,0,76.38,3.922,185.7545,8.521,0.09,71.5,187.20955162138372
43,2011-06-03,0,83.49,3.699,207.1039009,10.581,0.09,71.5,134.42769221284638
19,2011-06-03,0,66.01,4.069,134.8551613,7.658,0.09,71.5,169.6466472308777
13,2011-06-03,0,52.76,3.752,129.0490323,7.193,0.09,71.5,183.5212198990017
31,2011-06-03,0,83.82,3.699,214.9254865,7.931,0.09,71.5,168.7694466132689
6,2011-06-03,0,84.01,3.699,216.819252,6.855,0.09,71.5,177.20205490283203
23,2011-06-03,0,67.21,3.973,134.8551613,4.781,0.09,71.5,172.94409728481122
16,2011-06-03,0,54.08,3.763,192.8418131,6.339,0.09,71.5,128.1176729593624
34,2011-06-03,0,74.64,3.683,129.0490323,10.581,0.09,71.5,150.52380116238302
30,2011-06-03,0,83.82,3.699,214.9254865,7.931,0.09,71.5,120.99943670355341
15,2011-06-03,0,69.8,4.069,134.8551613,7.658,0.09,71.5,138.11946386709164
25,2011-06-03,0,70.69,3.922,208.3551116,7.287,0.09,71.5,140.40215263033818
32,2011-06-03,0,61.25,3.763,192.8418131,8.595,0.09,71.5,159.53476509506044
12,2011-06-03,0,71.81,4.031,129.0490323,13.736,0.09,71.5,151.53523703399023
40,2011-06-03,0,66.16,3.973,134.8551613,4.781,0.09,71.5,155.93792502981205
10,2011-06-03,0,81.87,3.893,129.0490323,8.494,0.09,71.5,179.65232378956946
21,2011-06-03,0,83.82,3.699,214.9254865,7.931,0.09,71.5,142.29414370102768
8,2011-06-03,0,82.05,3.699,218.6921051,6.297,0.09,71.5,149.72280035430222
24,2011-06-03,0,73.12,4.069,134.8551613,8.212,0.09,71.5,172.7190087456394
4,2011-06-03,0,78.26,3.683,129.0490323,5.946,0.09,71.5,186.84697494240717
5,2011-06-03,0,83.81,3.699,215.8384319,6.489,0.09,71.5,112.07599107870652
29,2011-06-03,0,70.09,3.973,134.8551613,9.966,0.09,71.5,132.44649670698374
41,2011-06-03,0,54.81,3.763,192.8418131,6.934,0.09,71.5,164.27092869360158
20,2011-06-03,0,73.51,3.922,208.3551116,7.287,0.09,71.5,189.713889208757
2,2011-06-03,0,83.07,3.699,214.9254865,7.931,0.09,71.5,183.4729777855973
26,2011-06-03,0,60.49,3.973,134.8551613,7.818,0.09,71.5,155.07677244391587
11,2011-06-03,0,86.14,3.699,218.6449369,7.574,0.09,71.5,165.86781775861104
27,2011-06-03,0,74.17,4.069,138.7694608,7.725,0.09,71.5,186.55428475717156
36,2011-06-03,0,82.96,3.69,214.0162805,8.3,0.09,71.5,116.129612025204
17,2011-06-03,0,49.61,3.752,129.0490323,6.774,0.09,71.5,148.16973280823177
35,2011-06-03,0,74.17,3.922,138.7694608,8.512,0.09,71.5,150.8865351813465
22,2011-06-03,0,70.09,3.973,138.7694608,8.252,0.09,71.5,157.89772941324173
33,2011-06-03,0,82.93,3.893,129.0490323,8.687,0.09,71.5,102.98019529024724
6,2011-06-10,0,84.49,3.648,216.5840732,6.855,0.09,71.5,174.0539217421984
34,2011-06-10,0,74.57,3.64,129.0357097,10.581,0.09,71.5,150.37711479368465
40,2011-06-10,0,64.19,3.924,134.9425484,4.781,0.09,71.5,152.1400476266273
29,2011-06-10,0,69.53,3.924,134.9425484,9.966,0.09,71.5,129.9259117867045
17,2011-06-10,0,54.57,3.732,129.0357097,6.774,0.09,71.5,147.52943353625864
12,2011-06-10,0,78.72,3.981,129.0357097,13.736,0.09,71.5,152.67883767138056
43,2011-06-10,0,85.81,3.648,206.8958203,10.581,0.09,71.5,135.13958655209515
23,2011-06-10,0,65.23,3.924,134.9425484,4.781,0.09,71.5,169.31281676843432
44,2011-06-10,0,61.39,3.732,129.0357097,6.906,0.09,71.5,110.08253644634166
14,2011-06-10,0,73.88,3.881,185.6486923,8.521,0.09,71.5,188.50625856434885
33,2011-06-10,0,87.02,3.981,129.0357097,8.687,0.09,71.5,104.71892437237416
19,2011-06-10,0,68.26,4.025,134.9425484,7.658,0.09,71.5,169.97266559916386
26,2011-06-10,0,59.85,3.924,134.9425484,7.818,0.09,71.5,156.67304976931305
27,2011-06-10,0,73.26,4.025,138.8606382,7.725,0.09,71.5,180.36207758799793
2,2011-06-10,0,83.4,3.648,214.6964908,7.931,0.09,71.5,183.35199205319225
1,2011-06-10,0,83.13,3.648,215.0435229,7.682,0.09,71.5,173.76079175997273
15,2011-06-10,0,69.86,4.025,134.9425484,7.658,0.09,71.5,135.11838294748978
8,2011-06-10,0,82.21,3.648,218.4508115,6.297,0.09,71.5,148.27500859156248
38,2011-06-10,0,78.72,3.981,129.0357097,13.736,0.09,71.5,116.82525754252836
42,2011-06-10,0,84.57,3.981,129.0357097,8.494,0.09,71.5,133.5730824477527
21,2011-06-10,0,84.71,3.648,214.6964908,7.931,0.09,71.5,143.33438325283433
4,2011-06-10,0,80.05,3.64,129.0357097,5.946,0.09,71.5,187.06127025739784
36,2011-06-10,0,82.41,3.633,213.7917147,8.3,0.09,71.5,116.17118336238434
10,2011-06-10,0,84.57,3.981,129.0357097,8.494,0.09,71.5,178.1892704191978
31,2011-06-10,0,84.71,3.648,214.6964908,7.931,0.09,71.5,168.6040681524719
20,2011-06-10,0,73.64,3.881,208.1535092,7.287,0.09,71.5,188.5702041827187
16,2011-06-10,0,55.78,3.735,192.8470612,6.339,0.09,71.5,132.61295642638794
13,2011-06-10,0,61.39,3.732,129.0357097,7.193,0.09,71.5,185.135353021776
30,2011-06-10,0,84.71,3.648,214.6964908,7.931,0.09,71.5,120.3610172665521
45,2011-06-10,0,73.88,3.881,185.6486923,8.521,0.09,71.5,144.32948659352223
18,2011-06-10,0,69.49,3.924,134.9425484,8.975,0.09,71.5,154.6513872032834
28,2011-06-10,0,78.72,3.981,129.0357097,13.736,0.09,71.5,165.74223341453916
7,2011-06-10,0,53.3,3.735,192.8470612,8.595,0.09,71.5,133.8379894340674
3,2011-06-10,0,84.84,3.648,218.4037974,7.574,0.09,71.5,117.66327276145704
39,2011-06-10,0,82.75,3.648,213.7917147,8.3,0.09,71.5,169.15249873064735
37,2011-06-10,0,82.41,3.648,213.7917147,8.3,0.09,71.5,126.65265622598275
35,2011-06-10,0,73.26,3.881,138.8606382,8.512,0.09,71.5,146.30272387294028
11,2011-06-10,0,85.79,3.648,218.4037974,7.574,0.09,71.5,164.86660793757198
41,2011-06-10,0,61.1,3.735,192.8470612,6.934,0.09,71.5,164.7643634790698
9,2011-06-10,0,85.81,3.648,218.6365747,6.38,0.09,71.5,129.3805170291258
5,2011-06-10,0,83.61,3.648,215.6064555,6.489,0.09,71.5,109.70230371426251
24,2011-06-10,0,70.02,4.025,134.9425484,8.212,0.09,71.5,166.89365774988798
32,2011-06-10,0,65.49,3.735,192.8470612,8.595,0.09,71.5,162.20554641070115
22,2011-06-10,0,69.53,3.924,138.8606382,8.252,0.09,71.5,155.33822800051038
25,2011-06-10,0,71.45,3.881,208.1535092,7.287,0.09,71.5,140.5454996037341
37,2011-06-17,0,84.43,3.637,213.7481256,8.3,0.09,71.5,127.71549705890372
32,2011-06-17,0,67.38,3.697,192.9034759,8.595,0.09,71.5,160.4484801924395
43,2011-06-17,0,88.49,3.637,206.8560238,10.581,0.09,71.5,136.4548236735488
25,2011-06-17,0,63.58,3.842,208.1265604,7.287,0.09,71.5,139.32171755013522
40,2011-06-17,0,59.16,3.873,135.0837333,4.781,0.09,71.5,151.58270158491825
26,2011-06-17,0,54.5,3.873,135.0837333,7.818,0.09,71.5,152.02440551398288
45,2011-06-17,0,69.32,3.842,185.6719333,8.521,0.09,71.5,144.16940157838732
36,2011-06-17,0,84.43,3.599,213.7481256,8.3,0.09,71.5,117.91533206533296
42,2011-06-17,0,87.96,3.935,129.0432,8.494,0.09,71.5,129.15680342125975
38,2011-06-17,0,86.84,3.935,129.0432,13.736,0.09,71.5,114.63392255266767
44,2011-06-17,0,63.35,3.704,129.0432,6.906,0.09,71.5,109.22261222504933
27,2011-06-17,0,67.03,3.989,139.0028333,7.725,0.09,71.5,180.27481491196303
34,2011-06-17,0,76.58,3.618,129.0432,10.581,0.09,71.5,151.44529423945727
30,2011-06-17,0,87.54,3.637,214.6513538,7.931,0.09,71.5,121.20787249854891
24,2011-06-17,0,64.34,3.989,135.0837333,8.212,0.09,71.5,165.06571610631644
41,2011-06-17,0,62.3,3.697,192.9034759,6.934,0.09,71.5,163.974047181636
29,2011-06-17,0,63.97,3.873,135.0837333,9.966,0.09,71.5,128.50895879275944
35,2011-06-17,0,67.03,3.842,139.0028333,8.512,0.09,71.5,145.02533185107043
39,2011-06-17,0,85.21,3.637,213.7481256,8.3,0.09,71.5,169.4542453843654
28,2011-06-17,0,86.84,3.935,129.0432,13.736,0.09,71.5,163.2411152820736
31,2011-06-17,0,87.54,3.637,214.6513538,7.931,0.09,71.5,170.724947104888
33,2011-06-17,0,91.11,3.935,129.0432,8.687,0.09,71.5,102.3446012697633
23,2011-06-17,0,61.06,3.873,135.0837333,4.781,0.09,71.5,170.07043460278743
17,2011-06-17,0,56.61,3.704,129.0432,6.774,0.09,71.5,148.15436334925934
21,2011-06-17,0,87.54,3.637,214.6513538,7.931,0.09,71.5,144.762991500229
8,2011-06-17,0,84.73,3.637,218.4021448,6.297,0.09,71.5,149.40054194498882
12,2011-06-17,0,86.84,3.935,129.0432,13.736,0.09,71.5,152.23313439109273
10,2011-06-17,0,87.96,3.935,129.0432,8.494,0.09,71.5,180.362628361335
20,2011-06-17,0,66.41,3.842,208.1265604,7.287,0.09,71.5,186.8423220795875
13,2011-06-17,0,63.35,3.704,129.0432,7.193,0.09,71.5,187.37208405232332
7,2011-06-17,0,48.79,3.697,192.9034759,8.595,0.09,71.5,133.22704531363993
18,2011-06-17,0,63.23,3.873,135.0837333,8.975,0.09,71.5,154.7245935795285
3,2011-06-17,0,86.96,3.637,218.3551748,7.574,0.09,71.5,118.64335240245701
6,2011-06-17,0,87.08,3.637,216.5371616,6.855,0.09,71.5,174.75928656470575
19,2011-06-17,0,64.02,3.989,135.0837333,7.658,0.09,71.5,168.39625549431233
4,2011-06-17,0,83.51,3.618,129.0432,5.946,0.09,71.5,188.72027357463378
11,2011-06-17,0,87.9,3.637,218.3551748,7.574,0.09,71.5,165.65757065241732
5,2011-06-17,0,86.84,3.637,215.560463,6.489,0.09,71.5,109.68491703354091
15,2011-06-17,0,63.9,3.989,135.0837333,7.658,0.09,71.5,134.95691999099498
2,2011-06-17,0,86.53,3.637,214.6513538,7.931,0.09,71.5,183.99664195427889
1,2011-06-17,0,86.41,3.637,214.9980596,7.682,0.09,71.5,172.01574996506088
16,2011-06-17,0,58.34,3.697,192.9034759,6.339,0.09,71.5,131.40441308389563
9,2011-06-17,0,89.15,3.637,218.5877333,6.38,0.09,71.5,129.94147061731704
22,2011-06-17,0,63.97,3.873,139.0028333,8.252,0.09,71.5,154.58450011597952
14,2011-06-17,0,69.32,3.842,185.6719333,8.521,0.09,71.5,187.26391628996785
14,2011-06-24,0,74.85,3.804,185.7919609,8.521,0.09,71.5,186.95068574535566
25,2011-06-24,0,70.71,3.804,208.2306018,7.287,0.09,71.5,138.33337452087105
42,2011-06-24,0,90.69,3.807,129.0663,8.494,0.09,71.5,126.10368605134865
45,2011-06-24,0,74.85,3.804,185.7919609,8.521,0.09,71.5,141.72732583536998
28,2011-06-24,0,88.95,3.898,129.0663,13.736,0.09,71.5,161.07212699116587
1,2011-06-24,0,83.58,3.594,215.0910982,7.682,0.09,71.5,169.04633340227676
21,2011-06-24,0,85.72,3.594,214.7441108,7.931,0.09,71.5,142.16195226750543
32,2011-06-24,0,65.06,3.661,192.9982655,8.595,0.09,71.5,159.38715340851422
4,2011-06-24,0,81.85,3.57,129.0663,5.946,0.09,71.5,185.40482230192777
23,2011-06-24,0,63.8,3.851,135.2652667,4.781,0.09,71.5,168.88998636323305
35,2011-06-24,0,72.02,3.804,139.1832917,8.512,0.09,71.5,146.0292306751197
33,2011-06-24,0,94.11,3.807,129.0663,8.687,0.09,71.5,102.37609979792676
16,2011-06-24,0,54.36,3.661,192.9982655,6.339,0.09,71.5,130.61406570245222
30,2011-06-24,0,85.72,3.594,214.7441108,7.931,0.09,71.5,120.20372760482864
41,2011-06-24,0,59.54,3.661,192.9982655,6.934,0.09,71.5,162.37380680143585
5,2011-06-24,0,84.76,3.594,215.6539583,6.489,0.09,71.5,109.48967528059973
44,2011-06-24,0,66.38,3.668,129.0663,6.906,0.09,71.5,108.86497382528101
2,2011-06-24,0,85.17,3.594,214.7441108,7.931,0.09,71.5,179.61664470829112
24,2011-06-24,0,68.88,3.964,135.2652667,8.212,0.09,71.5,164.52558769540045
22,2011-06-24,0,68.53,3.851,139.1832917,8.252,0.09,71.5,153.34092498864732
27,2011-06-24,0,72.02,3.964,139.1832917,7.725,0.09,71.5,180.18440262690382
19,2011-06-24,0,68.4,3.964,135.2652667,7.658,0.09,71.5,169.11000129154152
10,2011-06-24,0,90.69,3.807,129.0663,8.494,0.09,71.5,177.3833084733625
7,2011-06-24,0,46.85,3.661,192.9982655,8.595,0.09,71.5,134.96368689461934
39,2011-06-24,0,84.06,3.594,213.8402689,8.3,0.09,71.5,166.53303635286764
29,2011-06-24,0,68.53,3.851,135.2652667,9.966,0.09,71.5,129.07052074114523
38,2011-06-24,0,88.95,3.898,129.0663,13.736,0.09,71.5,114.38867539728754
8,2011-06-24,0,83.94,3.594,218.4979481,6.297,0.09,71.5,146.7648734895872
11,2011-06-24,0,86.13,3.594,218.45094,7.574,0.09,71.5,162.74224880813097
36,2011-06-24,0,83.95,3.569,213.8402689,8.3,0.09,71.5,114.92207370086412
18,2011-06-24,0,67.41,3.851,135.2652667,8.975,0.09,71.5,155.15941117291518
13,2011-06-24,0,66.38,3.668,129.0663,7.193,0.09,71.5,185.425720483176
3,2011-06-24,0,84.94,3.594,218.45094,7.574,0.09,71.5,117.14596145289421
12,2011-06-24,0,88.95,3.898,129.0663,13.736,0.09,71.5,152.69350954568216
17,2011-06-24,0,60.99,3.668,129.0663,6.774,0.09,71.5,149.34066604134856
26,2011-06-24,0,56.94,3.851,135.2652667,7.818,0.09,71.5,152.7016855540591
43,2011-06-24,0,88.3,3.594,206.9424405,10.581,0.09,71.5,132.85686759543296
20,2011-06-24,0,72.4,3.804,208.2306018,7.287,0.09,71.5,183.91982173294906
6,2011-06-24,0,85.51,3.594,216.6314502,6.855,0.09,71.5,172.36490734968947
31,2011-06-24,0,85.72,3.594,214.7441108,7.931,0.09,71.5,166.96505759004916
15,2011-06-24,0,69.96,3.964,135.2652667,7.658,0.09,71.5,135.92748022516167
40,2011-06-24,0,62.59,3.851,135.2652667,4.781,0.09,71.5,151.82855545216734
37,2011-06-24,0,83.95,3.594,213.8402689,8.3,0.09,71.5,126.6269031447733
9,2011-06-24,0,86.74,3.594,218.6836874,6.38,0.09,71.5,128.63117842322188
34,2011-06-24,0,77.16,3.57,129.0663,10.581,0.09,71.5,149.47917166353355
9,2011-07-01,0,89.14,3.524,218.7796415,6.404,0.07,63.7,128.51896923021684
8,2011-07-01,0,87.26,3.524,218.5937514,6.425,0.07,63.7,147.64538715374465
11,2011-07-01,0,86.43,3.524,218.5467052,7.567,0.07,63.7,164.26696378072361
23,2011-07-01,0,65.65,3.815,135.4468,4.584,0.07,63.7,170.7715321067851
33,2011-07-01,0,98.43,3.842,129.0894,8.442,0.07,63.7,100.93406890785076
3,2011-07-01,0,85.1,3.524,218.5467052,7.567,0.07,63.7,115.71523540594961
35,2011-07-01,0,73.76,3.748,139.36375,8.684,0.07,63.7,147.21488977509765
38,2011-07-01,0,89.85,3.842,129.0894,13.503,0.07,63.7,117.29990769219107
13,2011-07-01,0,74.29,3.613,129.0894,6.877,0.07,63.7,186.41157267522573
36,2011-07-01,0,85.33,3.502,213.9324122,8.177,0.07,63.7,114.40602804226843
26,2011-07-01,0,59.89,3.815,135.4468,7.767,0.07,63.7,155.71328630209254
16,2011-07-01,0,63.59,3.597,193.0930552,6.338,0.07,63.7,133.08982786459197
39,2011-07-01,0,84.93,3.524,213.9324122,8.177,0.07,63.7,168.75247415883265
44,2011-07-01,0,74.29,3.613,129.0894,6.56,0.07,63.7,110.72770501423064
30,2011-07-01,0,87.57,3.524,214.8368678,7.852,0.07,63.7,120.68365788848845
5,2011-07-01,0,85.81,3.524,215.7474537,6.529,0.07,63.7,111.87610261164545
7,2011-07-01,0,58.54,3.597,193.0930552,8.622,0.07,63.7,138.6122558238611
40,2011-07-01,0,65.25,3.815,135.4468,4.584,0.07,63.7,154.8480401635882
10,2011-07-01,0,95.36,3.842,129.0894,8.257,0.07,63.7,178.50917433567304
19,2011-07-01,0,67.64,3.916,135.4468,7.806,0.07,63.7,169.82023417368788
21,2011-07-01,0,87.57,3.524,214.8368678,7.852,0.07,63.7,142.84212879176152
37,2011-07-01,0,85.33,3.524,213.9324122,8.177,0.07,63.7,127.16167592077082
6,2011-07-01,0,87.0,3.524,216.7257388,6.925,0.07,63.7,176.88604849095228
22,2011-07-01,0,70.8,3.815,139.36375,8.023,0.07,63.7,156.01051403238037
24,2011-07-01,0,70.27,3.916,135.4468,8.358,0.07,63.7,169.26636510126968
27,2011-07-01,0,73.76,3.916,139.36375,7.85,0.07,63.7,183.89783747673158
2,2011-07-01,0,85.69,3.524,214.8368678,7.852,0.07,63.7,181.67699569393884
41,2011-07-01,0,67.01,3.597,193.0930552,6.901,0.07,63.7,165.5145323347585
20,2011-07-01,0,69.66,3.748,208.3346432,7.274,0.07,63.7,186.54064558696345
17,2011-07-01,0,67.39,3.613,129.0894,6.745,0.07,63.7,150.22818934458743
28,2011-07-01,0,89.85,3.842,129.0894,13.503,0.07,63.7,165.0204563570379
14,2011-07-01,0,74.04,3.748,185.9119885,8.625,0.07,63.7,187.07915619459627
42,2011-07-01,0,95.36,3.842,129.0894,8.257,0.07,63.7,126.42288429973364
1,2011-07-01,0,85.55,3.524,215.1841368,7.962,0.07,63.7,170.645518847982
43,2011-07-01,0,91.36,3.524,207.0288571,10.641,0.07,63.7,131.7333288472504
4,2011-07-01,0,84.54,3.504,129.0894,5.644,0.07,63.7,186.49960968425268
34,2011-07-01,0,81.96,3.504,129.0894,10.641,0.07,63.7,148.90546108759045
45,2011-07-01,0,74.04,3.748,185.9119885,8.625,0.07,63.7,143.18843008948096
12,2011-07-01,0,89.85,3.842,129.0894,13.503,0.07,63.7,151.1723081844082
15,2011-07-01,0,67.43,3.916,135.4468,7.806,0.07,63.7,136.95996054309236
25,2011-07-01,0,66.61,3.748,208.3346432,7.274,0.07,63.7,138.71426274818805
31,2011-07-01,0,87.57,3.524,214.8368678,7.852,0.07,63.7,166.8278404596405
29,2011-07-01,0,70.8,3.815,135.4468,9.863,0.07,63.7,130.4864552050473
32,2011-07-01,0,72.86,3.597,193.0930552,8.622,0.07,63.7,160.7397183217253
18,2011-07-01,0,69.75,3.815,135.4468,8.89,0.07,63.7,156.393712309527
9,2011-07-08,0,89.04,3.48,218.8755955,6.404,0.07,63.7,128.44672097019514
19,2011-07-08,0,73.2,3.886,135.6283333,7.806,0.07,63.7,169.90893354132197
1,2011-07-08,0,85.83,3.48,215.2771754,7.962,0.07,63.7,172.10079076120687
5,2011-07-08,0,86.64,3.48,215.8409491,6.529,0.07,63.7,110.28544811902515
44,2011-07-08,0,77.3,3.563,129.1125,6.56,0.07,63.7,108.717913873404
22,2011-07-08,0,74.22,3.784,139.5442083,8.023,0.07,63.7,153.52855868459903
37,2011-07-08,0,84.71,3.48,214.0245556,8.177,0.07,63.7,125.20254745331168
6,2011-07-08,0,88.36,3.48,216.8200275,6.925,0.07,63.7,177.31325669416643
15,2011-07-08,0,73.47,3.886,135.6283333,7.806,0.07,63.7,134.67336382435877
31,2011-07-08,0,89.16,3.48,214.9296249,7.852,0.07,63.7,168.53335128991688
24,2011-07-08,0,72.56,3.886,135.6283333,8.358,0.07,63.7,173.10276467997454
23,2011-07-08,0,69.92,3.784,135.6283333,4.584,0.07,63.7,167.08358847181623
32,2011-07-08,0,72.56,3.54,193.1878448,8.622,0.07,63.7,157.3133194314609
27,2011-07-08,0,76.87,3.886,139.5442083,7.85,0.07,63.7,185.19272992578087
30,2011-07-08,0,89.16,3.48,214.9296249,7.852,0.07,63.7,119.968428946302
41,2011-07-08,0,68.49,3.54,193.1878448,6.901,0.07,63.7,165.7041317435117
2,2011-07-08,0,87.7,3.48,214.9296249,7.852,0.07,63.7,181.32355970319804
45,2011-07-08,0,77.49,3.711,186.032016,8.625,0.07,63.7,142.02937296858227
20,2011-07-08,0,74.69,3.711,208.4386847,7.274,0.07,63.7,188.2942116223105
34,2011-07-08,0,80.84,3.469,129.1125,10.641,0.07,63.7,149.62023496272658
42,2011-07-08,0,88.57,3.793,129.1125,8.257,0.07,63.7,132.1357682552353
16,2011-07-08,0,65.0,3.54,193.1878448,6.338,0.07,63.7,134.64475764532656
21,2011-07-08,0,89.16,3.48,214.9296249,7.852,0.07,63.7,140.2188396744971
17,2011-07-08,0,70.6,3.563,129.1125,6.745,0.07,63.7,149.08503896240418
8,2011-07-08,0,83.57,3.48,218.6895548,6.425,0.07,63.7,146.62706378537686
25,2011-07-08,0,71.64,3.711,208.4386847,7.274,0.07,63.7,138.2925544627733
11,2011-07-08,0,87.17,3.48,218.6424704,7.567,0.07,63.7,165.55859591317716
18,2011-07-08,0,73.12,3.784,135.6283333,8.89,0.07,63.7,154.8454285002928
3,2011-07-08,0,85.38,3.48,218.6424704,7.567,0.07,63.7,117.95719799780788
12,2011-07-08,0,89.9,3.705,129.1125,13.503,0.07,63.7,150.36846105168038
35,2011-07-08,0,76.87,3.711,139.5442083,8.684,0.07,63.7,144.98260746373742
33,2011-07-08,0,96.44,3.793,129.1125,8.442,0.07,63.7,105.20431408680277
10,2011-07-08,0,88.57,3.793,129.1125,8.257,0.07,63.7,177.03499619729752
26,2011-07-08,0,63.34,3.784,135.6283333,7.767,0.07,63.7,158.2333427465192
29,2011-07-08,0,74.22,3.784,135.6283333,9.863,0.07,63.7,129.2167947163735
28,2011-07-08,0,89.9,3.705,129.1125,13.503,0.07,63.7,169.72115477628782
13,2011-07-08,0,77.3,3.563,129.1125,6.877,0.07,63.7,185.74516124180516
36,2011-07-08,0,84.71,3.44,214.0245556,8.177,0.07,63.7,116.45557320498494
4,2011-07-08,0,84.59,3.469,129.1125,5.644,0.07,63.7,186.87612248462392
39,2011-07-08,0,84.33,3.48,214.0245556,8.177,0.07,63.7,168.25100910963545
43,2011-07-08,0,87.02,3.48,207.1152738,10.641,0.07,63.7,135.61225902215088
40,2011-07-08,0,67.86,3.784,135.6283333,4.584,0.07,63.7,157.19995458098805
7,2011-07-08,0,59.08,3.54,193.1878448,8.622,0.07,63.7,141.67206874781414
38,2011-07-08,0,89.9,3.705,129.1125,13.503,0.07,63.7,118.33590826408971
14,2011-07-08,0,77.49,3.711,186.032016,8.625,0.07,63.7,186.79749473527835
13,2011-07-15,0,75.59,3.553,129.1338387,6.877,0.07,63.7,184.0758681364565
16,2011-07-15,0,65.16,3.532,193.3125484,6.338,0.07,63.7,131.73708521661501
15,2011-07-15,0,73.34,3.915,135.7837419,7.806,0.07,63.7,134.01878310265613
14,2011-07-15,0,78.47,3.76,186.1399808,8.625,0.07,63.7,183.99071902107596
37,2011-07-15,0,85.63,3.575,214.1083654,8.177,0.07,63.7,125.89049087708031
43,2011-07-15,0,84.67,3.575,207.1940691,10.641,0.07,63.7,134.47846099809252
9,2011-07-15,0,90.45,3.575,218.9607242,6.404,0.07,63.7,126.87328971599881
21,2011-07-15,0,91.05,3.575,215.0134426,7.852,0.07,63.7,139.91007961617584
8,2011-07-15,0,84.26,3.575,218.7746217,6.425,0.07,63.7,146.05446711040523
3,2011-07-15,0,87.14,3.575,218.7275216,7.567,0.07,63.7,116.10789142840741
26,2011-07-15,0,64.43,3.827,135.7837419,7.767,0.07,63.7,153.7163287390505
36,2011-07-15,0,85.63,3.55,214.1083654,8.177,0.07,63.7,117.1553806046989
25,2011-07-15,0,72.67,3.76,208.5309337,7.274,0.07,63.7,137.28931633518062
4,2011-07-15,0,83.27,3.563,129.1338387,5.644,0.07,63.7,186.43703539824318
42,2011-07-15,0,86.01,3.779,129.1338387,8.257,0.07,63.7,132.04060429826498
10,2011-07-15,0,86.01,3.779,129.1338387,8.257,0.07,63.7,179.17483880418695
19,2011-07-15,0,73.7,3.915,135.7837419,7.806,0.07,63.7,167.48846607424576
32,2011-07-15,0,70.55,3.532,193.3125484,8.622,0.07,63.7,158.63681180996778
31,2011-07-15,0,91.05,3.575,215.0134426,7.852,0.07,63.7,168.2809933224054
20,2011-07-15,0,74.88,3.76,208.5309337,7.274,0.07,63.7,186.20576448918902
27,2011-07-15,0,77.83,3.915,139.7006325,7.85,0.07,63.7,178.81294890625304
2,2011-07-15,0,89.83,3.575,215.0134426,7.852,0.07,63.7,179.45709338745002
44,2011-07-15,0,75.59,3.553,129.1338387,6.56,0.07,63.7,108.07922488372522
38,2011-07-15,0,88.1,3.692,129.1338387,13.503,0.07,63.7,115.55857514812142
30,2011-07-15,0,91.05,3.575,215.0134426,7.852,0.07,63.7,120.02843740962258
5,2011-07-15,0,88.64,3.575,215.9250696,6.529,0.07,63.7,107.4503032558903
41,2011-07-15,0,68.18,3.532,193.3125484,6.901,0.07,63.7,162.42414248996664
7,2011-07-15,0,54.37,3.532,193.3125484,8.622,0.07,63.7,135.12239114815975
35,2011-07-15,0,77.83,3.76,139.7006325,8.684,0.07,63.7,144.3023732712194
24,2011-07-15,0,74.43,3.915,135.7837419,8.358,0.07,63.7,166.32163695913016
29,2011-07-15,0,75.2,3.827,135.7837419,9.863,0.07,63.7,126.34629257079108
18,2011-07-15,0,74.36,3.827,135.7837419,8.89,0.07,63.7,151.73401077603944
28,2011-07-15,0,88.1,3.692,129.1338387,13.503,0.07,63.7,160.64772642383093
39,2011-07-15,0,85.96,3.575,214.1083654,8.177,0.07,63.7,167.10941539035755
12,2011-07-15,0,88.1,3.692,129.1338387,13.503,0.07,63.7,150.0257006851728
17,2011-07-15,0,67.93,3.553,129.1338387,6.745,0.07,63.7,148.52343960785328
45,2011-07-15,0,78.47,3.76,186.1399808,8.625,0.07,63.7,140.97598257245693
23,2011-07-15,0,69.8,3.827,135.7837419,4.584,0.07,63.7,166.44327559090183
1,2011-07-15,0,88.54,3.575,215.3611087,7.962,0.07,63.7,169.574777805449
34,2011-07-15,0,78.09,3.563,129.1338387,10.641,0.07,63.7,148.57626486199888
6,2011-07-15,0,88.93,3.575,216.9044732,6.925,0.07,63.7,171.85020073730803
40,2011-07-15,0,68.9,3.827,135.7837419,4.584,0.07,63.7,150.78923788686907
22,2011-07-15,0,75.2,3.827,139.7006325,8.023,0.07,63.7,151.1705710771476
33,2011-07-15,0,92.83,3.779,129.1338387,8.442,0.07,63.7,105.4605611162763
11,2011-07-15,0,88.3,3.575,218.7275216,7.567,0.07,63.7,163.17120850513072
39,2011-07-22,0,84.6,3.651,214.1713416,8.177,0.07,63.7,168.29851745262022
33,2011-07-22,0,97.17,3.697,129.1507742,8.442,0.07,63.7,102.43417463150676
10,2011-07-22,0,88.59,3.697,129.1507742,8.257,0.07,63.7,179.15454872310465
36,2011-07-22,0,83.31,3.637,214.1713416,8.177,0.07,63.7,115.03826232279376
12,2011-07-22,0,91.17,3.794,129.1507742,13.503,0.07,63.7,149.4088082905914
19,2011-07-22,0,79.37,3.972,135.8738387,7.806,0.07,63.7,167.0039801436575
34,2011-07-22,0,80.75,3.627,129.1507742,10.641,0.07,63.7,149.00218965348319
22,2011-07-22,0,77.79,3.882,139.7969712,8.023,0.07,63.7,151.28970302366506
7,2011-07-22,0,56.22,3.545,193.5120367,8.622,0.07,63.7,137.71108674250974
43,2011-07-22,0,88.58,3.651,207.2538111,10.641,0.07,63.7,132.39107287294303
29,2011-07-22,0,77.79,3.882,135.8738387,9.863,0.07,63.7,126.49199252412492
17,2011-07-22,0,69.82,3.563,129.1507742,6.745,0.07,63.7,148.3546737095108
42,2011-07-22,0,88.59,3.697,129.1507742,8.257,0.07,63.7,126.76833513403727
28,2011-07-22,0,91.17,3.794,129.1507742,13.503,0.07,63.7,159.46317902623014
4,2011-07-22,0,82.84,3.627,129.1507742,5.644,0.07,63.7,186.11365399219346
32,2011-07-22,0,76.0,3.545,193.5120367,8.622,0.07,63.7,160.21051944711536
45,2011-07-22,0,82.33,3.811,186.2177885,8.625,0.07,63.7,140.61764623487826
25,2011-07-22,0,78.1,3.811,208.5937018,7.274,0.07,63.7,136.7437692896706
31,2011-07-22,0,90.27,3.651,215.0749122,7.852,0.07,63.7,167.83345227928524
18,2011-07-22,0,78.68,3.882,135.8738387,8.89,0.07,63.7,152.43680208455172
21,2011-07-22,0,90.27,3.651,215.0749122,7.852,0.07,63.7,142.83460627675973
15,2011-07-22,0,79.97,3.972,135.8738387,7.806,0.07,63.7,133.0128244755833
8,2011-07-22,0,85.46,3.651,218.8328475,6.425,0.07,63.7,145.08896975206596
11,2011-07-22,0,87.8,3.651,218.7857881,7.567,0.07,63.7,164.02429832588757
35,2011-07-22,0,82.28,3.811,139.7969712,8.684,0.07,63.7,144.6144399188458
38,2011-07-22,0,91.17,3.794,129.1507742,13.503,0.07,63.7,115.41568082573751
14,2011-07-22,0,82.33,3.811,186.2177885,8.625,0.07,63.7,182.10224402313696
24,2011-07-22,0,79.29,3.972,135.8738387,8.358,0.07,63.7,166.34655998175447
1,2011-07-22,0,85.77,3.651,215.4222784,7.962,0.07,63.7,167.6666581061315
27,2011-07-22,0,82.28,3.972,139.7969712,7.85,0.07,63.7,178.60816965489028
20,2011-07-22,0,78.89,3.811,208.5937018,7.274,0.07,63.7,183.92187055462583
6,2011-07-22,0,88.06,3.651,216.964312,6.925,0.07,63.7,171.84099253877935
41,2011-07-22,0,74.11,3.545,193.5120367,6.901,0.07,63.7,164.10374036399338
44,2011-07-22,0,78.5,3.563,129.1507742,6.56,0.07,63.7,109.5127009911326
5,2011-07-22,0,86.97,3.651,215.985753,6.529,0.07,63.7,108.42783719913912
9,2011-07-22,0,89.08,3.651,219.0187895,6.404,0.07,63.7,125.37314844006387
40,2011-07-22,0,73.34,3.882,135.8738387,4.584,0.07,63.7,151.98116249881764
30,2011-07-22,0,90.27,3.651,215.0749122,7.852,0.07,63.7,120.26142617074134
16,2011-07-22,0,65.36,3.545,193.5120367,6.338,0.07,63.7,131.4177728712685
2,2011-07-22,0,89.34,3.651,215.0749122,7.852,0.07,63.7,178.29563194358374
26,2011-07-22,0,69.52,3.882,135.8738387,7.767,0.07,63.7,153.56282181034254
37,2011-07-22,0,83.31,3.651,214.1713416,8.177,0.07,63.7,126.36705452533921
3,2011-07-22,0,86.19,3.651,218.7857881,7.567,0.07,63.7,114.97633998405489
13,2011-07-22,0,78.5,3.563,129.1507742,6.877,0.07,63.7,184.85970634121605
23,2011-07-22,0,76.74,3.882,135.8738387,4.584,0.07,63.7,166.49833401625
23,2011-07-29,0,69.55,3.898,135.9639355,4.584,0.07,63.7,165.0451942710935
33,2011-07-29,0,95.28,3.694,129.1677097,8.442,0.07,63.7,100.69600857881298
42,2011-07-29,0,86.75,3.694,129.1677097,8.257,0.07,63.7,124.4963675741786
11,2011-07-29,0,89.46,3.682,218.8440545,7.567,0.07,63.7,161.2246484958165
32,2011-07-29,0,75.91,3.547,193.711525,8.622,0.07,63.7,159.61934033415795
28,2011-07-29,0,93.29,3.805,129.1677097,13.503,0.07,63.7,157.4817134149113
8,2011-07-29,0,86.46,3.682,218.8910733,6.425,0.07,63.7,143.9676652792535
29,2011-07-29,0,75.32,3.898,135.9639355,9.863,0.07,63.7,124.16109515935021
41,2011-07-29,0,71.3,3.547,193.711525,6.901,0.07,63.7,162.5165981921551
15,2011-07-29,0,74.67,4.004,135.9639355,7.806,0.07,63.7,131.14943144987055
9,2011-07-29,0,91.1,3.682,219.0768548,6.404,0.07,63.7,123.92642694304703
14,2011-07-29,0,81.31,3.829,186.2955962,8.625,0.07,63.7,181.8056427107593
13,2011-07-29,0,77.62,3.574,129.1677097,6.877,0.07,63.7,182.06781218702417
18,2011-07-29,0,73.85,3.898,135.9639355,8.89,0.07,63.7,150.8286431902739
6,2011-07-29,0,90.22,3.682,217.0241507,6.925,0.07,63.7,170.50086465285855
4,2011-07-29,0,84.36,3.659,129.1677097,5.644,0.07,63.7,184.92621955084147
37,2011-07-29,0,84.99,3.682,214.2343177,8.177,0.07,63.7,126.32735064101716
25,2011-07-29,0,74.72,3.829,208.6564699,7.274,0.07,63.7,136.60362362184807
16,2011-07-29,0,66.84,3.547,193.711525,6.338,0.07,63.7,131.45706029647985
45,2011-07-29,0,81.31,3.829,186.2955962,8.625,0.07,63.7,138.63071283014554
21,2011-07-29,0,91.56,3.682,215.1363819,7.852,0.07,63.7,141.11906730160226
24,2011-07-29,0,74.84,4.004,135.9639355,8.358,0.07,63.7,164.73937274826307
30,2011-07-29,0,91.56,3.682,215.1363819,7.852,0.07,63.7,119.52521830984074
35,2011-07-29,0,79.41,3.829,139.8933099,8.684,0.07,63.7,142.13738537832555
27,2011-07-29,0,79.41,4.004,139.8933099,7.85,0.07,63.7,178.3257150800913
22,2011-07-29,0,75.32,3.898,139.8933099,8.023,0.07,63.7,150.4234159750033
34,2011-07-29,0,78.04,3.659,129.1677097,10.641,0.07,63.7,146.12787040249177
3,2011-07-29,0,88.07,3.682,218.8440545,7.567,0.07,63.7,113.59455781216195
19,2011-07-29,0,74.86,4.004,135.9639355,7.806,0.07,63.7,164.3127383222894
2,2011-07-29,0,90.07,3.682,215.1363819,7.852,0.07,63.7,176.4841652877618
12,2011-07-29,0,93.29,3.805,129.1677097,13.503,0.07,63.7,147.96341756278593
1,2011-07-29,0,86.83,3.682,215.4834482,7.962,0.07,63.7,166.1610071367303
26,2011-07-29,0,63.32,3.898,135.9639355,7.767,0.07,63.7,153.03617987407665
43,2011-07-29,0,83.43,3.682,207.313553,10.641,0.07,63.7,128.30835803743832
7,2011-07-29,0,56.66,3.547,193.711525,8.622,0.07,63.7,135.74181640875895
40,2011-07-29,0,67.45,3.898,135.9639355,4.584,0.07,63.7,149.71718901561908
39,2011-07-29,0,86.24,3.682,214.2343177,8.177,0.07,63.7,168.6407646379891
10,2011-07-29,0,86.75,3.694,129.1677097,8.257,0.07,63.7,178.35294498895317
20,2011-07-29,0,77.47,3.829,208.6564699,7.274,0.07,63.7,181.46640928404352
44,2011-07-29,0,77.62,3.574,129.1677097,6.56,0.07,63.7,107.06830712571306
5,2011-07-29,0,89.42,3.682,216.0464364,6.529,0.07,63.7,106.57813635953195
38,2011-07-29,0,93.29,3.805,129.1677097,13.503,0.07,63.7,114.48379288120132
36,2011-07-29,0,84.99,3.66,214.2343177,8.177,0.07,63.7,114.41419540070596
31,2011-07-29,0,91.56,3.682,215.1363819,7.852,0.07,63.7,164.63991378344863
17,2011-07-29,0,68.59,3.574,129.1677097,6.745,0.07,63.7,146.62373499832105
29,2011-08-05,0,75.33,3.903,136.0540323,9.863,0.1,55.8,126.22324874335621
34,2011-08-05,0,76.71,3.662,129.1846452,10.641,0.1,55.8,150.30282879285255
42,2011-08-05,0,89.8,3.803,129.1846452,8.257,0.1,55.8,130.83756291000617
32,2011-08-05,0,74.83,3.554,193.9110133,8.622,0.1,55.8,160.8084259152724
9,2011-08-05,0,91.52,3.684,219.1349201,6.404,0.1,55.8,129.69479549562942
3,2011-08-05,0,88.45,3.684,218.9023209,7.567,0.1,55.8,119.17974206380681
17,2011-08-05,0,65.71,3.595,129.1846452,6.745,0.1,55.8,146.82637316766977
43,2011-08-05,0,87.47,3.684,207.3732949,10.641,0.1,55.8,132.92000298252455
12,2011-08-05,0,90.61,3.803,129.1846452,13.503,0.1,55.8,152.3277291084312
45,2011-08-05,0,78.22,3.842,186.3734038,8.625,0.1,55.8,141.88923369045884
31,2011-08-05,0,94.22,3.684,215.1978515,7.852,0.1,55.8,168.72511096982518
15,2011-08-05,0,73.63,4.02,136.0540323,7.806,0.1,55.8,133.04247564770617
20,2011-08-05,0,77.8,3.842,208.719238,7.274,0.1,55.8,189.88458506423197
6,2011-08-05,0,91.46,3.684,217.0839894,6.925,0.1,55.8,174.14258181376724
40,2011-08-05,0,68.1,3.903,136.0540323,4.584,0.1,55.8,155.4580795733617
14,2011-08-05,0,78.22,3.842,186.3734038,8.625,0.1,55.8,186.8630813837307
26,2011-08-05,0,63.16,3.903,136.0540323,7.767,0.1,55.8,157.20730104694678
23,2011-08-05,0,69.53,3.903,136.0540323,4.584,0.1,55.8,168.30969132798617
25,2011-08-05,0,74.0,3.842,208.719238,7.274,0.1,55.8,137.2440920094748
11,2011-08-05,0,90.04,3.684,218.9023209,7.567,0.1,55.8,167.87507105756205
5,2011-08-05,0,91.07,3.684,216.1071198,6.529,0.1,55.8,110.96978546145968
19,2011-08-05,0,73.84,4.02,136.0540323,7.806,0.1,55.8,168.06618780869476
21,2011-08-05,0,94.22,3.684,215.1978515,7.852,0.1,55.8,142.79020611616141
8,2011-08-05,0,85.15,3.684,218.9492991,6.425,0.1,55.8,148.0486793368297
35,2011-08-05,0,78.14,3.842,139.9896486,8.684,0.1,55.8,144.9388682802835
38,2011-08-05,0,90.61,3.803,129.1846452,13.503,0.1,55.8,121.37491020654163
44,2011-08-05,0,75.56,3.595,129.1846452,6.56,0.1,55.8,109.00006155938335
24,2011-08-05,0,74.64,4.02,136.0540323,8.358,0.1,55.8,168.35159387127578
36,2011-08-05,0,86.71,3.652,214.2972939,8.177,0.1,55.8,116.76137863256298
27,2011-08-05,0,78.14,4.02,139.9896486,7.85,0.1,55.8,178.39390493205173
22,2011-08-05,0,75.33,3.903,139.9896486,8.023,0.1,55.8,152.09264710181768
39,2011-08-05,0,87.73,3.684,214.2972939,8.177,0.1,55.8,171.59983785888596
7,2011-08-05,0,55.91,3.554,193.9110133,8.622,0.1,55.8,138.11927851052243
10,2011-08-05,0,89.8,3.803,129.1846452,8.257,0.1,55.8,182.2154260565693
2,2011-08-05,0,93.34,3.684,215.1978515,7.852,0.1,55.8,181.9583518078901
30,2011-08-05,0,94.22,3.684,215.1978515,7.852,0.1,55.8,120.92043376890759
1,2011-08-05,0,91.65,3.684,215.544618,7.962,0.1,55.8,174.82591645172232
4,2011-08-05,0,86.09,3.662,129.1846452,5.644,0.1,55.8,189.17832205834378
13,2011-08-05,0,75.56,3.595,129.1846452,6.877,0.1,55.8,187.11815597786799
37,2011-08-05,0,86.71,3.684,214.2972939,8.177,0.1,55.8,126.7317124574938
41,2011-08-05,0,72.19,3.554,193.9110133,6.901,0.1,55.8,167.84304153081305
16,2011-08-05,0,63.96,3.554,193.9110133,6.338,0.1,55.8,132.12005270039614
33,2011-08-05,0,96.93,3.803,129.1846452,8.442,0.1,55.8,102.85868701425103
28,2011-08-05,0,90.61,3.803,129.1846452,13.503,0.1,55.8,171.758724142567
18,2011-08-05,0,74.58,3.903,136.0540323,8.89,0.1,55.8,152.92804825230562
7,2011-08-12,0,54.56,3.542,194.1105017,8.622,0.1,55.8,136.7332890272838
13,2011-08-12,0,75.95,3.606,129.2015806,6.877,0.1,55.8,184.4271902364005
16,2011-08-12,0,67.09,3.542,194.1105017,6.338,0.1,55.8,130.27866871017517
22,2011-08-12,0,74.69,3.88,140.0859873,8.023,0.1,55.8,152.458880574948
27,2011-08-12,0,76.67,3.995,140.0859873,7.85,0.1,55.8,178.70839453844653
2,2011-08-12,0,91.58,3.638,215.2593211,7.852,0.1,55.8,180.2205580274353
3,2011-08-12,0,88.88,3.638,218.9605873,7.567,0.1,55.8,116.70637267748181
30,2011-08-12,0,92.32,3.638,215.2593211,7.852,0.1,55.8,119.36180205713687
23,2011-08-12,0,69.86,3.88,136.144129,4.584,0.1,55.8,167.1327435216733
6,2011-08-12,0,90.49,3.638,217.1438281,6.925,0.1,55.8,170.53284298971388
24,2011-08-12,0,72.52,3.995,136.144129,8.358,0.1,55.8,167.86243271932483
34,2011-08-12,0,80.23,3.617,129.2015806,10.641,0.1,55.8,150.92095378762738
33,2011-08-12,0,96.0,3.794,129.2015806,8.442,0.1,55.8,106.53240654928258
41,2011-08-12,0,67.65,3.542,194.1105017,6.901,0.1,55.8,166.3131693480345
40,2011-08-12,0,68.3,3.88,136.144129,4.584,0.1,55.8,150.8882957979087
5,2011-08-12,0,90.16,3.638,216.1678032,6.529,0.1,55.8,108.15098638658468
9,2011-08-12,0,91.63,3.638,219.1929854,6.404,0.1,55.8,127.38526212451333
20,2011-08-12,0,73.52,3.812,208.7820061,7.274,0.1,55.8,186.51753872104257
44,2011-08-12,0,75.95,3.606,129.2015806,6.56,0.1,55.8,108.20470425924073
26,2011-08-12,0,62.99,3.88,136.144129,7.767,0.1,55.8,156.4174114460132
1,2011-08-12,0,90.76,3.638,215.6057878,7.962,0.1,55.8,171.79857895803733
37,2011-08-12,0,87.64,3.638,214.3602701,8.177,0.1,55.8,126.15445242300609
10,2011-08-12,0,85.61,3.794,129.2015806,8.257,0.1,55.8,183.0420543804801
42,2011-08-12,0,85.61,3.794,129.2015806,8.257,0.1,55.8,132.7478686302305
32,2011-08-12,0,74.2,3.542,194.1105017,8.622,0.1,55.8,160.99761464792445
28,2011-08-12,0,91.04,3.701,129.2015806,13.503,0.1,55.8,161.43920619333332
4,2011-08-12,0,82.98,3.617,129.2015806,5.644,0.1,55.8,187.84841392048574
8,2011-08-12,0,86.05,3.638,219.0075249,6.425,0.1,55.8,146.38194967213664
25,2011-08-12,0,70.93,3.812,208.7820061,7.274,0.1,55.8,136.53179738916572
45,2011-08-12,0,77.0,3.812,186.4512115,8.625,0.1,55.8,139.68866609389806
29,2011-08-12,0,74.69,3.88,136.144129,9.863,0.1,55.8,123.91625527518471
18,2011-08-12,0,73.57,3.88,136.144129,8.89,0.1,55.8,149.68913435952695
19,2011-08-12,0,70.92,3.995,136.144129,7.806,0.1,55.8,166.45850433161579
14,2011-08-12,0,77.0,3.812,186.4512115,8.625,0.1,55.8,183.34201217121367
15,2011-08-12,0,70.63,3.995,136.144129,7.806,0.1,55.8,131.9865862687384
21,2011-08-12,0,92.32,3.638,215.2593211,7.852,0.1,55.8,142.45027161922354
11,2011-08-12,0,90.3,3.638,218.9605873,7.567,0.1,55.8,166.22806489082336
36,2011-08-12,0,87.64,3.608,214.3602701,8.177,0.1,55.8,116.69021081341566
12,2011-08-12,0,91.04,3.701,129.2015806,13.503,0.1,55.8,150.90614604960248
38,2011-08-12,0,91.04,3.701,129.2015806,13.503,0.1,55.8,117.34311135556278
43,2011-08-12,0,86.64,3.638,207.4330369,10.641,0.1,55.8,132.28416401544808
17,2011-08-12,0,64.79,3.606,129.2015806,6.745,0.1,55.8,143.65591942760398
31,2011-08-12,0,92.32,3.638,215.2593211,7.852,0.1,55.8,169.19214167024634
35,2011-08-12,0,76.67,3.812,140.0859873,8.684,0.1,55.8,144.60087159090983
39,2011-08-12,0,88.27,3.638,214.3602701,8.177,0.1,55.8,171.45139552618403
28,2011-08-19,0,91.74,3.743,129.2405806,13.503,0.1,55.8,160.74620458684845
16,2011-08-19,0,68.83,3.499,194.2500634,6.338,0.1,55.8,129.67853618063623
42,2011-08-19,0,87.4,3.743,129.2405806,8.257,0.1,55.8,127.81783358323455
31,2011-08-19,0,90.11,3.554,215.3229307,7.852,0.1,55.8,170.61387482950295
6,2011-08-19,0,89.26,3.554,217.2069662,6.925,0.1,55.8,170.8044003836555
4,2011-08-19,0,82.77,3.55,129.2405806,5.644,0.1,55.8,190.9215808549728
8,2011-08-19,0,82.92,3.554,219.0701968,6.425,0.1,55.8,148.17185135811414
41,2011-08-19,0,70.55,3.499,194.2500634,6.901,0.1,55.8,168.19806904488766
40,2011-08-19,0,64.05,3.82,136.183129,4.584,0.1,55.8,150.3471849859762
29,2011-08-19,0,71.3,3.82,136.183129,9.863,0.1,55.8,125.84157083994276
20,2011-08-19,0,71.25,3.747,208.8424359,7.274,0.1,55.8,184.9350634696069
17,2011-08-19,0,67.59,3.578,129.2405806,6.745,0.1,55.8,143.4910910915855
26,2011-08-19,0,60.58,3.82,136.183129,7.767,0.1,55.8,153.72602949927852
18,2011-08-19,0,69.24,3.82,136.183129,8.89,0.1,55.8,149.877476506332
30,2011-08-19,0,90.11,3.554,215.3229307,7.852,0.1,55.8,119.54173133582705
38,2011-08-19,0,91.74,3.743,129.2405806,13.503,0.1,55.8,115.11961424688174
15,2011-08-19,0,70.41,3.942,136.183129,7.806,0.1,55.8,132.522839169727
5,2011-08-19,0,89.35,3.554,216.2311855,6.529,0.1,55.8,109.5668814247106
7,2011-08-19,0,56.06,3.499,194.2500634,8.622,0.1,55.8,135.26330091150803
39,2011-08-19,0,87.93,3.554,214.4239935,8.177,0.1,55.8,174.96541298519577
27,2011-08-19,0,72.97,3.942,140.1289205,7.85,0.1,55.8,179.36567247584028
19,2011-08-19,0,71.14,3.942,136.183129,7.806,0.1,55.8,167.49555071692222
37,2011-08-19,0,87.24,3.554,214.4239935,8.177,0.1,55.8,126.46150472572239
32,2011-08-19,0,73.72,3.499,194.2500634,8.622,0.1,55.8,161.53299573143616
1,2011-08-19,0,89.94,3.554,215.6693107,7.962,0.1,55.8,171.97362274732905
45,2011-08-19,0,72.98,3.747,186.5093071,8.625,0.1,55.8,139.04999637376915
14,2011-08-19,0,72.98,3.747,186.5093071,8.625,0.1,55.8,182.4976079675027
11,2011-08-19,0,89.51,3.554,219.023271,7.567,0.1,55.8,170.5065553790613
12,2011-08-19,0,91.74,3.743,129.2405806,13.503,0.1,55.8,151.38262351569367
35,2011-08-19,0,72.97,3.747,140.1289205,8.684,0.1,55.8,144.61934230293335
22,2011-08-19,0,71.3,3.82,140.1289205,8.023,0.1,55.8,151.65128080770293
3,2011-08-19,0,88.44,3.554,219.023271,7.567,0.1,55.8,116.6496619760102
24,2011-08-19,0,69.93,3.942,136.183129,8.358,0.1,55.8,166.15487531838573
25,2011-08-19,0,68.09,3.747,208.8424359,7.274,0.1,55.8,137.76207112526177
34,2011-08-19,0,77.08,3.55,129.2405806,10.641,0.1,55.8,151.1034827283305
21,2011-08-19,0,90.11,3.554,215.3229307,7.852,0.1,55.8,146.32253217647397
33,2011-08-19,0,95.89,3.743,129.2405806,8.442,0.1,55.8,102.89622541530764
36,2011-08-19,0,87.24,3.534,214.4239935,8.177,0.1,55.8,116.09163452381054
43,2011-08-19,0,82.08,3.554,207.4953088,10.641,0.1,55.8,136.318407122658
9,2011-08-19,0,85.8,3.554,219.2556109,6.404,0.1,55.8,128.76916338774768
2,2011-08-19,0,89.86,3.554,215.3229307,7.852,0.1,55.8,181.07749928347116
44,2011-08-19,0,76.68,3.578,129.2405806,6.56,0.1,55.8,108.2579906610629
13,2011-08-19,0,76.68,3.578,129.2405806,6.877,0.1,55.8,187.4691049313817
10,2011-08-19,0,87.4,3.743,129.2405806,8.257,0.1,55.8,184.02472597970143
23,2011-08-19,0,67.09,3.82,136.183129,4.584,0.1,55.8,169.51972037029495
39,2011-08-26,0,86.49,3.523,214.4878416,8.177,0.1,55.8,173.30318479654883
32,2011-08-26,0,75.64,3.485,194.3796374,8.622,0.1,55.8,160.13795488501466
42,2011-08-26,0,91.59,3.663,129.2832581,8.257,0.1,55.8,126.23967076170108
18,2011-08-26,0,70.32,3.796,136.2136129,8.89,0.1,55.8,158.7772254743275
30,2011-08-26,0,92.07,3.523,215.386897,7.852,0.1,55.8,117.35164367193339
15,2011-08-26,0,69.19,3.906,136.2136129,7.806,0.1,55.8,132.8867517734138
2,2011-08-26,0,90.45,3.523,215.386897,7.852,0.1,55.8,180.45061695405366
14,2011-08-26,0,72.55,3.704,186.5641172,8.625,0.1,55.8,191.87489429561674
1,2011-08-26,0,87.96,3.523,215.7332258,7.962,0.1,55.8,169.88333507883772
27,2011-08-26,0,72.88,3.906,140.1629528,7.85,0.1,55.8,186.0673403458772
28,2011-08-26,0,94.61,3.74,129.2832581,13.503,0.1,55.8,159.4862970146155
11,2011-08-26,0,89.09,3.523,219.0866908,7.567,0.1,55.8,164.52055343137334
44,2011-08-26,0,81.53,3.57,129.2832581,6.56,0.1,55.8,111.59535908806423
22,2011-08-26,0,72.22,3.796,140.1629528,8.023,0.1,55.8,160.06560354126415
38,2011-08-26,0,94.61,3.74,129.2832581,13.503,0.1,55.8,115.42539325893678
36,2011-08-26,0,86.02,3.501,214.4878416,8.177,0.1,55.8,113.5561120067671
41,2011-08-26,0,71.61,3.485,194.3796374,6.901,0.1,55.8,165.3557022155115
16,2011-08-26,0,67.51,3.485,194.3796374,6.338,0.1,55.8,129.8531855358943
33,2011-08-26,0,99.66,3.663,129.2832581,8.442,0.1,55.8,102.21431243589033
21,2011-08-26,0,92.07,3.523,215.386897,7.852,0.1,55.8,144.66049378569215
19,2011-08-26,0,69.34,3.906,136.2136129,7.806,0.1,55.8,172.4998173002774
35,2011-08-26,0,72.88,3.704,140.1629528,8.684,0.1,55.8,148.26250127225288
25,2011-08-26,0,66.8,3.704,208.902476,7.274,0.1,55.8,139.80895005191942
24,2011-08-26,0,69.94,3.906,136.2136129,8.358,0.1,55.8,167.84763499224522
5,2011-08-26,0,89.18,3.523,216.2950176,6.529,0.1,55.8,110.23898159690116
7,2011-08-26,0,57.6,3.485,194.3796374,8.622,0.1,55.8,134.36959300020493
10,2011-08-26,0,91.59,3.663,129.2832581,8.257,0.1,55.8,177.85766379268213
4,2011-08-26,0,81.47,3.523,129.2832581,5.644,0.1,55.8,184.89576270365865
13,2011-08-26,0,81.53,3.57,129.2832581,6.877,0.1,55.8,186.08869088229878
43,2011-08-26,0,87.43,3.523,207.5580023,10.641,0.1,55.8,130.12944957357882
8,2011-08-26,0,84.69,3.523,219.1336097,6.425,0.1,55.8,148.97070646702687
37,2011-08-26,0,86.02,3.523,214.4878416,8.177,0.1,55.8,127.90623709622494
40,2011-08-26,0,65.01,3.796,136.2136129,4.584,0.1,55.8,151.504091153224
31,2011-08-26,0,92.07,3.523,215.386897,7.852,0.1,55.8,168.3400765575926
34,2011-08-26,0,77.27,3.523,129.2832581,10.641,0.1,55.8,147.07193236124505
6,2011-08-26,0,90.07,3.523,217.2706543,6.925,0.1,55.8,168.4433514749509
23,2011-08-26,0,67.04,3.796,136.2136129,4.584,0.1,55.8,175.20894535588909
3,2011-08-26,0,87.67,3.523,219.0866908,7.567,0.1,55.8,115.48677598111075
45,2011-08-26,0,72.55,3.704,186.5641172,8.625,0.1,55.8,145.28690633481585
26,2011-08-26,0,61.1,3.796,136.2136129,7.767,0.1,55.8,155.49051961121506
29,2011-08-26,0,72.22,3.796,136.2136129,9.863,0.1,55.8,133.06283880708008
12,2011-08-26,0,94.61,3.74,129.2832581,13.503,0.1,55.8,153.5513213802755
20,2011-08-26,0,70.15,3.704,208.902476,7.274,0.1,55.8,183.468276643137
17,2011-08-26,0,72.04,3.57,129.2832581,6.745,0.1,55.8,145.45202222090225
9,2011-08-26,0,88.95,3.523,219.3189965,6.404,0.1,55.8,128.89155773977666
25,2011-09-02,0,67.2,3.703,208.9625161,7.274,0.08,59.5,138.36141088748118
5,2011-09-02,0,90.38,3.533,216.3588498,6.529,0.08,59.5,110.76436336614631
26,2011-09-02,0,59.67,3.784,136.2440968,7.767,0.08,59.5,154.48920199104356
22,2011-09-02,0,69.16,3.784,140.196985,8.023,0.08,59.5,148.98068876978866
4,2011-09-02,0,77.99,3.533,129.3259355,5.644,0.08,59.5,187.1727061817143
3,2011-09-02,0,89.12,3.533,219.1501106,7.567,0.08,59.5,116.32792831946495
7,2011-09-02,0,53.4,3.511,194.5092113,8.622,0.08,59.5,132.08113173672365
6,2011-09-02,0,91.22,3.533,217.3343423,6.925,0.08,59.5,170.4252665258354
44,2011-09-02,0,77.0,3.58,129.3259355,6.56,0.08,59.5,110.15975594365102
31,2011-09-02,0,91.94,3.533,215.4508632,7.852,0.08,59.5,167.29421020613233
8,2011-09-02,0,84.77,3.533,219.1970226,6.425,0.08,59.5,148.0022193859151
19,2011-09-02,0,69.27,3.879,136.2440968,7.806,0.08,59.5,174.3941585430058
20,2011-09-02,0,70.82,3.703,208.9625161,7.274,0.08,59.5,188.7338128675202
16,2011-09-02,0,63.44,3.511,194.5092113,6.338,0.08,59.5,131.35769305290125
10,2011-09-02,0,91.61,3.798,129.3259355,8.257,0.08,59.5,178.71259885102967
38,2011-09-02,0,93.66,3.798,129.3259355,13.503,0.08,59.5,119.74320903643346
9,2011-09-02,0,89.33,3.533,219.382382,6.404,0.08,59.5,129.02262243968605
24,2011-09-02,0,68.14,3.879,136.2440968,8.358,0.08,59.5,160.60050054181386
36,2011-09-02,0,87.5,3.481,214.5516896,8.177,0.08,59.5,114.04325218051356
13,2011-09-02,0,77.0,3.58,129.3259355,6.877,0.08,59.5,183.99291017126882
33,2011-09-02,0,99.2,3.798,129.3259355,8.442,0.08,59.5,102.46830404734133
21,2011-09-02,0,91.94,3.533,215.4508632,7.852,0.08,59.5,138.67873964054772
34,2011-09-02,0,78.24,3.533,129.3259355,10.641,0.08,59.5,149.59873852102666
35,2011-09-02,0,71.44,3.703,140.196985,8.684,0.08,59.5,144.28466030488795
40,2011-09-02,0,63.79,3.784,136.2440968,4.584,0.08,59.5,150.96686997026205
41,2011-09-02,0,70.37,3.511,194.5092113,6.901,0.08,59.5,163.7866525857189
17,2011-09-02,0,69.31,3.58,129.3259355,6.745,0.08,59.5,145.93265969493672
23,2011-09-02,0,65.33,3.784,136.2440968,4.584,0.08,59.5,169.8705441046465
15,2011-09-02,0,67.63,3.879,136.2440968,7.806,0.08,59.5,135.49672746620138
39,2011-09-02,0,88.65,3.533,214.5516896,8.177,0.08,59.5,169.89607915902886
14,2011-09-02,0,70.63,3.703,186.6189274,8.625,0.08,59.5,178.49567268291304
2,2011-09-02,0,89.64,3.533,215.4508632,7.852,0.08,59.5,180.120050721706
1,2011-09-02,0,87.83,3.533,215.7971409,7.962,0.08,59.5,172.57698925060197
11,2011-09-02,0,91.44,3.533,219.1501106,7.567,0.08,59.5,164.2782144305502
28,2011-09-02,0,93.66,3.798,129.3259355,13.503,0.08,59.5,170.0175340972604
12,2011-09-02,0,93.66,3.798,129.3259355,13.503,0.08,59.5,154.97852333052123
18,2011-09-02,0,68.23,3.784,136.2440968,8.89,0.08,59.5,128.77604084876972
37,2011-09-02,0,87.5,3.533,214.5516896,8.177,0.08,59.5,128.06967156855245
30,2011-09-02,0,91.94,3.533,215.4508632,7.852,0.08,59.5,115.78188334387951
45,2011-09-02,0,70.63,3.703,186.6189274,8.625,0.08,59.5,139.81215726379432
27,2011-09-02,0,71.44,3.879,140.196985,7.85,0.08,59.5,171.37795934175531
43,2011-09-02,0,87.84,3.533,207.6206959,10.641,0.08,59.5,132.19727066850118
32,2011-09-02,0,74.6,3.511,194.5092113,8.622,0.08,59.5,158.93872101018886
29,2011-09-02,0,69.16,3.784,136.2440968,9.863,0.08,59.5,125.7730684286398
42,2011-09-02,0,91.61,3.798,129.3259355,8.257,0.08,59.5,128.52302532936338
16,2011-09-09,1,56.99,3.566,194.6387853,6.338,0.08,59.5,130.96611366140016
13,2011-09-09,1,70.19,3.619,129.3686129,6.877,0.08,59.5,181.85674139556153
20,2011-09-09,1,68.74,3.738,209.0225562,7.274,0.08,59.5,186.47467875045987
33,2011-09-09,1,96.22,3.771,129.3686129,8.442,0.08,59.5,107.30031196568268
41,2011-09-09,1,58.31,3.566,194.6387853,6.901,0.08,59.5,163.68426481282935
34,2011-09-09,1,70.05,3.554,129.3686129,10.641,0.08,59.5,149.78028773040816
14,2011-09-09,1,71.48,3.738,186.6737376,8.625,0.08,59.5,190.20507736543954
19,2011-09-09,1,68.28,3.93,136.2745806,7.806,0.08,59.5,173.08356391160265
1,2011-09-09,1,76.0,3.546,215.861056,7.962,0.08,59.5,172.27525404374586
10,2011-09-09,1,89.06,3.771,129.3686129,8.257,0.08,59.5,176.18935570025374
36,2011-09-09,1,77.94,3.499,214.6155376,8.177,0.08,59.5,114.2873729198592
31,2011-09-09,1,78.87,3.546,215.5148295,7.852,0.08,59.5,166.98887201175208
9,2011-09-09,1,75.65,3.546,219.4457675,6.404,0.08,59.5,127.96285488602668
38,2011-09-09,1,88.0,3.913,129.3686129,13.503,0.08,59.5,118.17596637335461
29,2011-09-09,1,69.14,3.809,136.2745806,9.863,0.08,59.5,126.35750407064471
24,2011-09-09,1,68.32,3.93,136.2745806,8.358,0.08,59.5,171.87059759970694
43,2011-09-09,1,79.29,3.546,207.6833894,10.641,0.08,59.5,135.49489783396845
28,2011-09-09,1,88.0,3.913,129.3686129,13.503,0.08,59.5,164.70847789444457
39,2011-09-09,1,79.15,3.546,214.6155376,8.177,0.08,59.5,168.73665066795698
45,2011-09-09,1,71.48,3.738,186.6737376,8.625,0.08,59.5,140.85492789721704
17,2011-09-09,1,61.94,3.619,129.3686129,6.745,0.08,59.5,159.31223837225264
26,2011-09-09,1,60.98,3.809,136.2745806,7.767,0.08,59.5,155.69678931492592
32,2011-09-09,1,61.24,3.566,194.6387853,8.622,0.08,59.5,158.01713327929363
35,2011-09-09,1,70.93,3.738,140.2310173,8.684,0.08,59.5,149.41820878282647
6,2011-09-09,1,80.21,3.546,217.3980304,6.925,0.08,59.5,170.48759305670532
22,2011-09-09,1,69.14,3.809,140.2310173,8.023,0.08,59.5,152.99700128872834
27,2011-09-09,1,70.93,3.93,140.2310173,7.85,0.08,59.5,182.88526771007437
42,2011-09-09,1,89.06,3.771,129.3686129,8.257,0.08,59.5,133.06869177715652
23,2011-09-09,1,66.04,3.809,136.2745806,4.584,0.08,59.5,168.53812628734104
30,2011-09-09,1,78.87,3.546,215.5148295,7.852,0.08,59.5,115.88482629377592
18,2011-09-09,1,68.11,3.809,136.2745806,8.89,0.08,59.5,150.71432945512902
4,2011-09-09,1,73.34,3.554,129.3686129,5.644,0.08,59.5,187.53849734886697
3,2011-09-09,1,81.72,3.546,219.2135305,7.567,0.08,59.5,116.44545658903857
7,2011-09-09,1,45.61,3.566,194.6387853,8.622,0.08,59.5,133.357229257402
12,2011-09-09,1,88.0,3.913,129.3686129,13.503,0.08,59.5,149.4366670157744
2,2011-09-09,1,77.97,3.546,215.5148295,7.852,0.08,59.5,178.41400873054442
5,2011-09-09,1,79.04,3.546,216.4226819,6.529,0.08,59.5,111.29863590556526
11,2011-09-09,1,84.91,3.546,219.2135305,7.567,0.08,59.5,162.55667879865734
44,2011-09-09,1,70.19,3.619,129.3686129,6.56,0.08,59.5,108.76665224928719
8,2011-09-09,1,69.01,3.546,219.2604355,6.425,0.08,59.5,145.97949514088447
40,2011-09-09,1,64.83,3.809,136.2745806,4.584,0.08,59.5,153.7103620054367
15,2011-09-09,1,67.59,3.93,136.2745806,7.806,0.08,59.5,133.02003300168252
37,2011-09-09,1,77.94,3.546,214.6155376,8.177,0.08,59.5,126.41799731730254
21,2011-09-09,1,78.87,3.546,215.5148295,7.852,0.08,59.5,135.77695195767282
25,2011-09-09,1,67.51,3.738,209.0225562,7.274,0.08,59.5,136.87953984132898
6,2011-09-16,0,84.94,3.526,217.5797506,6.925,0.08,59.5,166.13332727028043
13,2011-09-16,0,67.54,3.641,129.4306,6.877,0.08,59.5,183.1958359673525
5,2011-09-16,0,83.55,3.526,216.6033083,6.529,0.08,59.5,106.94484674649851
41,2011-09-16,0,54.82,3.596,194.7419707,6.901,0.08,59.5,160.6345520389853
29,2011-09-16,0,68.08,3.809,136.3145,9.863,0.08,59.5,124.12280550905767
28,2011-09-16,0,76.36,3.918,129.4306,13.503,0.08,59.5,159.20983249439112
45,2011-09-16,0,69.17,3.742,186.8024,8.625,0.08,59.5,138.99586510799494
1,2011-09-16,0,79.94,3.526,216.0410526,7.962,0.08,59.5,171.45779204282158
11,2011-09-16,0,85.11,3.526,219.3972867,7.567,0.08,59.5,163.32363063121258
12,2011-09-16,0,76.36,3.918,129.4306,13.503,0.08,59.5,147.9053158029815
18,2011-09-16,0,66.23,3.809,136.3145,8.89,0.08,59.5,145.8528498393346
39,2011-09-16,0,83.11,3.526,214.7934111,8.177,0.08,59.5,166.84845479895677
35,2011-09-16,0,69.65,3.742,140.2735,8.684,0.08,59.5,140.46786133848104
22,2011-09-16,0,68.08,3.809,140.2735,8.023,0.08,59.5,150.08887985318492
7,2011-09-16,0,43.67,3.596,194.7419707,8.622,0.08,59.5,129.9616054916397
17,2011-09-16,0,61.48,3.641,129.4306,6.745,0.08,59.5,154.94027038467243
40,2011-09-16,0,58.28,3.809,136.3145,4.584,0.08,59.5,147.96871791361207
24,2011-09-16,0,65.56,3.937,136.3145,8.358,0.08,59.5,161.76080228602646
33,2011-09-16,0,85.79,3.784,129.4306,8.442,0.08,59.5,105.16942056382463
34,2011-09-16,0,64.94,3.532,129.4306,10.641,0.08,59.5,149.63437090275417
23,2011-09-16,0,60.52,3.809,136.3145,4.584,0.08,59.5,162.69692786724107
16,2011-09-16,0,53.68,3.596,194.7419707,6.338,0.08,59.5,128.65350835842995
30,2011-09-16,0,80.62,3.526,215.6944378,7.852,0.08,59.5,116.92378895840984
44,2011-09-16,0,67.54,3.641,129.4306,6.56,0.08,59.5,109.60030907446755
19,2011-09-16,0,62.76,3.937,136.3145,7.806,0.08,59.5,166.6165186119507
32,2011-09-16,0,60.88,3.596,194.7419707,8.622,0.08,59.5,158.569221935571
42,2011-09-16,0,77.49,3.784,129.4306,8.257,0.08,59.5,131.1067199501932
36,2011-09-16,0,82.06,3.473,214.7934111,8.177,0.08,59.5,113.38461353716662
38,2011-09-16,0,76.36,3.918,129.4306,13.503,0.08,59.5,119.03376369682171
3,2011-09-16,0,83.63,3.526,219.3972867,7.567,0.08,59.5,116.29680963907697
26,2011-09-16,0,55.19,3.809,136.3145,7.767,0.08,59.5,150.71522011391204
21,2011-09-16,0,80.62,3.526,215.6944378,7.852,0.08,59.5,135.75010827954839
10,2011-09-16,0,77.49,3.784,129.4306,8.257,0.08,59.5,175.6117559608752
15,2011-09-16,0,62.1,3.937,136.3145,7.806,0.08,59.5,129.04965601992643
14,2011-09-16,0,69.17,3.742,186.8024,8.625,0.08,59.5,181.6337245585067
9,2011-09-16,0,77.95,3.526,219.6297841,6.404,0.08,59.5,125.99783141173161
20,2011-09-16,0,64.02,3.742,209.1893892,7.274,0.08,59.5,184.6513761575814
25,2011-09-16,0,62.05,3.742,209.1893892,7.274,0.08,59.5,134.29378553313745
8,2011-09-16,0,69.09,3.526,219.4442443,6.425,0.08,59.5,147.05161309231516
2,2011-09-16,0,78.85,3.526,215.6944378,7.852,0.08,59.5,176.7960206150479
43,2011-09-16,0,77.17,3.526,207.8527143,10.641,0.08,59.5,133.7042714044297
31,2011-09-16,0,80.62,3.526,215.6944378,7.852,0.08,59.5,166.54295977078567
4,2011-09-16,0,72.76,3.532,129.4306,5.644,0.08,59.5,187.10183469903805
27,2011-09-16,0,69.65,3.937,140.2735,7.85,0.08,59.5,174.50879442950446
37,2011-09-16,0,82.06,3.526,214.7934111,8.177,0.08,59.5,126.90836118066673
34,2011-09-23,0,66.23,3.473,129.5183333,10.641,0.08,59.5,148.5291566403368
15,2011-09-23,0,59.0,3.899,136.367,7.806,0.08,59.5,129.0839064408646
40,2011-09-23,0,54.09,3.758,136.367,4.584,0.08,59.5,147.31453851225388
6,2011-09-23,0,78.49,3.467,217.9188471,6.925,0.08,59.5,165.6073256964651
41,2011-09-23,0,55.06,3.581,194.8099713,6.901,0.08,59.5,159.73554134490306
38,2011-09-23,0,82.95,3.789,129.5183333,13.503,0.08,59.5,117.91700664338414
21,2011-09-23,0,75.68,3.467,216.0282356,7.852,0.08,59.5,137.3681225431144
24,2011-09-23,0,60.61,3.899,136.367,8.358,0.08,59.5,161.93756694775928
36,2011-09-23,0,78.35,3.441,215.1233185,8.177,0.08,59.5,111.42426461043775
9,2011-09-23,0,74.42,3.467,219.9746423,6.404,0.08,59.5,126.45076114173433
17,2011-09-23,0,56.96,3.648,129.5183333,6.745,0.08,59.5,148.19342870051412
42,2011-09-23,0,82.51,3.789,129.5183333,8.257,0.08,59.5,127.94269248730927
11,2011-09-23,0,82.14,3.467,219.7414914,7.567,0.08,59.5,162.0613761169747
33,2011-09-23,0,88.93,3.789,129.5183333,8.442,0.08,59.5,101.93425096553652
35,2011-09-23,0,63.61,3.711,140.32725,8.684,0.08,59.5,138.6921321503767
32,2011-09-23,0,58.66,3.581,194.8099713,8.622,0.08,59.5,157.54485068222704
27,2011-09-23,0,63.61,3.899,140.32725,7.85,0.08,59.5,174.2817455078251
31,2011-09-23,0,75.68,3.467,216.0282356,7.852,0.08,59.5,166.00362793837027
45,2011-09-23,0,63.75,3.711,187.0295321,8.625,0.08,59.5,139.14471141299265
8,2011-09-23,0,68.72,3.467,219.788581,6.425,0.08,59.5,143.93599104882793
18,2011-09-23,0,60.44,3.758,136.367,8.89,0.08,59.5,146.20474057885133
4,2011-09-23,0,69.23,3.473,129.5183333,5.644,0.08,59.5,185.99151856858796
26,2011-09-23,0,50.72,3.758,136.367,7.767,0.08,59.5,149.47240342722276
25,2011-09-23,0,60.28,3.711,209.4986126,7.274,0.08,59.5,133.82512983317338
12,2011-09-23,0,82.95,3.789,129.5183333,13.503,0.08,59.5,147.08545662201306
39,2011-09-23,0,78.75,3.467,215.1233185,8.177,0.08,59.5,165.69710671813422
3,2011-09-23,0,80.19,3.467,219.7414914,7.567,0.08,59.5,115.3879381186811
44,2011-09-23,0,63.6,3.648,129.5183333,6.56,0.08,59.5,109.94622368058978
28,2011-09-23,0,82.95,3.789,129.5183333,13.503,0.08,59.5,157.26850260626054
22,2011-09-23,0,62.36,3.758,140.32725,8.023,0.08,59.5,148.39093089098472
20,2011-09-23,0,62.15,3.711,209.4986126,7.274,0.08,59.5,182.26406974066853
30,2011-09-23,0,75.68,3.467,216.0282356,7.852,0.08,59.5,117.67998406981442
14,2011-09-23,0,63.75,3.711,187.0295321,8.625,0.08,59.5,181.8200226254987
2,2011-09-23,0,75.58,3.467,216.0282356,7.852,0.08,59.5,176.15194880217393
29,2011-09-23,0,62.36,3.758,136.367,9.863,0.08,59.5,124.23728231424438
1,2011-09-23,0,75.8,3.467,216.3758246,7.962,0.08,59.5,167.10146260828398
10,2011-09-23,0,82.51,3.789,129.5183333,8.257,0.08,59.5,176.63575379789765
43,2011-09-23,0,78.98,3.467,208.1642143,10.641,0.08,59.5,131.69112795317434
37,2011-09-23,0,78.35,3.467,215.1233185,8.177,0.08,59.5,127.129778471689
19,2011-09-23,0,61.32,3.899,136.367,7.806,0.08,59.5,164.36886746603068
5,2011-09-23,0,78.01,3.467,216.9396605,6.529,0.08,59.5,108.27002637939678
23,2011-09-23,0,57.14,3.758,136.367,4.584,0.08,59.5,163.9716111992832
16,2011-09-23,0,50.39,3.581,194.8099713,6.338,0.08,59.5,126.31910802898192
13,2011-09-23,0,63.6,3.648,129.5183333,6.877,0.08,59.5,181.16814006264454
7,2011-09-23,0,43.67,3.581,194.8099713,8.622,0.08,59.5,128.45753454505856
35,2011-09-30,0,70.92,3.645,140.381,8.684,0.08,59.5,141.04106651575682
40,2011-09-30,0,63.45,3.684,136.4195,4.584,0.08,59.5,148.9849699933369
22,2011-09-30,0,69.78,3.684,140.381,8.023,0.08,59.5,150.79196482071256
25,2011-09-30,0,60.7,3.645,209.807836,7.274,0.08,59.5,134.91171734700845
11,2011-09-30,0,84.4,3.355,220.085696,7.567,0.08,59.5,160.39183202025404
18,2011-09-30,0,69.01,3.684,136.4195,8.89,0.08,59.5,145.93112709192093
42,2011-09-30,0,82.27,3.877,129.6060667,8.257,0.08,59.5,126.69403326384241
17,2011-09-30,0,61.4,3.623,129.6060667,6.745,0.08,59.5,146.92087853951668
15,2011-09-30,0,64.87,3.858,136.4195,7.806,0.08,59.5,127.45442351115632
26,2011-09-30,0,59.42,3.684,136.4195,7.767,0.08,59.5,151.0562770396896
1,2011-09-30,0,79.69,3.355,216.7105965,7.962,0.08,59.5,167.5878960779426
14,2011-09-30,0,70.66,3.645,187.2566641,8.625,0.08,59.5,180.14401881511534
28,2011-09-30,0,83.26,3.877,129.6060667,13.503,0.08,59.5,157.72454462506013
39,2011-09-30,0,81.51,3.355,215.4532259,8.177,0.08,59.5,164.76735033876847
12,2011-09-30,0,83.26,3.877,129.6060667,13.503,0.08,59.5,146.83658120097277
29,2011-09-30,0,69.78,3.684,136.4195,9.863,0.08,59.5,122.05878397154524
43,2011-09-30,0,78.97,3.355,208.4757143,10.641,0.08,59.5,129.7146223727291
31,2011-09-30,0,78.91,3.355,216.3620333,7.852,0.08,59.5,163.84627604625024
32,2011-09-30,0,65.04,3.538,194.8779718,8.622,0.08,59.5,156.46929102201315
4,2011-09-30,0,72.15,3.371,129.6060667,5.644,0.08,59.5,183.36076398143453
27,2011-09-30,0,70.92,3.858,140.381,7.85,0.08,59.5,174.08355774896552
3,2011-09-30,0,82.58,3.355,220.085696,7.567,0.08,59.5,115.67264724304273
33,2011-09-30,0,89.1,3.877,129.6060667,8.442,0.08,59.5,101.31159203349286
21,2011-09-30,0,78.91,3.355,216.3620333,7.852,0.08,59.5,135.65998810347722
36,2011-09-30,0,81.52,3.328,215.4532259,8.177,0.08,59.5,110.69197497935627
41,2011-09-30,0,61.77,3.538,194.8779718,6.901,0.08,59.5,159.26347496030726
23,2011-09-30,0,64.76,3.684,136.4195,4.584,0.08,59.5,163.4939098499603
16,2011-09-30,0,57.61,3.538,194.8779718,6.338,0.08,59.5,122.32994717669935
19,2011-09-30,0,64.99,3.858,136.4195,7.806,0.08,59.5,165.42527130394535
34,2011-09-30,0,69.44,3.371,129.6060667,10.641,0.08,59.5,147.0927355817893
10,2011-09-30,0,82.27,3.877,129.6060667,8.257,0.08,59.5,174.92494514505015
44,2011-09-30,0,68.28,3.623,129.6060667,6.56,0.08,59.5,109.17175733144374
20,2011-09-30,0,63.44,3.645,209.807836,7.274,0.08,59.5,183.78876072425956
2,2011-09-30,0,78.14,3.355,216.3620333,7.852,0.08,59.5,175.5970242114324
30,2011-09-30,0,78.91,3.355,216.3620333,7.852,0.08,59.5,117.27168405395336
37,2011-09-30,0,81.52,3.355,215.4532259,8.177,0.08,59.5,127.11913768011529
38,2011-09-30,0,83.26,3.877,129.6060667,13.503,0.08,59.5,115.52667688209512
6,2011-09-30,0,82.51,3.355,218.2579435,6.925,0.08,59.5,164.62000136457758
13,2011-09-30,0,68.28,3.623,129.6060667,6.877,0.08,59.5,180.84789196895576
24,2011-09-30,0,68.0,3.858,136.4195,8.358,0.08,59.5,162.4411411469296
45,2011-09-30,0,70.66,3.645,187.2566641,8.625,0.08,59.5,138.31773513152638
5,2011-09-30,0,81.16,3.355,217.2760127,6.529,0.08,59.5,108.40450142010113
7,2011-09-30,0,47.34,3.538,194.8779718,8.622,0.08,59.5,125.18969792188284
9,2011-09-30,0,78.45,3.355,220.3195004,6.404,0.08,59.5,126.57764110962437
8,2011-09-30,0,72.2,3.355,220.1329176,6.425,0.08,59.5,144.06522873562656
32,2011-10-07,0,62.62,3.498,194.9459724,8.513,0.07,60.8,158.83639510040902
14,2011-10-07,0,55.82,3.583,187.4837962,8.523,0.07,60.8,187.1820852524076
26,2011-10-07,0,46.84,3.633,136.472,7.598,0.07,60.8,158.08653591396882
37,2011-10-07,0,71.2,3.285,215.7831333,7.716,0.07,60.8,127.55803405767162
43,2011-10-07,0,74.17,3.285,208.7872143,10.148,0.07,60.8,135.12710273048447
5,2011-10-07,0,71.64,3.285,217.6123648,6.3,0.07,60.8,110.11661886740444
6,2011-10-07,0,74.1,3.285,218.59704,6.551,0.07,60.8,170.42910733544454
28,2011-10-07,0,70.44,3.827,129.6938,12.89,0.07,60.8,172.79521583219824
20,2011-10-07,0,52.42,3.583,210.1170595,7.082,0.07,60.8,188.59269710838296
39,2011-10-07,0,71.68,3.285,215.7831333,7.716,0.07,60.8,169.21075818583137
17,2011-10-07,0,54.4,3.592,129.6938,6.617,0.07,60.8,149.21818441042558
12,2011-10-07,0,70.44,3.827,129.6938,12.89,0.07,60.8,150.70090186152368
29,2011-10-07,0,56.44,3.633,136.472,9.357,0.07,60.8,127.02219561986804
25,2011-10-07,0,50.82,3.583,210.1170595,7.082,0.07,60.8,136.78169142110713
30,2011-10-07,0,71.64,3.285,216.6958311,7.441,0.07,60.8,119.7893506109571
3,2011-10-07,0,75.54,3.285,220.4299007,7.197,0.07,60.8,118.63669253383088
38,2011-10-07,0,70.44,3.827,129.6938,12.89,0.07,60.8,122.2874592527871
7,2011-10-07,0,40.65,3.498,194.9459724,8.513,0.07,60.8,127.76530607727118
27,2011-10-07,0,56.91,3.775,140.43475,7.906,0.07,60.8,176.24073843726958
31,2011-10-07,0,71.64,3.285,216.6958311,7.441,0.07,60.8,168.67237998168204
45,2011-10-07,0,55.82,3.583,187.4837962,8.523,0.07,60.8,141.2381889954497
13,2011-10-07,0,60.62,3.592,129.6938,6.392,0.07,60.8,186.8934019983571
2,2011-10-07,0,69.92,3.285,216.6958311,7.441,0.07,60.8,180.89944505445456
44,2011-10-07,0,60.62,3.592,129.6938,6.078,0.07,60.8,110.46143389306718
22,2011-10-07,0,56.44,3.633,140.43475,7.706,0.07,60.8,152.52964194880337
24,2011-10-07,0,53.87,3.775,136.472,8.454,0.07,60.8,167.96509078259382
34,2011-10-07,0,60.42,3.299,129.6938,10.148,0.07,60.8,150.82516351165495
33,2011-10-07,0,81.16,3.827,129.6938,8.01,0.07,60.8,105.14144715833841
18,2011-10-07,0,54.65,3.633,136.472,8.471,0.07,60.8,153.64129376454954
40,2011-10-07,0,50.21,3.633,136.472,4.42,0.07,60.8,155.7242336602878
21,2011-10-07,0,71.64,3.285,216.6958311,7.441,0.07,60.8,136.3216217406625
42,2011-10-07,0,75.01,3.827,129.6938,7.874,0.07,60.8,135.4939088166783
36,2011-10-07,0,71.2,3.262,215.7831333,7.716,0.07,60.8,113.6642102889335
10,2011-10-07,0,75.01,3.827,129.6938,7.874,0.07,60.8,179.5416714666754
15,2011-10-07,0,51.24,3.775,136.472,7.866,0.07,60.8,131.24802473906567
41,2011-10-07,0,58.74,3.498,194.9459724,6.759,0.07,60.8,163.57511065857494
8,2011-10-07,0,67.61,3.285,220.4772543,6.123,0.07,60.8,149.7565835128256
16,2011-10-07,0,48.91,3.498,194.9459724,6.232,0.07,60.8,124.76197163036409
9,2011-10-07,0,72.62,3.285,220.6643585,6.054,0.07,60.8,129.62674226472774
1,2011-10-07,0,69.31,3.285,217.0453684,7.866,0.07,60.8,175.0226100638864
19,2011-10-07,0,53.1,3.775,136.472,7.866,0.07,60.8,169.78762066760876
4,2011-10-07,0,65.79,3.299,129.6938,5.143,0.07,60.8,189.3399787968567
11,2011-10-07,0,76.97,3.285,220.4299007,7.197,0.07,60.8,165.95794241890843
23,2011-10-07,0,49.0,3.633,136.472,4.42,0.07,60.8,169.8450137564313
35,2011-10-07,0,56.91,3.583,140.43475,8.745,0.07,60.8,143.19559342315083
34,2011-10-14,0,54.72,3.283,129.7706452,10.148,0.07,60.8,148.93647038487072
3,2011-10-14,0,73.75,3.274,220.7486167,7.197,0.07,60.8,115.65547358259009
12,2011-10-14,0,67.31,3.805,129.7706452,12.89,0.07,60.8,149.65008934640136
9,2011-10-14,0,67.27,3.274,220.9836849,6.054,0.07,60.8,128.01219719800403
40,2011-10-14,0,53.9,3.583,136.5150968,4.42,0.07,60.8,150.05909657442288
26,2011-10-14,0,53.91,3.583,136.5150968,7.598,0.07,60.8,152.2923343872133
23,2011-10-14,0,56.79,3.583,136.5150968,4.42,0.07,60.8,162.85698092301243
17,2011-10-14,0,47.69,3.567,129.7706452,6.617,0.07,60.8,147.66207894894728
45,2011-10-14,0,63.82,3.541,187.6917481,8.523,0.07,60.8,139.51466115717062
20,2011-10-14,0,62.54,3.541,210.4027602,7.082,0.07,60.8,185.44984059797167
37,2011-10-14,0,74.16,3.274,216.0885258,7.716,0.07,60.8,126.92865571917702
18,2011-10-14,0,60.26,3.583,136.5150968,8.471,0.07,60.8,150.80162764313192
31,2011-10-14,0,69.79,3.274,217.0048261,7.441,0.07,60.8,167.0450211639032
25,2011-10-14,0,58.95,3.541,210.4027602,7.082,0.07,60.8,135.3660060525895
4,2011-10-14,0,63.75,3.283,129.7706452,5.143,0.07,60.8,187.07617871972153
7,2011-10-14,0,32.65,3.491,195.0261012,8.513,0.07,60.8,126.11621407463257
5,2011-10-14,0,72.36,3.274,217.9237458,6.3,0.07,60.8,107.75462843421847
8,2011-10-14,0,61.74,3.274,220.7960935,6.123,0.07,60.8,146.6849081113999
24,2011-10-14,0,60.21,3.744,136.5150968,8.454,0.07,60.8,165.51340468098607
33,2011-10-14,0,76.49,3.698,129.7706452,8.01,0.07,60.8,106.28843642041745
21,2011-10-14,0,69.79,3.274,217.0048261,7.441,0.07,60.8,136.77355016996242
22,2011-10-14,0,62.63,3.583,140.4784194,7.706,0.07,60.8,150.39591343863037
41,2011-10-14,0,47.43,3.491,195.0261012,6.759,0.07,60.8,162.4732370630146
19,2011-10-14,0,61.86,3.744,136.5150968,7.866,0.07,60.8,165.01528395877367
13,2011-10-14,0,51.74,3.567,129.7706452,6.392,0.07,60.8,183.36529958226782
44,2011-10-14,0,51.74,3.567,129.7706452,6.078,0.07,60.8,108.47897218298974
10,2011-10-14,0,70.27,3.698,129.7706452,7.874,0.07,60.8,177.1803738888665
2,2011-10-14,0,71.67,3.274,217.0048261,7.441,0.07,60.8,178.29749453315247
30,2011-10-14,0,69.79,3.274,217.0048261,7.441,0.07,60.8,119.23912326165498
38,2011-10-14,0,67.31,3.805,129.7706452,12.89,0.07,60.8,118.39646965367551
27,2011-10-14,0,64.78,3.744,140.4784194,7.906,0.07,60.8,176.54113535328705
16,2011-10-14,0,39.97,3.491,195.0261012,6.232,0.07,60.8,125.85462771297675
35,2011-10-14,0,64.78,3.541,140.4784194,8.745,0.07,60.8,142.24194662798334
6,2011-10-14,0,71.24,3.274,218.9109844,6.551,0.07,60.8,167.3193792213331
14,2011-10-14,0,63.82,3.541,187.6917481,8.523,0.07,60.8,182.337544371139
36,2011-10-14,0,74.16,3.234,216.0885258,7.716,0.07,60.8,113.28904670543781
1,2011-10-14,0,71.74,3.274,217.3552733,7.866,0.07,60.8,170.8038262985856
39,2011-10-14,0,73.79,3.274,216.0885258,7.716,0.07,60.8,167.259142899152
11,2011-10-14,0,75.56,3.274,220.7486167,7.197,0.07,60.8,163.87647428209544
28,2011-10-14,0,67.31,3.805,129.7706452,12.89,0.07,60.8,161.52076307801144
15,2011-10-14,0,61.3,3.744,136.5150968,7.866,0.07,60.8,128.5347903340135
42,2011-10-14,0,70.27,3.698,129.7706452,7.874,0.07,60.8,133.38123219280413
32,2011-10-14,0,50.15,3.491,195.0261012,8.513,0.07,60.8,159.82470168441208
29,2011-10-14,0,62.63,3.583,136.5150968,9.357,0.07,60.8,124.24312508014982
43,2011-10-14,0,68.09,3.274,209.0752166,10.148,0.07,60.8,131.9958184787262
29,2011-10-21,0,59.3,3.618,136.5017742,9.357,0.07,60.8,126.33386590849585
39,2011-10-21,0,67.65,3.353,216.2468287,7.716,0.07,60.8,169.90229741198561
38,2011-10-21,0,73.05,3.842,129.7821613,12.89,0.07,60.8,118.58455574755622
10,2011-10-21,0,77.91,3.842,129.7821613,7.874,0.07,60.8,178.35541284587794
37,2011-10-21,0,67.89,3.353,216.2468287,7.716,0.07,60.8,127.55581896551614
13,2011-10-21,0,54.66,3.579,129.7821613,6.392,0.07,60.8,184.51011138130406
12,2011-10-21,0,73.05,3.842,129.7821613,12.89,0.07,60.8,150.14155177994294
30,2011-10-21,0,65.16,3.353,217.1650042,7.441,0.07,60.8,120.6975189444236
36,2011-10-21,0,67.89,3.308,216.2468287,7.716,0.07,60.8,112.02342406082796
16,2011-10-21,0,46.99,3.548,195.1789994,6.232,0.07,60.8,130.03438604249774
34,2011-10-21,0,58.93,3.361,129.7821613,10.148,0.07,60.8,150.8086291966454
11,2011-10-21,0,70.91,3.353,220.9144005,7.197,0.07,60.8,165.23016400272311
33,2011-10-21,0,81.74,3.842,129.7821613,8.01,0.07,60.8,101.78137827254994
35,2011-10-21,0,59.62,3.57,140.4616048,8.745,0.07,60.8,144.17804268495607
8,2011-10-21,0,59.97,3.353,220.9619484,6.123,0.07,60.8,148.6722380988669
15,2011-10-21,0,51.67,3.757,136.5017742,7.866,0.07,60.8,132.75840154612786
9,2011-10-21,0,65.46,3.353,221.1498206,6.054,0.07,60.8,129.8377876617403
31,2011-10-21,0,65.16,3.353,217.1650042,7.441,0.07,60.8,168.0774935883442
32,2011-10-21,0,48.87,3.548,195.1789994,8.513,0.07,60.8,158.9058220802699
17,2011-10-21,0,47.27,3.579,129.7821613,6.617,0.07,60.8,147.35174230891826
14,2011-10-21,0,59.6,3.57,187.7846197,8.523,0.07,60.8,185.42167267285961
7,2011-10-21,0,37.49,3.548,195.1789994,8.513,0.07,60.8,129.9427874097422
6,2011-10-21,0,68.53,3.353,219.0740167,6.551,0.07,60.8,168.36165459559112
20,2011-10-21,0,53.69,3.57,210.5473252,7.082,0.07,60.8,187.81318966169118
25,2011-10-21,0,50.22,3.57,210.5473252,7.082,0.07,60.8,137.85761849262292
21,2011-10-21,0,65.16,3.353,217.1650042,7.441,0.07,60.8,139.9488458928435
40,2011-10-21,0,51.61,3.618,136.5017742,4.42,0.07,60.8,150.30651806515223
22,2011-10-21,0,59.3,3.618,140.4616048,7.706,0.07,60.8,152.02099498420708
41,2011-10-21,0,45.62,3.548,195.1789994,6.759,0.07,60.8,161.29859187334227
2,2011-10-21,0,64.53,3.353,217.1650042,7.441,0.07,60.8,180.82108939533774
43,2011-10-21,0,70.3,3.353,209.2222327,10.148,0.07,60.8,132.22214888899535
3,2011-10-21,0,69.03,3.353,220.9144005,7.197,0.07,60.8,117.94300607339594
18,2011-10-21,0,55.83,3.618,136.5017742,8.471,0.07,60.8,154.82122574669492
28,2011-10-21,0,73.05,3.842,129.7821613,12.89,0.07,60.8,160.8632931355426
5,2011-10-21,0,66.9,3.353,218.0852999,6.3,0.07,60.8,109.81161756285924
26,2011-10-21,0,45.23,3.618,136.5017742,7.598,0.07,60.8,151.73362796323545
45,2011-10-21,0,59.6,3.57,187.7846197,8.523,0.07,60.8,142.18182611778798
24,2011-10-21,0,56.6,3.757,136.5017742,8.454,0.07,60.8,163.7765307928249
44,2011-10-21,0,54.66,3.579,129.7821613,6.078,0.07,60.8,109.80161815254849
23,2011-10-21,0,52.12,3.618,136.5017742,4.42,0.07,60.8,169.11803494402503
4,2011-10-21,0,64.79,3.361,129.7821613,5.143,0.07,60.8,190.32437750265262
42,2011-10-21,0,77.91,3.842,129.7821613,7.874,0.07,60.8,128.53315243025176
19,2011-10-21,0,52.05,3.757,136.5017742,7.866,0.07,60.8,166.92805167782794
1,2011-10-21,0,63.71,3.353,217.5159762,7.866,0.07,60.8,171.08966542993028
27,2011-10-21,0,59.62,3.757,140.4616048,7.906,0.07,60.8,176.74249352345572
13,2011-10-28,0,47.41,3.567,129.7936774,6.392,0.07,60.8,183.86519973628967
21,2011-10-28,0,65.46,3.372,217.3251824,7.441,0.07,60.8,140.4689143578793
35,2011-10-28,0,51.81,3.569,140.4447903,8.745,0.07,60.8,144.05393624588928
29,2011-10-28,0,49.31,3.604,136.4884516,9.357,0.07,60.8,127.03091598953665
33,2011-10-28,0,76.73,3.843,129.7936774,8.01,0.07,60.8,101.50802397654358
10,2011-10-28,0,72.79,3.843,129.7936774,7.874,0.07,60.8,179.08322337948192
18,2011-10-28,0,45.61,3.604,136.4884516,8.471,0.07,60.8,157.17142936096255
24,2011-10-28,0,48.0,3.757,136.4884516,8.454,0.07,60.8,164.60570925775326
44,2011-10-28,0,47.41,3.567,129.7936774,6.078,0.07,60.8,109.83846248187204
28,2011-10-28,0,67.41,3.727,129.7936774,12.89,0.07,60.8,162.3145438531364
39,2011-10-28,0,71.05,3.372,216.4051315,7.716,0.07,60.8,170.13908070993946
2,2011-10-28,0,65.87,3.372,217.3251824,7.441,0.07,60.8,179.01330594201247
6,2011-10-28,0,69.51,3.372,219.237049,6.551,0.07,60.8,168.411768403155
16,2011-10-28,0,41.97,3.55,195.3318977,6.232,0.07,60.8,126.39320060971484
7,2011-10-28,0,28.82,3.55,195.3318977,8.513,0.07,60.8,127.86512160268705
4,2011-10-28,0,55.31,3.362,129.7936774,5.143,0.07,60.8,188.97458463181945
8,2011-10-28,0,56.86,3.372,221.1278032,6.123,0.07,60.8,147.32053631220342
19,2011-10-28,0,46.49,3.757,136.4884516,7.866,0.07,60.8,167.6561911463282
27,2011-10-28,0,51.81,3.757,140.4447903,7.906,0.07,60.8,177.34194597487763
38,2011-10-28,0,67.41,3.727,129.7936774,12.89,0.07,60.8,116.54827640224082
15,2011-10-28,0,45.54,3.757,136.4884516,7.866,0.07,60.8,131.9246365565197
42,2011-10-28,0,72.79,3.843,129.7936774,7.874,0.07,60.8,127.06395851299494
31,2011-10-28,0,65.46,3.372,217.3251824,7.441,0.07,60.8,165.9781684578773
37,2011-10-28,0,71.31,3.372,216.4051315,7.716,0.07,60.8,127.18461548818661
26,2011-10-28,0,35.06,3.604,136.4884516,7.598,0.07,60.8,151.6188733210264
20,2011-10-28,0,49.36,3.569,210.6918901,7.082,0.07,60.8,186.8480855467656
30,2011-10-28,0,65.46,3.372,217.3251824,7.441,0.07,60.8,120.4761713060424
3,2011-10-28,0,71.04,3.372,221.0801842,7.197,0.07,60.8,117.48653294668298
9,2011-10-28,0,63.96,3.372,221.3159563,6.054,0.07,60.8,129.27875234429615
14,2011-10-28,0,51.78,3.569,187.8774913,8.523,0.07,60.8,186.63311500349317
43,2011-10-28,0,66.82,3.372,209.3692488,10.148,0.07,60.8,130.83203208969502
41,2011-10-28,0,37.02,3.55,195.3318977,6.759,0.07,60.8,163.4535412018882
32,2011-10-28,0,42.76,3.55,195.3318977,8.513,0.07,60.8,160.19992219216311
36,2011-10-28,0,71.31,3.306,216.4051315,7.716,0.07,60.8,109.82415549450901
5,2011-10-28,0,69.27,3.372,218.2468539,6.3,0.07,60.8,109.90869418218621
22,2011-10-28,0,49.31,3.604,140.4447903,7.706,0.07,60.8,156.8831820967365
25,2011-10-28,0,46.28,3.569,210.6918901,7.082,0.07,60.8,139.70279659348574
40,2011-10-28,0,42.09,3.604,136.4884516,4.42,0.07,60.8,150.2779687931923
23,2011-10-28,0,42.57,3.604,136.4884516,4.42,0.07,60.8,168.00739961140383
11,2011-10-28,0,72.66,3.372,221.0801842,7.197,0.07,60.8,164.7292990566978
1,2011-10-28,0,66.57,3.372,217.6766791,7.866,0.07,60.8,169.2550827508113
34,2011-10-28,0,54.56,3.362,129.7936774,10.148,0.07,60.8,151.00042007352383
17,2011-10-28,0,41.89,3.567,129.7936774,6.617,0.07,60.8,150.0482629750952
45,2011-10-28,0,51.78,3.569,187.8774913,8.523,0.07,60.8,142.69272331297904
12,2011-10-28,0,67.41,3.727,129.7936774,12.89,0.07,60.8,152.42243806186093
22,2011-11-04,0,42.81,3.586,140.4279758,7.706,0.08,63.7,157.16878525114356
5,2011-11-04,0,56.71,3.332,218.408408,6.3,0.08,63.7,114.35004837120461
34,2011-11-04,0,48.04,3.322,129.8051935,10.148,0.08,63.7,152.494869501105
15,2011-11-04,0,43.39,3.738,136.475129,7.866,0.08,63.7,133.47756383260577
7,2011-11-04,0,23.41,3.527,195.4847959,8.513,0.08,63.7,130.32065040843406
2,2011-11-04,0,55.53,3.332,217.4853605,7.441,0.08,63.7,184.15118872001048
10,2011-11-04,0,68.57,3.828,129.8051935,7.874,0.08,63.7,182.69877714254503
38,2011-11-04,0,59.77,3.828,129.8051935,12.89,0.08,63.7,121.32360300877666
18,2011-11-04,0,38.29,3.586,136.475129,8.471,0.08,63.7,156.93362528730657
28,2011-11-04,0,59.77,3.828,129.8051935,12.89,0.08,63.7,173.38722382399058
11,2011-11-04,0,61.13,3.332,221.245968,7.197,0.08,63.7,169.67702796124817
21,2011-11-04,0,56.01,3.332,217.4853605,7.441,0.08,63.7,141.95939262600746
42,2011-11-04,0,68.57,3.828,129.8051935,7.874,0.08,63.7,132.41040439973767
36,2011-11-04,0,58.97,3.287,216.5634344,7.716,0.08,63.7,110.54159260471783
39,2011-11-04,0,58.04,3.332,216.5634344,7.716,0.08,63.7,172.68180994250196
30,2011-11-04,0,56.01,3.332,217.4853605,7.441,0.08,63.7,120.96429221470865
20,2011-11-04,0,43.88,3.551,210.8364551,7.082,0.08,63.7,192.12271290536322
26,2011-11-04,0,31.7,3.586,136.475129,7.598,0.08,63.7,152.3379280051604
37,2011-11-04,0,58.97,3.332,216.5634344,7.716,0.08,63.7,129.76296663888215
3,2011-11-04,0,59.31,3.332,221.245968,7.197,0.08,63.7,123.03629332307817
45,2011-11-04,0,43.92,3.551,187.9703629,8.523,0.08,63.7,145.2602527716011
9,2011-11-04,0,54.46,3.332,221.4820921,6.054,0.08,63.7,132.42201015478736
40,2011-11-04,0,35.4,3.586,136.475129,4.42,0.08,63.7,153.28775668972312
14,2011-11-04,0,43.92,3.551,187.9703629,8.523,0.08,63.7,189.516677579997
31,2011-11-04,0,56.01,3.332,217.4853605,7.441,0.08,63.7,168.64033620278622
41,2011-11-04,0,35.04,3.527,195.4847959,6.759,0.08,63.7,164.903407174315
17,2011-11-04,0,37.52,3.538,129.8051935,6.617,0.08,63.7,149.65267368307852
16,2011-11-04,0,33.43,3.527,195.4847959,6.232,0.08,63.7,126.75058645632099
23,2011-11-04,0,39.18,3.586,136.475129,4.42,0.08,63.7,168.70687393290348
25,2011-11-04,0,40.88,3.551,210.8364551,7.082,0.08,63.7,139.37687039136125
32,2011-11-04,0,37.95,3.527,195.4847959,8.513,0.08,63.7,160.9173074758243
43,2011-11-04,0,59.08,3.332,209.516265,10.148,0.08,63.7,135.07297951070518
27,2011-11-04,0,44.46,3.738,140.4279758,7.906,0.08,63.7,174.72820654933483
12,2011-11-04,0,59.77,3.828,129.8051935,12.89,0.08,63.7,154.9741585480528
1,2011-11-04,0,54.98,3.332,217.837382,7.866,0.08,63.7,176.96344629802883
35,2011-11-04,0,44.46,3.551,140.4279758,8.745,0.08,63.7,135.74680315337173
24,2011-11-04,0,39.87,3.738,136.475129,8.454,0.08,63.7,167.29726833263288
4,2011-11-04,0,49.86,3.322,129.8051935,5.143,0.08,63.7,192.05547570164399
33,2011-11-04,0,71.91,3.828,129.8051935,8.01,0.08,63.7,102.10038518602848
44,2011-11-04,0,43.51,3.538,129.8051935,6.078,0.08,63.7,109.91785135172297
29,2011-11-04,0,42.81,3.586,136.475129,9.357,0.08,63.7,133.8161023893654
13,2011-11-04,0,43.51,3.538,129.8051935,6.392,0.08,63.7,186.11583280255374
6,2011-11-04,0,58.54,3.332,219.4000812,6.551,0.08,63.7,171.74464922860653
8,2011-11-04,0,49.68,3.332,221.2936581,6.123,0.08,63.7,150.54967243999099
19,2011-11-04,0,44.97,3.738,136.475129,7.866,0.08,63.7,170.38287369359244
25,2011-11-11,0,44.81,3.53,210.9810201,7.082,0.08,63.7,139.42231836148176
9,2011-11-11,0,58.28,3.297,221.6482278,6.054,0.08,63.7,132.2189338814089
5,2011-11-11,0,60.71,3.297,218.5699621,6.3,0.08,63.7,110.3949293318112
37,2011-11-11,0,63.5,3.297,216.7217373,7.716,0.08,63.7,126.06774777253993
24,2011-11-11,0,46.78,3.719,136.4618065,8.454,0.08,63.7,168.59682644900596
40,2011-11-11,0,40.75,3.57,136.4618065,4.42,0.08,63.7,154.38777299687774
8,2011-11-11,0,50.56,3.297,221.4595129,6.123,0.08,63.7,149.1766627093545
7,2011-11-11,0,19.53,3.505,195.6376941,8.513,0.08,63.7,129.7688275978962
1,2011-11-11,0,59.11,3.297,217.9980849,7.866,0.08,63.7,173.94206482789167
16,2011-11-11,0,29.56,3.505,195.6376941,6.232,0.08,63.7,126.89727210732481
14,2011-11-11,0,47.65,3.53,188.0632345,8.523,0.08,63.7,187.2502612593616
41,2011-11-11,0,32.87,3.505,195.6376941,6.759,0.08,63.7,164.44328451295485
36,2011-11-11,0,63.5,3.254,216.7217373,7.716,0.08,63.7,112.01058047054295
22,2011-11-11,0,47.8,3.57,140.4111613,7.706,0.08,63.7,154.9657890166745
35,2011-11-11,0,49.69,3.53,140.4111613,8.745,0.08,63.7,147.50083136963977
42,2011-11-11,0,55.28,3.677,129.8167097,7.874,0.08,63.7,135.14448224138198
29,2011-11-11,0,47.8,3.57,136.4618065,9.357,0.08,63.7,128.1526977841895
26,2011-11-11,0,40.08,3.57,136.4618065,7.598,0.08,63.7,156.0164835888326
32,2011-11-11,0,38.1,3.505,195.6376941,8.513,0.08,63.7,160.10009498235385
33,2011-11-11,0,58.75,3.677,129.8167097,8.01,0.08,63.7,106.2307628646988
43,2011-11-11,0,51.26,3.297,209.6632811,10.148,0.08,63.7,133.52919063787172
31,2011-11-11,0,59.8,3.297,217.6455387,7.441,0.08,63.7,169.2399686670465
6,2011-11-11,0,61.33,3.297,219.5631135,6.551,0.08,63.7,172.14201230436484
17,2011-11-11,0,27.61,3.513,129.8167097,6.617,0.08,63.7,149.07122009213884
12,2011-11-11,0,48.76,3.824,129.8167097,12.89,0.08,63.7,156.71411203919
39,2011-11-11,0,63.11,3.297,216.7217373,7.716,0.08,63.7,169.63411270305215
28,2011-11-11,0,48.76,3.824,129.8167097,12.89,0.08,63.7,167.85702201764357
13,2011-11-11,0,33.8,3.513,129.8167097,6.392,0.08,63.7,187.9944573846275
11,2011-11-11,0,64.2,3.297,221.4117517,7.197,0.08,63.7,166.63073388636613
20,2011-11-11,0,47.27,3.53,210.9810201,7.082,0.08,63.7,191.79328168804565
27,2011-11-11,0,49.69,3.719,140.4111613,7.906,0.08,63.7,179.88832373905848
34,2011-11-11,0,41.04,3.286,129.8167097,10.148,0.08,63.7,152.4499440561922
30,2011-11-11,0,59.8,3.297,217.6455387,7.441,0.08,63.7,119.15577891645025
4,2011-11-11,0,47.12,3.286,129.8167097,5.143,0.08,63.7,190.2119091348146
10,2011-11-11,0,55.28,3.677,129.8167097,7.874,0.08,63.7,187.12660953828143
38,2011-11-11,0,48.76,3.824,129.8167097,12.89,0.08,63.7,119.27199786592578
23,2011-11-11,0,44.04,3.57,136.4618065,4.42,0.08,63.7,168.9847602539687
18,2011-11-11,0,45.69,3.57,136.4618065,8.471,0.08,63.7,156.10855477763505
2,2011-11-11,0,59.33,3.297,217.6455387,7.441,0.08,63.7,183.12992550365576
3,2011-11-11,0,61.7,3.297,221.4117517,7.197,0.08,63.7,118.99911158085617
19,2011-11-11,0,48.22,3.719,136.4618065,7.866,0.08,63.7,171.07439284943973
15,2011-11-11,0,47.13,3.719,136.4618065,7.866,0.08,63.7,133.70864974218577
21,2011-11-11,0,59.8,3.297,217.6455387,7.441,0.08,63.7,141.4425350385563
44,2011-11-11,0,33.8,3.513,129.8167097,6.078,0.08,63.7,110.42735470562243
45,2011-11-11,0,47.65,3.53,188.0632345,8.523,0.08,63.7,144.04418756613035
14,2011-11-18,0,51.34,3.53,188.1983654,8.523,0.08,63.7,184.40178182355538
22,2011-11-18,0,50.62,3.571,140.4127857,7.706,0.08,63.7,153.12995925830003
27,2011-11-18,0,51.42,3.717,140.4127857,7.906,0.08,63.7,177.72473532641735
23,2011-11-18,0,45.48,3.571,136.4666667,4.42,0.08,63.7,165.93608735394756
4,2011-11-18,0,50.44,3.294,129.8268333,5.143,0.08,63.7,191.18252737461472
41,2011-11-18,0,36.64,3.479,195.7184713,6.759,0.08,63.7,161.85515589089354
6,2011-11-18,0,63.89,3.308,219.7897137,6.551,0.08,63.7,171.77494069697468
43,2011-11-18,0,57.75,3.308,209.8651071,10.148,0.08,63.7,134.25775592975987
45,2011-11-18,0,51.34,3.53,188.1983654,8.523,0.08,63.7,142.2800763750556
37,2011-11-18,0,66.28,3.308,216.9395861,7.716,0.08,63.7,127.87565054752606
29,2011-11-18,0,50.62,3.571,136.4666667,9.357,0.08,63.7,126.30124025927692
17,2011-11-18,0,32.93,3.489,129.8268333,6.617,0.08,63.7,147.36781207785504
31,2011-11-18,0,61.9,3.308,217.8670218,7.441,0.08,63.7,169.25267032051426
20,2011-11-18,0,49.3,3.53,211.1847207,7.082,0.08,63.7,189.41719503238986
3,2011-11-18,0,63.91,3.308,221.6432852,7.197,0.08,63.7,118.26459901532104
9,2011-11-18,0,58.8,3.308,221.8803923,6.054,0.08,63.7,128.87503180123866
34,2011-11-18,0,46.0,3.294,129.8268333,10.148,0.08,63.7,150.5380761683263
30,2011-11-18,0,61.9,3.308,217.8670218,7.441,0.08,63.7,121.28419476809295
16,2011-11-18,0,31.73,3.479,195.7184713,6.232,0.08,63.7,124.57589973786679
12,2011-11-18,0,54.2,3.813,129.8268333,12.89,0.08,63.7,151.54880627897035
2,2011-11-18,0,62.01,3.308,217.8670218,7.441,0.08,63.7,182.65425432656778
18,2011-11-18,0,47.88,3.571,136.4666667,8.471,0.08,63.7,155.180357361331
15,2011-11-18,0,46.53,3.717,136.4666667,7.866,0.08,63.7,132.42209910591706
44,2011-11-18,0,40.65,3.489,129.8268333,6.078,0.08,63.7,110.25818820808344
21,2011-11-18,0,61.9,3.308,217.8670218,7.441,0.08,63.7,140.3736455576882
19,2011-11-18,0,48.21,3.717,136.4666667,7.866,0.08,63.7,168.1609450332355
11,2011-11-18,0,66.17,3.308,221.6432852,7.197,0.08,63.7,164.8827783174608
35,2011-11-18,0,51.42,3.53,140.4127857,8.745,0.08,63.7,144.6524819530776
5,2011-11-18,0,64.33,3.308,218.793912,6.3,0.08,63.7,109.99987230428282
24,2011-11-18,0,48.17,3.717,136.4666667,8.454,0.08,63.7,164.2691986190261
40,2011-11-18,0,41.85,3.571,136.4666667,4.42,0.08,63.7,148.64556129420168
38,2011-11-18,0,54.2,3.813,129.8268333,12.89,0.08,63.7,117.6938966196046
28,2011-11-18,0,54.2,3.813,129.8268333,12.89,0.08,63.7,162.76000490708387
7,2011-11-18,0,29.53,3.479,195.7184713,8.513,0.08,63.7,128.703138826096
1,2011-11-18,0,62.25,3.308,218.2205088,7.866,0.08,63.7,172.24463990783312
36,2011-11-18,0,66.28,3.26,216.9395861,7.716,0.08,63.7,112.42930486940232
42,2011-11-18,0,58.97,3.669,129.8268333,7.874,0.08,63.7,130.52234406070795
39,2011-11-18,0,66.09,3.308,216.9395861,7.716,0.08,63.7,171.33646143562902
32,2011-11-18,0,42.61,3.479,195.7184713,8.513,0.08,63.7,160.05944655869135
33,2011-11-18,0,63.35,3.669,129.8268333,8.01,0.08,63.7,103.89877729192395
25,2011-11-18,0,46.41,3.53,211.1847207,7.082,0.08,63.7,139.92155076444473
26,2011-11-18,0,37.78,3.571,136.4666667,7.598,0.08,63.7,150.47353435133564
8,2011-11-18,0,51.72,3.308,221.6911738,6.123,0.08,63.7,148.26226870993304
13,2011-11-18,0,40.65,3.489,129.8268333,6.392,0.08,63.7,185.60835455147716
10,2011-11-18,0,58.97,3.669,129.8268333,7.874,0.08,63.7,181.7536216093382
23,2011-11-25,1,35.23,3.536,136.4788,4.42,0.08,63.7,186.63847274206196
6,2011-11-25,1,62.78,3.236,220.0417412,6.551,0.08,63.7,191.3205924123649
15,2011-11-25,1,41.1,3.689,136.4788,7.866,0.08,63.7,155.56594823411925
19,2011-11-25,1,42.75,3.689,136.4788,7.866,0.08,63.7,184.53863210069542
37,2011-11-25,1,66.41,3.236,217.1812533,7.716,0.08,63.7,127.54012994262364
31,2011-11-25,1,56.43,3.236,218.1130269,7.441,0.08,63.7,183.4819962843036
42,2011-11-25,1,60.68,3.76,129.8364,7.874,0.08,63.7,131.1612986338399
34,2011-11-25,1,45.99,3.225,129.8364,10.148,0.08,63.7,165.93485126188608
8,2011-11-25,1,49.61,3.236,221.9491571,6.123,0.08,63.7,162.039125860025
38,2011-11-25,1,53.25,3.622,129.8364,12.89,0.08,63.7,117.83755105299103
26,2011-11-25,1,31.07,3.536,136.4788,7.598,0.08,63.7,163.73249966571726
16,2011-11-25,1,31.39,3.424,195.7704,6.232,0.08,63.7,139.0532408878751
13,2011-11-25,1,38.89,3.445,129.8364,6.392,0.08,63.7,204.52290760591757
24,2011-11-25,1,41.83,3.689,136.4788,8.454,0.08,63.7,178.78708788624158
30,2011-11-25,1,56.43,3.236,218.1130269,7.441,0.08,63.7,122.48835186872665
21,2011-11-25,1,56.43,3.236,218.1130269,7.441,0.08,63.7,161.45752770366317
4,2011-11-25,1,47.96,3.225,129.8364,5.143,0.08,63.7,207.24661205294768
5,2011-11-25,1,61.93,3.236,219.0428204,6.3,0.08,63.7,126.53126542753188
40,2011-11-25,1,32.76,3.536,136.4788,4.42,0.08,63.7,161.85128271104824
7,2011-11-25,1,27.6,3.424,195.7704,8.513,0.08,63.7,150.60531485812714
36,2011-11-25,1,66.41,3.181,217.1812533,7.716,0.08,63.7,112.42074953029415
18,2011-11-25,1,41.97,3.536,136.4788,8.471,0.08,63.7,174.81957203483347
33,2011-11-25,1,62.35,3.76,129.8364,8.01,0.08,63.7,104.44128868708746
44,2011-11-25,1,38.89,3.445,129.8364,6.078,0.08,63.7,110.11837096519776
32,2011-11-25,1,40.22,3.424,195.7704,8.513,0.08,63.7,176.5938958892461
25,2011-11-25,1,43.49,3.492,211.4120757,7.082,0.08,63.7,157.54763738761852
11,2011-11-25,1,70.03,3.236,221.9011185,7.197,0.08,63.7,181.20946346921755
2,2011-11-25,1,56.36,3.236,218.1130269,7.441,0.08,63.7,199.4272804506924
35,2011-11-25,1,47.88,3.492,140.4217857,8.745,0.08,63.7,178.01205042652785
43,2011-11-25,1,55.7,3.236,210.0888571,10.148,0.08,63.7,136.69320949009685
22,2011-11-25,1,46.28,3.536,140.4217857,7.706,0.08,63.7,172.1321030506693
45,2011-11-25,1,48.71,3.492,188.3504,8.523,0.08,63.7,159.64525154263288
27,2011-11-25,1,47.88,3.689,140.4217857,7.906,0.08,63.7,197.07619154702866
20,2011-11-25,1,46.38,3.492,211.4120757,7.082,0.08,63.7,205.34816476491224
10,2011-11-25,1,60.68,3.76,129.8364,7.874,0.08,63.7,206.20150248567134
3,2011-11-25,1,68.0,3.236,221.9011185,7.197,0.08,63.7,129.82803017226072
41,2011-11-25,1,36.37,3.424,195.7704,6.759,0.08,63.7,182.7591570804572
9,2011-11-25,1,54.32,3.236,222.1389683,6.054,0.08,63.7,144.34715459558447
28,2011-11-25,1,53.25,3.622,129.8364,12.89,0.08,63.7,183.3673826402536
1,2011-11-25,1,60.14,3.236,218.4676211,7.866,0.08,63.7,186.03999952784517
29,2011-11-25,1,46.28,3.536,136.4788,9.357,0.08,63.7,148.9989491151111
14,2011-11-25,1,48.71,3.492,188.3504,8.523,0.08,63.7,200.9125756663478
17,2011-11-25,1,32.81,3.445,129.8364,6.617,0.08,63.7,161.6936342737379
39,2011-11-25,1,66.36,3.236,217.1812533,7.716,0.08,63.7,193.38469920956763
12,2011-11-25,1,53.25,3.622,129.8364,12.89,0.08,63.7,173.85078885032615
44,2011-12-02,0,33.94,3.389,129.8459667,6.078,0.07,69.9,107.5630743152655
45,2011-12-02,0,50.19,3.452,188.5024346,8.523,0.07,69.9,147.27319737871747
15,2011-12-02,0,45.67,3.666,136.4909333,7.866,0.07,69.9,138.3200678853998
8,2011-12-02,0,40.82,3.172,222.2071405,6.123,0.07,69.9,152.23727390225673
35,2011-12-02,0,50.55,3.452,140.4307857,8.745,0.07,69.9,148.56360582758518
1,2011-12-02,0,48.91,3.172,218.7147333,7.866,0.07,69.9,173.6132304924973
22,2011-12-02,0,49.11,3.501,140.4307857,7.706,0.07,69.9,159.52961239147837
24,2011-12-02,0,47.21,3.666,136.4909333,8.454,0.07,69.9,165.59365252617835
33,2011-12-02,0,59.12,3.701,129.8459667,8.01,0.07,69.9,100.09335420156091
21,2011-12-02,0,48.72,3.172,218.3590319,7.441,0.07,69.9,143.273405261285
34,2011-12-02,0,39.75,3.176,129.8459667,10.148,0.07,69.9,152.32899470288802
23,2011-12-02,0,43.6,3.501,136.4909333,4.42,0.07,69.9,172.65892031431886
3,2011-12-02,0,54.97,3.172,222.1589519,7.197,0.07,69.9,124.00431256208192
9,2011-12-02,0,46.84,3.172,222.3975443,6.054,0.07,69.9,133.3560151078878
14,2011-12-02,0,50.19,3.452,188.5024346,8.523,0.07,69.9,188.76585147145298
37,2011-12-02,0,53.57,3.172,217.4229206,7.716,0.07,69.9,127.85011240462337
31,2011-12-02,0,48.72,3.172,218.3590319,7.441,0.07,69.9,167.3959149461513
43,2011-12-02,0,47.49,3.172,210.3126071,10.148,0.07,69.9,131.62340555491133
13,2011-12-02,0,33.94,3.389,129.8459667,6.392,0.07,69.9,186.49412923915688
25,2011-12-02,0,42.85,3.452,211.6394306,7.082,0.07,69.9,147.39536784571396
42,2011-12-02,0,57.29,3.701,129.8459667,7.874,0.07,69.9,126.80757536467092
32,2011-12-02,0,33.8,3.378,195.8223287,8.513,0.07,69.9,159.98880620355533
36,2011-12-02,0,53.57,3.164,217.4229206,7.716,0.07,69.9,108.51206196708804
2,2011-12-02,0,48.74,3.172,218.3590319,7.441,0.07,69.9,184.02739179776134
12,2011-12-02,0,52.5,3.701,129.8459667,12.89,0.07,69.9,155.7643509221904
11,2011-12-02,0,56.89,3.172,222.1589519,7.197,0.07,69.9,167.7463412186608
10,2011-12-02,0,57.29,3.701,129.8459667,7.874,0.07,69.9,186.91502660898652
26,2011-12-02,0,36.74,3.501,136.4909333,7.598,0.07,69.9,153.3373184551648
4,2011-12-02,0,38.71,3.176,129.8459667,5.143,0.07,69.9,189.68388642021668
20,2011-12-02,0,46.32,3.452,211.6394306,7.082,0.07,69.9,192.46315361516093
5,2011-12-02,0,51.14,3.172,219.2917287,6.3,0.07,69.9,116.34844276866103
39,2011-12-02,0,53.14,3.172,217.4229206,7.716,0.07,69.9,175.07921086195222
40,2011-12-02,0,38.51,3.501,136.4909333,4.42,0.07,69.9,155.28973147594058
17,2011-12-02,0,26.47,3.389,129.8459667,6.617,0.07,69.9,150.43708731509471
6,2011-12-02,0,51.18,3.172,220.2937686,6.551,0.07,69.9,176.71176992993145
27,2011-12-02,0,50.55,3.666,140.4307857,7.906,0.07,69.9,180.05951472900412
18,2011-12-02,0,46.25,3.501,136.4909333,8.471,0.07,69.9,160.29946240443
7,2011-12-02,0,20.38,3.378,195.8223287,8.513,0.07,69.9,132.05330318090483
30,2011-12-02,0,48.72,3.172,218.3590319,7.441,0.07,69.9,119.37484635703012
41,2011-12-02,0,34.53,3.378,195.8223287,6.759,0.07,69.9,164.0898395129491
19,2011-12-02,0,45.67,3.666,136.4909333,7.866,0.07,69.9,170.5237063841637
38,2011-12-02,0,52.5,3.701,129.8459667,12.89,0.07,69.9,119.28295758467765
28,2011-12-02,0,52.5,3.701,129.8459667,12.89,0.07,69.9,166.7009467808142
29,2011-12-02,0,49.11,3.501,136.4909333,9.357,0.07,69.9,131.29891704576553
16,2011-12-02,0,27.83,3.378,195.8223287,6.232,0.07,69.9,128.0780971727259
17,2011-12-09,0,17.56,3.341,129.8555333,6.617,0.07,69.9,151.80347208429873
40,2011-12-09,0,34.48,3.47,136.5030667,4.42,0.07,69.9,159.19064626910674
42,2011-12-09,0,42.58,3.644,129.8555333,7.874,0.07,69.9,133.71971046843723
20,2011-12-09,0,41.64,3.415,211.8667856,7.082,0.07,69.9,197.97825711562297
33,2011-12-09,0,47.7,3.644,129.8555333,8.01,0.07,69.9,106.05624842663244
32,2011-12-09,0,17.94,3.331,195.8742575,8.513,0.07,69.9,168.28999197953718
24,2011-12-09,0,42.3,3.627,136.5030667,8.454,0.07,69.9,171.93793425204535
5,2011-12-09,0,44.12,3.158,219.540637,6.3,0.07,69.9,115.58078030464056
21,2011-12-09,0,41.44,3.158,218.605037,7.441,0.07,69.9,148.29511854956604
11,2011-12-09,0,50.63,3.158,222.4167852,7.197,0.07,69.9,175.48674085340164
1,2011-12-09,0,43.93,3.158,218.9618456,7.866,0.07,69.9,179.85939289189884
16,2011-12-09,0,14.44,3.331,195.8742575,6.232,0.07,69.9,130.9773218599804
2,2011-12-09,0,41.76,3.158,218.605037,7.441,0.07,69.9,192.27241976557198
36,2011-12-09,0,50.64,3.147,217.6645878,7.716,0.07,69.9,110.43378108985458
3,2011-12-09,0,49.26,3.158,222.4167852,7.197,0.07,69.9,123.72939495691581
22,2011-12-09,0,45.35,3.47,140.4397857,7.706,0.07,69.9,164.6694196575116
31,2011-12-09,0,41.44,3.158,218.605037,7.441,0.07,69.9,172.77935874048228
28,2011-12-09,0,42.17,3.644,129.8555333,12.89,0.07,69.9,169.95823639462333
7,2011-12-09,0,11.17,3.331,195.8742575,8.513,0.07,69.9,135.76860765940552
26,2011-12-09,0,34.24,3.47,136.5030667,7.598,0.07,69.9,158.8187235074048
12,2011-12-09,0,42.17,3.644,129.8555333,12.89,0.07,69.9,160.35931264575493
9,2011-12-09,0,37.65,3.158,222.6561203,6.054,0.07,69.9,134.38937780246246
44,2011-12-09,0,24.82,3.341,129.8555333,6.078,0.07,69.9,109.63332528878311
43,2011-12-09,0,34.23,3.158,210.5363571,10.148,0.07,69.9,133.64526312455718
4,2011-12-09,0,31.64,3.153,129.8555333,5.143,0.07,69.9,197.1751919099238
41,2011-12-09,0,17.05,3.331,195.8742575,6.759,0.07,69.9,172.5286043286477
18,2011-12-09,0,42.36,3.47,136.5030667,8.471,0.07,69.9,166.71246467980737
14,2011-12-09,0,46.57,3.415,188.6544692,8.523,0.07,69.9,196.33693515120854
34,2011-12-09,0,24.69,3.153,129.8555333,10.148,0.07,69.9,156.2814344735583
6,2011-12-09,0,43.64,3.158,220.5457961,6.551,0.07,69.9,182.67079715886695
37,2011-12-09,0,50.64,3.158,217.6645878,7.716,0.07,69.9,128.5296874799572
30,2011-12-09,0,41.44,3.158,218.605037,7.441,0.07,69.9,121.30581763586095
8,2011-12-09,0,30.51,3.158,222.4651238,6.123,0.07,69.9,154.97326476320765
39,2011-12-09,0,49.36,3.158,217.6645878,7.716,0.07,69.9,179.35517812967848
29,2011-12-09,0,45.35,3.47,136.5030667,9.357,0.07,69.9,134.56223981792124
10,2011-12-09,0,42.58,3.644,129.8555333,7.874,0.07,69.9,195.42475085032456
23,2011-12-09,0,36.4,3.47,136.5030667,4.42,0.07,69.9,180.9980451780627
35,2011-12-09,0,46.28,3.415,140.4397857,8.745,0.07,69.9,150.60042367076832
45,2011-12-09,0,46.57,3.415,188.6544692,8.523,0.07,69.9,150.96060353500494
25,2011-12-09,0,38.69,3.415,211.8667856,7.082,0.07,69.9,149.1475991253238
38,2011-12-09,0,42.17,3.644,129.8555333,12.89,0.07,69.9,121.20169421674053
13,2011-12-09,0,24.82,3.341,129.8555333,6.392,0.07,69.9,196.16534104634962
19,2011-12-09,0,40.18,3.627,136.5030667,7.866,0.07,69.9,177.43942148094365
15,2011-12-09,0,38.53,3.627,136.5030667,7.866,0.07,69.9,141.81537355091217
27,2011-12-09,0,46.28,3.627,140.4397857,7.906,0.07,69.9,185.56611964756783
30,2011-12-16,0,50.56,3.159,218.8217928,7.441,0.07,69.9,121.65580692749023
18,2011-12-16,0,35.52,3.445,136.5335161,8.471,0.07,69.9,171.5413573668946
35,2011-12-16,0,40.68,3.413,140.4700795,8.745,0.07,69.9,157.51016713105903
44,2011-12-16,0,27.85,3.282,129.8980645,6.078,0.07,69.9,110.31918697887357
21,2011-12-16,0,50.56,3.159,218.8217928,7.441,0.07,69.9,153.96871574048737
33,2011-12-16,0,53.18,3.489,129.8980645,8.01,0.07,69.9,104.85651866612423
31,2011-12-16,0,50.56,3.159,218.8217928,7.441,0.07,69.9,174.4315315486174
37,2011-12-16,0,58.31,3.159,217.8781339,7.716,0.07,69.9,128.30756315205673
20,2011-12-16,0,37.16,3.413,212.0685039,7.082,0.07,69.9,202.4974518745464
24,2011-12-16,0,36.0,3.611,136.5335161,8.454,0.07,69.9,174.84412331898633
5,2011-12-16,0,54.42,3.159,219.7596266,6.3,0.07,69.9,116.63361297284723
13,2011-12-16,0,27.85,3.282,129.8980645,6.392,0.07,69.9,202.44742166141583
10,2011-12-16,0,50.53,3.489,129.8980645,7.874,0.07,69.9,198.16944054803946
39,2011-12-16,0,58.58,3.159,217.8781339,7.716,0.07,69.9,184.98149775761215
27,2011-12-16,0,40.68,3.611,140.4700795,7.906,0.07,69.9,190.28091421421306
36,2011-12-16,0,58.31,3.133,217.8781339,7.716,0.07,69.9,113.23584285419372
29,2011-12-16,0,39.11,3.445,136.5335161,9.357,0.07,69.9,140.3625901860431
38,2011-12-16,0,43.29,3.6,129.8980645,12.89,0.07,69.9,118.71409554916757
15,2011-12-16,0,35.49,3.611,136.5335161,7.866,0.07,69.9,147.025482270095
45,2011-12-16,0,39.93,3.413,188.7979349,8.523,0.07,69.9,156.06735029776794
25,2011-12-16,0,33.09,3.413,212.0685039,7.082,0.07,69.9,152.70285710780934
23,2011-12-16,0,32.99,3.445,136.5335161,4.42,0.07,69.9,189.50617551521913
43,2011-12-16,0,43.78,3.159,210.7365392,10.148,0.07,69.9,136.41056179783817
7,2011-12-16,0,15.2,3.266,195.9841685,8.513,0.07,69.9,139.47666286117905
8,2011-12-16,0,39.79,3.159,222.6910959,6.123,0.07,69.9,157.62411546304514
14,2011-12-16,0,39.93,3.413,188.7979349,8.523,0.07,69.9,199.00787837044942
6,2011-12-16,0,53.27,3.159,220.7671856,6.551,0.07,69.9,186.07480020387538
34,2011-12-16,0,32.31,3.149,129.8980645,10.148,0.07,69.9,158.89793219996537
11,2011-12-16,0,59.69,3.159,222.6426418,7.197,0.07,69.9,179.42153094411236
4,2011-12-16,0,36.44,3.149,129.8980645,5.143,0.07,69.9,202.6710029235092
41,2011-12-16,0,25.01,3.266,195.9841685,6.759,0.07,69.9,176.5328756640131
19,2011-12-16,0,37.07,3.611,136.5335161,7.866,0.07,69.9,181.2969309980409
17,2011-12-16,0,21.07,3.282,129.8980645,6.617,0.07,69.9,155.6176235089823
9,2011-12-16,0,47.31,3.159,222.8825484,6.054,0.07,69.9,138.67874894777873
2,2011-12-16,0,50.13,3.159,218.8217928,7.441,0.07,69.9,195.50089393114283
16,2011-12-16,0,22.5,3.266,195.9841685,6.232,0.07,69.9,137.2314825122815
40,2011-12-16,0,29.53,3.445,136.5335161,4.42,0.07,69.9,160.69600874739612
26,2011-12-16,0,28.24,3.445,136.5335161,7.598,0.07,69.9,160.92396403140413
28,2011-12-16,0,43.29,3.6,129.8980645,12.89,0.07,69.9,168.75657421225884
12,2011-12-16,0,43.29,3.6,129.8980645,12.89,0.07,69.9,164.12392402145258
3,2011-12-16,0,57.95,3.159,222.6426418,7.197,0.07,69.9,126.72895232825175
22,2011-12-16,0,39.11,3.445,140.4700795,7.706,0.07,69.9,169.51120920477229
32,2011-12-16,0,26.23,3.266,195.9841685,8.513,0.07,69.9,172.7553330182278
42,2011-12-16,0,50.53,3.489,129.8980645,7.874,0.07,69.9,132.4580046966304
1,2011-12-16,0,51.63,3.159,219.1794533,7.866,0.07,69.9,182.07828884073686
30,2011-12-23,0,46.54,3.112,218.9995495,7.441,0.07,69.9,125.41394129048301
7,2011-12-23,0,12.19,3.173,196.1713893,8.513,0.07,69.9,155.29130474623628
3,2011-12-23,0,53.41,3.112,222.8258628,7.197,0.07,69.9,129.4556070175225
14,2011-12-23,0,42.27,3.389,188.9299752,8.523,0.07,69.9,213.9001652887395
2,2011-12-23,0,46.66,3.112,218.9995495,7.441,0.07,69.9,211.323820480756
43,2011-12-23,0,42.63,3.112,210.9052972,10.148,0.07,69.9,137.05158715613135
25,2011-12-23,0,36.56,3.389,212.2360401,7.082,0.07,69.9,164.02276556909365
16,2011-12-23,0,20.79,3.173,196.1713893,6.232,0.07,69.9,150.67655731498166
9,2011-12-23,0,44.43,3.112,223.0661125,6.054,0.07,69.9,148.64212320433987
21,2011-12-23,0,46.54,3.112,218.9995495,7.441,0.07,69.9,167.25345933193316
20,2011-12-23,0,40.19,3.389,212.2360401,7.082,0.07,69.9,217.10110075304993
27,2011-12-23,0,41.59,3.587,140.528765,7.906,0.07,69.9,202.01406779903792
36,2011-12-23,0,55.41,3.098,218.0541851,7.716,0.07,69.9,111.70017989584858
32,2011-12-23,0,25.97,3.173,196.1713893,8.513,0.07,69.9,184.14648282788343
5,2011-12-23,0,50.33,3.112,219.9387246,6.3,0.07,69.9,122.9703163924991
18,2011-12-23,0,35.78,3.413,136.5883871,8.471,0.07,69.9,182.11088204515625
26,2011-12-23,0,22.53,3.413,136.5883871,7.598,0.07,69.9,171.48650853467268
28,2011-12-23,0,45.4,3.541,129.9845484,12.89,0.07,69.9,179.76305560596725
22,2011-12-23,0,39.83,3.413,140.528765,7.706,0.07,69.9,181.59482178441993
12,2011-12-23,0,45.4,3.541,129.9845484,12.89,0.07,69.9,174.62368872368523
40,2011-12-23,0,24.46,3.413,136.5883871,4.42,0.07,69.9,174.14261585712916
42,2011-12-23,0,48.36,3.541,129.9845484,7.874,0.07,69.9,131.033056718208
17,2011-12-23,0,18.76,3.186,129.9845484,6.617,0.07,69.9,163.97422573896773
38,2011-12-23,0,45.4,3.541,129.9845484,12.89,0.07,69.9,119.96467532017708
15,2011-12-23,0,34.93,3.587,136.5883871,7.866,0.07,69.9,160.0985495259966
45,2011-12-23,0,42.27,3.389,188.9299752,8.523,0.07,69.9,171.69894006712826
23,2011-12-23,0,27.8,3.413,136.5883871,4.42,0.07,69.9,198.8718760545397
8,2011-12-23,0,38.16,3.112,222.8743862,6.123,0.07,69.9,169.80485180339704
19,2011-12-23,0,36.09,3.587,136.5883871,7.866,0.07,69.9,196.54704857378778
6,2011-12-23,0,49.45,3.112,220.9477245,6.551,0.07,69.9,200.06610348947174
34,2011-12-23,0,32.45,3.103,129.9845484,10.148,0.07,69.9,173.90328550422805
11,2011-12-23,0,54.29,3.112,222.8258628,7.197,0.07,69.9,190.46197820583683
4,2011-12-23,0,35.92,3.103,129.9845484,5.143,0.07,69.9,219.11541141251308
29,2011-12-23,0,39.83,3.413,136.5883871,9.357,0.07,69.9,153.51122304148888
35,2011-12-23,0,41.59,3.389,140.528765,8.745,0.07,69.9,172.57652031548957
1,2011-12-23,0,47.96,3.112,219.3577216,7.866,0.07,69.9,191.79826172097174
44,2011-12-23,0,24.76,3.186,129.9845484,6.078,0.07,69.9,116.34915954774908
33,2011-12-23,0,53.39,3.541,129.9845484,8.01,0.07,69.9,104.4686377752383
24,2011-12-23,0,36.93,3.587,136.5883871,8.454,0.07,69.9,189.37880251185422
39,2011-12-23,0,54.62,3.112,218.0541851,7.716,0.07,69.9,198.15768532669546
13,2011-12-23,0,24.76,3.186,129.9845484,6.392,0.07,69.9,217.12460269288277
41,2011-12-23,0,25.59,3.173,196.1713893,6.759,0.07,69.9,191.64702400361068
37,2011-12-23,0,55.41,3.112,218.0541851,7.716,0.07,69.9,132.90990117754095
10,2011-12-23,0,48.36,3.541,129.9845484,7.874,0.07,69.9,215.95777294531695
31,2011-12-23,0,46.54,3.112,218.9995495,7.441,0.07,69.9,185.8588849837247
34,2011-12-30,1,28.84,3.119,130.0710323,10.148,0.07,69.9,151.3258081441627
11,2011-12-30,1,48.86,3.129,223.0090839,7.197,0.07,69.9,166.1563862596214
39,2011-12-30,1,47.6,3.129,218.2302364,7.716,0.07,69.9,172.17191328779333
6,2011-12-30,1,46.8,3.129,221.1282634,6.551,0.07,69.9,174.03693147746756
44,2011-12-30,1,31.53,3.119,130.0710323,6.078,0.07,69.9,105.33905843590243
43,2011-12-30,1,41.83,3.129,211.0740553,10.148,0.07,69.9,126.35744333151607
25,2011-12-30,1,32.42,3.389,212.4035763,7.082,0.07,69.9,137.46636657183456
23,2011-12-30,1,22.3,3.402,136.6432581,4.42,0.07,69.9,161.24487137506472
45,2011-12-30,1,37.79,3.389,189.0620155,8.523,0.07,69.9,146.97792398846883
24,2011-12-30,1,33.45,3.566,136.6432581,8.454,0.07,69.9,166.56031210889256
13,2011-12-30,1,31.53,3.119,130.0710323,6.392,0.07,69.9,184.39390838709144
10,2011-12-30,1,48.92,3.428,130.0710323,7.874,0.07,69.9,183.39241917375313
2,2011-12-30,1,44.57,3.129,219.1773063,7.441,0.07,69.9,181.8918163491622
35,2011-12-30,1,37.85,3.389,140.5874505,8.745,0.07,69.9,148.61133819797413
7,2011-12-30,1,15.56,3.119,196.3586101,8.513,0.07,69.9,144.40441082345416
5,2011-12-30,1,45.62,3.129,220.1178226,6.3,0.07,69.9,113.9838060812455
28,2011-12-30,1,44.64,3.428,130.0710323,12.89,0.07,69.9,163.2958294556367
33,2011-12-30,1,51.6,3.428,130.0710323,8.01,0.07,69.9,99.4870630895524
22,2011-12-30,1,36.28,3.402,140.5874505,7.706,0.07,69.9,152.0680601348134
1,2011-12-30,1,44.55,3.129,219.5359898,7.866,0.07,69.9,170.9285030073285
18,2011-12-30,1,32.36,3.402,136.6432581,8.471,0.07,69.9,153.25579548468417
36,2011-12-30,1,48.26,3.132,218.2302364,7.716,0.07,69.9,107.89257762863359
9,2011-12-30,1,43.41,3.129,223.2496766,6.054,0.07,69.9,129.36161265333863
32,2011-12-30,1,32.99,3.119,196.3586101,8.513,0.07,69.9,157.00258671324573
12,2011-12-30,1,44.64,3.428,130.0710323,12.89,0.07,69.9,157.36812587545825
40,2011-12-30,1,18.75,3.402,136.6432581,4.42,0.07,69.9,148.80298333814738
16,2011-12-30,1,23.91,3.119,196.3586101,6.232,0.07,69.9,136.45935367509804
29,2011-12-30,1,36.28,3.402,136.6432581,9.357,0.07,69.9,129.48979527718828
21,2011-12-30,1,45.16,3.129,219.1773063,7.441,0.07,69.9,143.83248788819373
17,2011-12-30,1,26.73,3.119,130.0710323,6.617,0.07,69.9,142.46425009865712
41,2011-12-30,1,34.12,3.119,196.3586101,6.759,0.07,69.9,163.08061352762982
4,2011-12-30,1,36.89,3.119,130.0710323,5.143,0.07,69.9,185.37316129830927
8,2011-12-30,1,36.33,3.129,223.0576765,6.123,0.07,69.9,146.46629421628995
30,2011-12-30,1,45.16,3.129,219.1773063,7.441,0.07,69.9,116.39618906598284
20,2011-12-30,1,36.35,3.389,212.4035763,7.082,0.07,69.9,186.29081502127065
38,2011-12-30,1,44.64,3.428,130.0710323,12.89,0.07,69.9,113.34378788957054
37,2011-12-30,1,48.26,3.129,218.2302364,7.716,0.07,69.9,122.42498799071127
27,2011-12-30,1,37.85,3.566,140.5874505,7.906,0.07,69.9,175.6032183906724
31,2011-12-30,1,45.16,3.129,219.1773063,7.441,0.07,69.9,166.269501712856
26,2011-12-30,1,18.8,3.402,136.6432581,7.598,0.07,69.9,151.6438951466707
42,2011-12-30,1,48.92,3.428,130.0710323,7.874,0.07,69.9,122.65827600774577
14,2011-12-30,1,37.79,3.389,189.0620155,8.523,0.07,69.9,182.95615636358121
3,2011-12-30,1,48.29,3.129,223.0090839,7.197,0.07,69.9,119.22628149965212
15,2011-12-30,1,31.44,3.566,136.6432581,7.866,0.07,69.9,132.76710828622947
19,2011-12-30,1,31.65,3.566,136.6432581,7.866,0.07,69.9,167.94036187440807
18,2012-01-06,0,31.27,3.439,136.698129,8.075,0.08,75.0,151.83643314788083
40,2012-01-06,0,23.29,3.439,136.698129,4.261,0.08,75.0,150.84745591091337
37,2012-01-06,0,57.18,3.157,218.4062876,7.244,0.08,75.0,129.92020696140068
12,2012-01-06,0,50.43,3.599,130.1575161,12.187,0.08,75.0,150.46167814865424
23,2012-01-06,0,24.29,3.439,136.698129,4.261,0.08,75.0,158.88297163849384
9,2012-01-06,0,47.54,3.157,223.4332408,5.667,0.08,75.0,127.3374506405065
42,2012-01-06,0,59.85,3.443,130.1575161,7.545,0.08,75.0,134.74742707399116
15,2012-01-06,0,30.24,3.585,136.698129,7.943,0.08,75.0,127.097521140024
13,2012-01-06,0,33.8,3.08,130.1575161,6.104,0.08,75.0,181.663783043367
32,2012-01-06,0,36.75,3.095,196.5458309,8.256,0.08,75.0,156.90638392842015
39,2012-01-06,0,55.83,3.157,218.4062876,7.244,0.08,75.0,170.32695895127324
6,2012-01-06,0,50.82,3.157,221.3088023,6.132,0.08,75.0,167.6138128018671
38,2012-01-06,0,50.43,3.599,130.1575161,12.187,0.08,75.0,124.44019383358905
17,2012-01-06,0,27.64,3.08,130.1575161,6.403,0.08,75.0,160.67494551874552
36,2012-01-06,0,57.18,3.129,218.4062876,7.244,0.08,75.0,112.10307160293836
21,2012-01-06,0,48.1,3.157,219.355063,7.057,0.08,75.0,134.97179108127662
20,2012-01-06,0,33.42,3.422,212.5711125,6.961,0.08,75.0,184.2809490590396
27,2012-01-06,0,35.8,3.585,140.6461359,8.009,0.08,75.0,172.11439310500737
7,2012-01-06,0,18.67,3.095,196.5458309,8.256,0.08,75.0,139.09102423989046
3,2012-01-06,0,52.42,3.157,223.1923049,6.833,0.08,75.0,118.20974689188631
45,2012-01-06,0,35.88,3.422,189.1940558,8.424,0.08,75.0,139.14333456329624
5,2012-01-06,0,50.21,3.157,220.2969205,5.943,0.08,75.0,110.41199626213407
30,2012-01-06,0,48.1,3.157,219.355063,7.057,0.08,75.0,122.85541061024675
2,2012-01-06,0,46.75,3.157,219.355063,7.057,0.08,75.0,179.8549031402956
4,2012-01-06,0,38.64,3.158,130.1575161,4.607,0.08,75.0,186.40478071600492
25,2012-01-06,0,30.23,3.422,212.5711125,6.961,0.08,75.0,134.75018638914938
28,2012-01-06,0,50.43,3.599,130.1575161,12.187,0.08,75.0,169.92681163641964
29,2012-01-06,0,34.61,3.439,136.698129,8.988,0.08,75.0,123.80316481429206
33,2012-01-06,0,60.92,3.443,130.1575161,7.603,0.08,75.0,105.6895240317791
1,2012-01-06,0,49.01,3.157,219.7142581,7.348,0.08,75.0,172.58132982645708
41,2012-01-06,0,37.21,3.095,196.5458309,6.589,0.08,75.0,161.04927779943336
8,2012-01-06,0,43.47,3.157,223.2409668,5.825,0.08,75.0,147.10518707403267
26,2012-01-06,0,22.94,3.439,136.698129,7.467,0.08,75.0,151.5885539129677
24,2012-01-06,0,32.86,3.585,136.698129,8.659,0.08,75.0,162.63395853472713
43,2012-01-06,0,47.59,3.157,211.2428134,9.653,0.08,75.0,136.75160965171884
11,2012-01-06,0,54.44,3.157,223.1923049,6.833,0.08,75.0,163.78793278079377
14,2012-01-06,0,35.88,3.422,189.1940558,8.424,0.08,75.0,181.48543848340674
31,2012-01-06,0,48.1,3.157,219.355063,7.057,0.08,75.0,167.80980310618747
10,2012-01-06,0,59.85,3.443,130.1575161,7.545,0.08,75.0,176.56290724127703
22,2012-01-06,0,34.61,3.439,140.6461359,7.503,0.08,75.0,148.185278043544
44,2012-01-06,0,33.8,3.08,130.1575161,5.774,0.08,75.0,111.70648120866561
35,2012-01-06,0,35.8,3.422,140.6461359,8.744,0.08,75.0,136.7922028461434
19,2012-01-06,0,31.84,3.585,136.698129,7.943,0.08,75.0,163.17205460440925
16,2012-01-06,0,26.49,3.095,196.5458309,6.162,0.08,75.0,130.32078308764073
34,2012-01-06,0,36.39,3.158,130.1575161,9.653,0.08,75.0,150.81529324402413
10,2012-01-13,0,51.0,3.477,130.244,7.545,0.08,75.0,177.37612146052055
20,2012-01-13,0,37.79,3.513,212.7386486,6.961,0.08,75.0,182.8863217556387
7,2012-01-13,0,7.46,3.077,196.7330517,8.256,0.08,75.0,132.17558452072606
26,2012-01-13,0,25.55,3.523,136.753,7.467,0.08,75.0,145.39955922899233
5,2012-01-13,0,48.86,3.261,220.4760185,5.943,0.08,75.0,108.31483771586394
33,2012-01-13,0,54.61,3.477,130.244,7.603,0.08,75.0,107.04360999316863
35,2012-01-13,0,41.3,3.513,140.7048214,8.744,0.08,75.0,134.07984384354776
21,2012-01-13,0,45.0,3.261,219.5328198,7.057,0.08,75.0,134.44010958791432
39,2012-01-13,0,54.66,3.261,218.5823389,7.244,0.08,75.0,166.73456137950612
28,2012-01-13,0,48.07,3.657,130.244,12.187,0.08,75.0,159.2852109857277
38,2012-01-13,0,48.07,3.657,130.244,12.187,0.08,75.0,120.24705317925718
29,2012-01-13,0,39.0,3.523,136.753,8.988,0.08,75.0,121.92411608635302
18,2012-01-13,0,35.25,3.523,136.753,8.075,0.08,75.0,147.94415524777457
30,2012-01-13,0,45.0,3.261,219.5328198,7.057,0.08,75.0,122.0975577827497
8,2012-01-13,0,36.46,3.261,223.4242571,5.825,0.08,75.0,144.490341697991
42,2012-01-13,0,51.0,3.477,130.244,7.545,0.08,75.0,136.37288568647105
24,2012-01-13,0,36.5,3.666,136.753,8.659,0.08,75.0,159.07173039902867
37,2012-01-13,0,56.28,3.261,218.5823389,7.244,0.08,75.0,129.12684380551863
40,2012-01-13,0,25.9,3.523,136.753,4.261,0.08,75.0,142.63746311840498
22,2012-01-13,0,39.0,3.523,140.7048214,7.503,0.08,75.0,146.31734964498557
13,2012-01-13,0,25.61,3.056,130.244,6.104,0.08,75.0,179.72866038924087
44,2012-01-13,0,25.61,3.056,130.244,5.774,0.08,75.0,110.44007762694045
12,2012-01-13,0,48.07,3.657,130.244,12.187,0.08,75.0,146.79255499956128
1,2012-01-13,0,48.53,3.261,219.8925263,7.348,0.08,75.0,169.71939217802978
31,2012-01-13,0,45.0,3.261,219.5328198,7.057,0.08,75.0,167.01627677243388
41,2012-01-13,0,27.49,3.077,196.7330517,6.589,0.08,75.0,158.2705401074181
2,2012-01-13,0,45.99,3.261,219.5328198,7.057,0.08,75.0,178.3213681258069
4,2012-01-13,0,34.41,3.263,130.244,4.607,0.08,75.0,183.68066585578427
6,2012-01-13,0,48.33,3.261,221.4893412,6.132,0.08,75.0,165.88856933032454
11,2012-01-13,0,53.1,3.261,223.3755259,6.833,0.08,75.0,163.10646973351504
23,2012-01-13,0,28.49,3.523,136.753,4.261,0.08,75.0,154.12946655988114
15,2012-01-13,0,36.26,3.666,136.753,7.943,0.08,75.0,122.64100743889146
34,2012-01-13,0,33.99,3.263,130.244,9.653,0.08,75.0,149.02570671673527
45,2012-01-13,0,41.18,3.513,189.3260962,8.424,0.08,75.0,137.06993898779288
17,2012-01-13,0,20.28,3.056,130.244,6.403,0.08,75.0,147.1738149635756
14,2012-01-13,0,41.18,3.513,189.3260962,8.424,0.08,75.0,176.93510000791565
19,2012-01-13,0,37.08,3.666,136.753,7.943,0.08,75.0,160.08001565317005
16,2012-01-13,0,19.55,3.077,196.7330517,6.162,0.08,75.0,126.5743780380738
27,2012-01-13,0,41.3,3.666,140.7048214,8.009,0.08,75.0,170.76809687824252
3,2012-01-13,0,51.86,3.261,223.3755259,6.833,0.08,75.0,115.5812074552038
9,2012-01-13,0,42.44,3.261,223.6168049,5.667,0.08,75.0,124.18385796894944
32,2012-01-13,0,28.99,3.077,196.7330517,8.256,0.08,75.0,155.77304281537104
25,2012-01-13,0,34.6,3.513,212.7386486,6.961,0.08,75.0,133.45593112646353
36,2012-01-13,0,56.28,3.254,218.5823389,7.244,0.08,75.0,111.76883910322461
43,2012-01-13,0,43.68,3.261,211.4115714,9.653,0.08,75.0,136.32604080112256
13,2012-01-20,0,32.71,3.047,130.2792258,6.104,0.08,75.0,180.1885629112969
4,2012-01-20,0,42.09,3.273,130.2792258,4.607,0.08,75.0,185.3218191896971
42,2012-01-20,0,54.51,3.66,130.2792258,7.545,0.08,75.0,131.2752707358904
17,2012-01-20,0,27.26,3.047,130.2792258,6.403,0.08,75.0,144.07629151224285
31,2012-01-20,0,52.21,3.268,219.6258417,7.057,0.08,75.0,166.84859875479754
29,2012-01-20,0,29.16,3.542,136.8564194,8.988,0.08,75.0,122.08529478274691
32,2012-01-20,0,36.86,3.055,196.7796652,8.256,0.08,75.0,156.11178302010558
15,2012-01-20,0,21.39,3.705,136.8564194,7.943,0.08,75.0,125.46369212111321
34,2012-01-20,0,39.28,3.273,130.2792258,9.653,0.08,75.0,148.89604596282499
39,2012-01-20,0,58.04,3.268,218.6755292,7.244,0.08,75.0,167.59719943039983
40,2012-01-20,0,14.02,3.542,136.8564194,4.261,0.08,75.0,144.17987329988537
6,2012-01-20,0,55.37,3.268,221.5831306,6.132,0.08,75.0,165.26986409621608
16,2012-01-20,0,29.3,3.055,196.7796652,6.162,0.08,75.0,124.1418478057862
8,2012-01-20,0,46.81,3.268,223.5188055,5.825,0.08,75.0,144.30776671194954
19,2012-01-20,0,23.44,3.705,136.8564194,7.943,0.08,75.0,162.1097436305669
44,2012-01-20,0,32.71,3.047,130.2792258,5.774,0.08,75.0,110.89234978243746
1,2012-01-20,0,54.11,3.268,219.9856893,7.348,0.08,75.0,167.58229775138975
25,2012-01-20,0,23.87,3.533,212.8336399,6.961,0.08,75.0,132.22952390536975
24,2012-01-20,0,25.73,3.705,136.8564194,8.659,0.08,75.0,158.93398510396568
12,2012-01-20,0,46.2,3.66,130.2792258,12.187,0.08,75.0,146.34042398602276
28,2012-01-20,0,46.2,3.66,130.2792258,12.187,0.08,75.0,158.06779056233282
37,2012-01-20,0,58.9,3.268,218.6755292,7.244,0.08,75.0,128.97306158736367
2,2012-01-20,0,51.7,3.268,219.6258417,7.057,0.08,75.0,177.38204506118961
45,2012-01-20,0,31.85,3.533,189.4214733,8.424,0.08,75.0,138.39517418078995
38,2012-01-20,0,46.2,3.66,130.2792258,12.187,0.08,75.0,118.79059890853114
21,2012-01-20,0,52.21,3.268,219.6258417,7.057,0.08,75.0,135.6140218308633
27,2012-01-20,0,30.35,3.705,140.8086118,8.009,0.08,75.0,172.3266766180363
22,2012-01-20,0,29.16,3.542,140.8086118,7.503,0.08,75.0,148.26205039463255
20,2012-01-20,0,27.65,3.533,212.8336399,6.961,0.08,75.0,182.38838226122996
35,2012-01-20,0,30.35,3.533,140.8086118,8.744,0.08,75.0,136.68666076848075
10,2012-01-20,0,54.51,3.66,130.2792258,7.545,0.08,75.0,176.33477994179793
11,2012-01-20,0,56.43,3.268,223.4700552,6.833,0.08,75.0,161.01640483709843
7,2012-01-20,0,27.41,3.055,196.7796652,8.256,0.08,75.0,131.18057912310533
14,2012-01-20,0,31.85,3.533,189.4214733,8.424,0.08,75.0,179.56629151207304
3,2012-01-20,0,56.2,3.268,223.4700552,6.833,0.08,75.0,115.43830039679865
5,2012-01-20,0,54.65,3.268,220.5694104,5.943,0.08,75.0,107.90297882082717
43,2012-01-20,0,52.72,3.268,211.4997811,9.653,0.08,75.0,133.72526040674123
18,2012-01-20,0,24.2,3.542,136.8564194,8.075,0.08,75.0,150.09342498503872
26,2012-01-20,0,15.22,3.542,136.8564194,7.467,0.08,75.0,145.51773816730935
9,2012-01-20,0,51.56,3.268,223.7114288,5.667,0.08,75.0,124.55969718820388
30,2012-01-20,0,52.21,3.268,219.6258417,7.057,0.08,75.0,121.46238231272349
41,2012-01-20,0,31.56,3.055,196.7796652,6.589,0.08,75.0,157.55092365245133
33,2012-01-20,0,55.99,3.66,130.2792258,7.603,0.08,75.0,103.14888877607423
23,2012-01-20,0,15.33,3.542,136.8564194,4.261,0.08,75.0,158.74210342817378
36,2012-01-20,0,58.9,3.275,218.6755292,7.244,0.08,75.0,112.2420115078561
41,2012-01-27,0,33.15,3.038,196.8262786,6.589,0.08,75.0,156.08715907930267
25,2012-01-27,0,32.24,3.567,212.9286312,6.961,0.08,75.0,131.9066423889061
14,2012-01-27,0,37.93,3.567,189.5168505,8.424,0.08,75.0,173.954857412435
43,2012-01-27,0,52.1,3.29,211.5879908,9.653,0.08,75.0,131.78987959023516
7,2012-01-27,0,26.9,3.038,196.8262786,8.256,0.08,75.0,128.78368400497484
6,2012-01-27,0,53.95,3.29,221.6769199,6.132,0.08,75.0,164.9008273298148
10,2012-01-27,0,53.59,3.675,130.3144516,7.545,0.08,75.0,175.0646960864025
28,2012-01-27,0,50.43,3.675,130.3144516,12.187,0.08,75.0,158.2000655127469
11,2012-01-27,0,58.36,3.29,223.5645845,6.833,0.08,75.0,159.34175642400388
29,2012-01-27,0,35.68,3.568,136.9598387,8.988,0.08,75.0,118.02739046686115
34,2012-01-27,0,39.81,3.29,130.3144516,9.653,0.08,75.0,147.12100152734052
4,2012-01-27,0,40.31,3.29,130.3144516,4.607,0.08,75.0,183.34060954827115
31,2012-01-27,0,50.79,3.29,219.7188636,7.057,0.08,75.0,162.93464803854403
33,2012-01-27,0,56.33,3.675,130.3144516,7.603,0.08,75.0,102.19305814381931
26,2012-01-27,0,24.16,3.568,136.9598387,7.467,0.08,75.0,144.60813383082538
24,2012-01-27,0,31.92,3.737,136.9598387,8.659,0.08,75.0,155.19251835289967
35,2012-01-27,0,36.96,3.567,140.9124021,8.744,0.08,75.0,131.8547390966874
19,2012-01-27,0,32.41,3.737,136.9598387,7.943,0.08,75.0,163.6368927173423
32,2012-01-27,0,36.67,3.038,196.8262786,8.256,0.08,75.0,154.97087676896672
15,2012-01-27,0,30.87,3.737,136.9598387,7.943,0.08,75.0,123.52783900603627
27,2012-01-27,0,36.96,3.737,140.9124021,8.009,0.08,75.0,163.0634531487018
30,2012-01-27,0,50.79,3.29,219.7188636,7.057,0.08,75.0,121.0173474663606
9,2012-01-27,0,49.38,3.29,223.8060527,5.667,0.08,75.0,124.72762734502058
18,2012-01-27,0,30.44,3.568,136.9598387,8.075,0.08,75.0,144.87852770654672
37,2012-01-27,0,62.73,3.29,218.7687195,7.244,0.08,75.0,126.96180289393008
23,2012-01-27,0,25.71,3.568,136.9598387,4.261,0.08,75.0,154.3790639307961
45,2012-01-27,0,37.93,3.567,189.5168505,8.424,0.08,75.0,134.0168122483439
2,2012-01-27,0,50.5,3.29,219.7188636,7.057,0.08,75.0,175.90614025706302
36,2012-01-27,0,62.73,3.313,218.7687195,7.244,0.08,75.0,109.34376068275736
21,2012-01-27,0,50.79,3.29,219.7188636,7.057,0.08,75.0,133.2432985027754
20,2012-01-27,0,37.19,3.567,212.9286312,6.961,0.08,75.0,178.78092669332915
3,2012-01-27,0,58.06,3.29,223.5645845,6.833,0.08,75.0,113.97405389972796
38,2012-01-27,0,50.43,3.675,130.3144516,12.187,0.08,75.0,119.41503456476846
42,2012-01-27,0,53.59,3.675,130.3144516,7.545,0.08,75.0,128.64668573001765
13,2012-01-27,0,34.32,3.058,130.3144516,6.104,0.08,75.0,178.01661943867018
22,2012-01-27,0,35.68,3.568,140.9124021,7.503,0.08,75.0,142.93427635518756
12,2012-01-27,0,50.43,3.675,130.3144516,12.187,0.08,75.0,147.8550385051712
16,2012-01-27,0,28.17,3.038,196.8262786,6.162,0.08,75.0,122.62559196549391
39,2012-01-27,0,60.65,3.29,218.7687195,7.244,0.08,75.0,165.06371790818662
1,2012-01-27,0,54.26,3.29,220.0788523,7.348,0.08,75.0,165.02986095142953
40,2012-01-27,0,22.91,3.568,136.9598387,4.261,0.08,75.0,142.103343581672
5,2012-01-27,0,54.63,3.29,220.6628023,5.943,0.08,75.0,108.78345870126718
44,2012-01-27,0,34.32,3.058,130.3144516,5.774,0.08,75.0,110.03501815286187
17,2012-01-27,0,29.99,3.058,130.3144516,6.403,0.08,75.0,142.07072049355594
8,2012-01-27,0,45.52,3.29,223.6133539,5.825,0.08,75.0,142.5137824582166
34,2012-02-03,0,38.64,3.354,130.3496774,9.653,0.1,75.3,150.17545172605386
22,2012-02-03,0,40.58,3.633,141.0161924,7.503,0.1,75.3,151.0189866877302
11,2012-02-03,0,60.24,3.36,223.6591137,6.833,0.1,75.3,166.9909545628469
1,2012-02-03,0,56.55,3.36,220.1720153,7.348,0.1,75.3,175.18146756598108
7,2012-02-03,0,22.2,3.031,196.8728921,8.256,0.1,75.3,131.33548061690843
26,2012-02-03,0,25.24,3.633,137.0632581,7.467,0.1,75.3,150.16616742235007
28,2012-02-03,0,50.58,3.702,130.3496774,12.187,0.1,75.3,171.99971006496992
23,2012-02-03,0,29.71,3.633,137.0632581,4.261,0.1,75.3,163.00390498419253
38,2012-02-03,0,50.58,3.702,130.3496774,12.187,0.1,75.3,122.9065299372799
40,2012-02-03,0,27.86,3.633,137.0632581,4.261,0.1,75.3,151.93420604155128
12,2012-02-03,0,50.58,3.702,130.3496774,12.187,0.1,75.3,155.25273149235372
15,2012-02-03,0,35.3,3.796,137.0632581,7.943,0.1,75.3,127.62710584801161
19,2012-02-03,0,36.22,3.796,137.0632581,7.943,0.1,75.3,165.92513098661288
17,2012-02-03,0,26.26,3.077,130.3496774,6.403,0.1,75.3,146.76353347110276
42,2012-02-03,0,56.85,3.543,130.3496774,7.545,0.1,75.3,131.83757110839008
45,2012-02-03,0,42.96,3.617,189.6122277,8.424,0.1,75.3,141.44051142494456
5,2012-02-03,0,57.35,3.36,220.7561941,5.943,0.1,75.3,112.52819066131498
6,2012-02-03,0,57.45,3.36,221.7707093,6.132,0.1,75.3,170.89188794373825
13,2012-02-03,0,31.39,3.077,130.3496774,6.104,0.1,75.3,183.31587891043284
32,2012-02-03,0,35.89,3.031,196.8728921,8.256,0.1,75.3,159.1187977030164
14,2012-02-03,0,42.96,3.617,189.6122277,8.424,0.1,75.3,181.97730119206435
37,2012-02-03,0,61.33,3.36,218.8619099,7.244,0.1,75.3,129.73030090095943
24,2012-02-03,0,38.61,3.796,137.0632581,8.659,0.1,75.3,162.56595699955744
25,2012-02-03,0,34.98,3.617,213.0236225,6.961,0.1,75.3,135.12404297550717
4,2012-02-03,0,41.81,3.354,130.3496774,4.607,0.1,75.3,189.5002115813634
44,2012-02-03,0,31.39,3.077,130.3496774,5.774,0.1,75.3,111.76977223133758
35,2012-02-03,0,42.52,3.617,141.0161924,8.744,0.1,75.3,140.89546324716778
8,2012-02-03,0,45.56,3.36,223.7079023,5.825,0.1,75.3,149.65056836800093
30,2012-02-03,0,55.83,3.36,219.8118854,7.057,0.1,75.3,121.09877859588889
18,2012-02-03,0,37.62,3.633,137.0632581,8.075,0.1,75.3,154.88517414212407
29,2012-02-03,0,40.58,3.633,137.0632581,8.988,0.1,75.3,125.49479714314428
9,2012-02-03,0,54.43,3.36,223.9006766,5.667,0.1,75.3,129.37339952088297
33,2012-02-03,0,59.53,3.543,130.3496774,7.603,0.1,75.3,104.45215745358468
31,2012-02-03,0,55.83,3.36,219.8118854,7.057,0.1,75.3,167.4851117078641
20,2012-02-03,0,39.93,3.617,213.0236225,6.961,0.1,75.3,190.22371119737775
3,2012-02-03,0,59.33,3.36,223.6591137,6.833,0.1,75.3,120.3819040667141
41,2012-02-03,0,31.65,3.031,196.8728921,6.589,0.1,75.3,161.0727283167573
36,2012-02-03,0,61.33,3.421,218.8619099,7.244,0.1,75.3,110.30314887411745
10,2012-02-03,0,56.85,3.543,130.3496774,7.545,0.1,75.3,181.708250784641
21,2012-02-03,0,55.83,3.36,219.8118854,7.057,0.1,75.3,137.30141123814505
39,2012-02-03,0,60.69,3.36,218.8619099,7.244,0.1,75.3,167.64080313564233
27,2012-02-03,0,42.52,3.796,141.0161924,8.009,0.1,75.3,173.0080027806961
16,2012-02-03,0,25.53,3.031,196.8728921,6.162,0.1,75.3,124.25251009142053
2,2012-02-03,0,55.21,3.36,219.8118854,7.057,0.1,75.3,183.51350591331754
43,2012-02-03,0,51.92,3.36,211.6762005,9.653,0.1,75.3,134.32094664886912
39,2012-02-10,1,52.89,3.409,218.9551002,7.244,0.1,75.3,169.18164171286912
27,2012-02-10,1,37.86,3.826,141.1199827,8.009,0.1,75.3,175.6327062503208
40,2012-02-10,1,23.92,3.655,137.1666774,4.261,0.1,75.3,152.7998946781977
32,2012-02-10,1,23.34,3.103,196.9195056,8.256,0.1,75.3,158.06322018029175
12,2012-02-10,1,52.27,3.722,130.3849032,12.187,0.1,75.3,160.7205868091091
15,2012-02-10,1,31.91,3.826,137.1666774,7.943,0.1,75.3,134.26386996512286
35,2012-02-10,1,37.86,3.64,141.1199827,8.744,0.1,75.3,146.04747635598494
42,2012-02-10,1,55.73,3.722,130.3849032,7.545,0.1,75.3,136.9741159688287
37,2012-02-10,1,54.49,3.409,218.9551002,7.244,0.1,75.3,127.84494264073614
13,2012-02-10,1,33.73,3.116,130.3849032,6.104,0.1,75.3,186.9447131377644
30,2012-02-10,1,46.52,3.409,219.9049073,7.057,0.1,75.3,122.42789772791629
38,2012-02-10,1,52.27,3.722,130.3849032,12.187,0.1,75.3,123.8041610886667
18,2012-02-10,1,32.83,3.655,137.1666774,8.075,0.1,75.3,159.30140167926857
23,2012-02-10,1,26.6,3.655,137.1666774,4.261,0.1,75.3,166.3727823066731
2,2012-02-10,1,46.98,3.409,219.9049073,7.057,0.1,75.3,187.7904877491179
21,2012-02-10,1,46.52,3.409,219.9049073,7.057,0.1,75.3,142.12878785737703
20,2012-02-10,1,33.47,3.64,213.1186138,6.961,0.1,75.3,196.16972740765772
45,2012-02-10,1,37.0,3.64,189.7076048,8.424,0.1,75.3,143.79738261753582
9,2012-02-10,1,44.03,3.409,223.9953006,5.667,0.1,75.3,133.1506687663526
5,2012-02-10,1,48.57,3.409,220.849586,5.943,0.1,75.3,113.94863395922089
28,2012-02-10,1,52.27,3.722,130.3849032,12.187,0.1,75.3,173.27472671145458
26,2012-02-10,1,23.89,3.655,137.1666774,7.467,0.1,75.3,156.15165890847226
11,2012-02-10,1,52.23,3.409,223.753643,6.833,0.1,75.3,173.31505690839168
41,2012-02-10,1,22.0,3.103,196.9195056,6.589,0.1,75.3,162.17297805536407
10,2012-02-10,1,55.73,3.722,130.3849032,7.545,0.1,75.3,190.58271024329827
7,2012-02-10,1,18.79,3.103,196.9195056,8.256,0.1,75.3,130.25134881361078
43,2012-02-10,1,46.54,3.409,211.7644101,9.653,0.1,75.3,136.24978037984852
34,2012-02-10,1,36.7,3.411,130.3849032,9.653,0.1,75.3,154.79846897887043
33,2012-02-10,1,59.94,3.722,130.3849032,7.603,0.1,75.3,107.37613604279811
29,2012-02-10,1,35.68,3.655,137.1666774,8.988,0.1,75.3,129.10167821679892
6,2012-02-10,1,48.58,3.409,221.8644987,6.132,0.1,75.3,174.71311315397918
31,2012-02-10,1,46.52,3.409,219.9049073,7.057,0.1,75.3,171.87787555087303
25,2012-02-10,1,32.47,3.64,213.1186138,6.961,0.1,75.3,136.06515387797415
17,2012-02-10,1,23.63,3.116,130.3849032,6.403,0.1,75.3,147.48169879513935
24,2012-02-10,1,33.82,3.826,137.1666774,8.659,0.1,75.3,167.8837598124863
19,2012-02-10,1,32.61,3.826,137.1666774,7.943,0.1,75.3,170.99282391205975
36,2012-02-10,1,54.49,3.462,218.9551002,7.244,0.1,75.3,112.69724686565654
22,2012-02-10,1,35.68,3.655,141.1199827,7.503,0.1,75.3,154.2537433180617
16,2012-02-10,1,23.69,3.103,196.9195056,6.162,0.1,75.3,124.09629302488523
4,2012-02-10,1,33.0,3.411,130.3849032,4.607,0.1,75.3,194.19929411835608
8,2012-02-10,1,35.71,3.409,223.8024507,5.825,0.1,75.3,153.71071448230256
44,2012-02-10,1,33.73,3.116,130.3849032,5.774,0.1,75.3,111.71129680216137
3,2012-02-10,1,51.65,3.409,223.753643,6.833,0.1,75.3,124.06155525422707
14,2012-02-10,1,37.0,3.64,189.7076048,8.424,0.1,75.3,187.14369610346228
1,2012-02-10,1,48.02,3.409,220.2651783,7.348,0.1,75.3,179.9366954922393
4,2012-02-17,0,34.19,3.493,130.4546207,4.607,0.1,75.3,195.38758625781756
27,2012-02-17,0,37.24,3.874,141.2140357,8.009,0.1,75.3,174.28213272654673
16,2012-02-17,0,31.19,3.113,196.9432711,6.162,0.1,75.3,125.55944117529958
41,2012-02-17,0,22.52,3.113,196.9432711,6.589,0.1,75.3,165.41472760363047
19,2012-02-17,0,30.95,3.874,137.2583103,7.943,0.1,75.3,168.58507161885746
45,2012-02-17,0,36.85,3.695,189.8424834,8.424,0.1,75.3,146.4796518614655
15,2012-02-17,0,30.26,3.874,137.2583103,7.943,0.1,75.3,132.46200758793884
23,2012-02-17,0,27.01,3.703,137.2583103,4.261,0.1,75.3,166.6135801566032
34,2012-02-17,0,37.25,3.493,130.4546207,9.653,0.1,75.3,157.83053814985107
9,2012-02-17,0,43.81,3.51,224.1588663,5.667,0.1,75.3,136.06404158684063
2,2012-02-17,0,43.82,3.51,220.0651993,7.057,0.1,75.3,190.06033156740108
32,2012-02-17,0,24.26,3.113,196.9432711,8.256,0.1,75.3,162.35318648530375
14,2012-02-17,0,36.85,3.695,189.8424834,8.424,0.1,75.3,185.71595896613056
25,2012-02-17,0,32.23,3.695,213.2732106,6.961,0.1,75.3,135.78264348127368
43,2012-02-17,0,49.38,3.51,211.916835,9.653,0.1,75.3,136.15987721386713
17,2012-02-17,0,30.76,3.119,130.4546207,6.403,0.1,75.3,149.62696953424526
13,2012-02-17,0,36.57,3.119,130.4546207,6.104,0.1,75.3,190.48478704111128
3,2012-02-17,0,52.39,3.51,223.9170153,6.833,0.1,75.3,124.22959909533627
31,2012-02-17,0,45.03,3.51,220.0651993,7.057,0.1,75.3,173.20898424875674
29,2012-02-17,0,36.25,3.703,137.2583103,8.988,0.1,75.3,130.00216455043545
22,2012-02-17,0,36.25,3.703,141.2140357,7.503,0.1,75.3,153.01032680445184
1,2012-02-17,0,45.32,3.51,220.4257586,7.348,0.1,75.3,180.4157685694341
33,2012-02-17,0,57.8,3.781,130.4546207,7.603,0.1,75.3,105.60530368252057
30,2012-02-17,0,45.03,3.51,220.0651993,7.057,0.1,75.3,121.1789218847322
44,2012-02-17,0,36.57,3.119,130.4546207,5.774,0.1,75.3,111.2579056330311
36,2012-02-17,0,54.38,3.503,219.1148297,7.244,0.1,75.3,111.80153839859632
38,2012-02-17,0,51.8,3.781,130.4546207,12.187,0.1,75.3,119.62743739635931
28,2012-02-17,0,51.8,3.781,130.4546207,12.187,0.1,75.3,171.05623059012893
6,2012-02-17,0,49.03,3.51,222.026359,6.132,0.1,75.3,175.07093784559623
5,2012-02-17,0,48.25,3.51,221.0106341,5.943,0.1,75.3,114.60070625997982
24,2012-02-17,0,33.92,3.874,137.2583103,8.659,0.1,75.3,165.27381762361455
40,2012-02-17,0,25.56,3.703,137.2583103,4.261,0.1,75.3,151.75929849587936
26,2012-02-17,0,23.9,3.703,137.2583103,7.467,0.1,75.3,151.33784745848303
39,2012-02-17,0,52.75,3.51,219.1148297,7.244,0.1,75.3,171.35671989864647
20,2012-02-17,0,31.11,3.695,213.2732106,6.961,0.1,75.3,192.70004058712917
42,2012-02-17,0,54.12,3.781,130.4546207,7.545,0.1,75.3,132.9637143765385
18,2012-02-17,0,32.87,3.703,137.2583103,8.075,0.1,75.3,157.53879552118872
12,2012-02-17,0,51.8,3.781,130.4546207,12.187,0.1,75.3,162.21671029752545
8,2012-02-17,0,37.51,3.51,223.9658621,5.825,0.1,75.3,156.75945545278728
35,2012-02-17,0,37.24,3.695,141.2140357,8.744,0.1,75.3,144.828906024079
10,2012-02-17,0,54.12,3.781,130.4546207,7.545,0.1,75.3,189.38763277853312
7,2012-02-17,0,27.03,3.113,196.9432711,8.256,0.1,75.3,133.82646689659975
37,2012-02-17,0,54.38,3.51,219.1148297,7.244,0.1,75.3,128.78589687093037
21,2012-02-17,0,45.03,3.51,220.0651993,7.057,0.1,75.3,145.32007317308984
11,2012-02-17,0,52.77,3.51,223.9170153,6.833,0.1,75.3,173.17213651298752
10,2012-02-24,0,56.02,3.95,130.5502069,7.545,0.1,75.3,186.1941444409902
2,2012-02-24,0,54.63,3.555,220.275944,7.057,0.1,75.3,181.5572261238981
43,2012-02-24,0,53.53,3.555,212.1174212,9.653,0.1,75.3,133.35163374076464
38,2012-02-24,0,53.13,3.95,130.5502069,12.187,0.1,75.3,119.13339861608966
35,2012-02-24,0,41.74,3.739,141.3007857,8.744,0.1,75.3,143.8656381928485
7,2012-02-24,0,24.41,3.129,196.9499007,8.256,0.1,75.3,132.7413549637717
36,2012-02-24,0,62.21,3.55,219.3244636,7.244,0.1,75.3,110.5300535190295
44,2012-02-24,0,35.38,3.145,130.5502069,5.774,0.1,75.3,110.7639963975761
41,2012-02-24,0,27.89,3.129,196.9499007,6.589,0.1,75.3,161.66490261665118
4,2012-02-24,0,41.31,3.541,130.5502069,4.607,0.1,75.3,190.7741054015946
3,2012-02-24,0,60.12,3.555,224.1320199,6.833,0.1,75.3,119.90132749947074
42,2012-02-24,0,56.02,3.95,130.5502069,7.545,0.1,75.3,130.30571465791238
6,2012-02-24,0,59.17,3.555,222.2392726,6.132,0.1,75.3,169.89922500630414
5,2012-02-24,0,57.75,3.555,221.2224243,5.943,0.1,75.3,110.4260566186617
40,2012-02-24,0,29.88,3.751,137.3411034,4.261,0.1,75.3,149.2766758030432
39,2012-02-24,0,61.1,3.555,219.3244636,7.244,0.1,75.3,168.16852313159802
8,2012-02-24,0,46.33,3.555,224.1809207,5.825,0.1,75.3,149.69212433959262
37,2012-02-24,0,62.21,3.555,219.3244636,7.244,0.1,75.3,127.27660094659039
9,2012-02-24,0,53.67,3.555,224.3741384,5.667,0.1,75.3,130.25896016905634
45,2012-02-24,0,42.86,3.739,190.0069881,8.424,0.1,75.3,141.21802567310797
1,2012-02-24,0,57.25,3.555,220.636902,7.348,0.1,75.3,172.2416671374546
11,2012-02-24,0,61.11,3.555,224.1320199,6.833,0.1,75.3,167.08308396554298
34,2012-02-24,0,39.89,3.541,130.5502069,9.653,0.1,75.3,150.65286268686134
18,2012-02-24,0,36.34,3.751,137.3411034,8.075,0.1,75.3,154.39496612958015
17,2012-02-24,0,30.01,3.145,130.5502069,6.403,0.1,75.3,145.76397666410148
29,2012-02-24,0,39.0,3.751,137.3411034,8.988,0.1,75.3,125.1827142350614
28,2012-02-24,0,53.13,3.95,130.5502069,12.187,0.1,75.3,165.17412001792727
25,2012-02-24,0,35.51,3.739,213.4725116,6.961,0.1,75.3,133.379409995493
21,2012-02-24,0,54.81,3.555,220.275944,7.057,0.1,75.3,140.90586394198965
23,2012-02-24,0,31.12,3.751,137.3411034,4.261,0.1,75.3,163.3996170468131
15,2012-02-24,0,33.18,3.917,137.3411034,7.943,0.1,75.3,130.10125076293434
33,2012-02-24,0,59.41,3.95,130.5502069,7.603,0.1,75.3,102.86706943509681
13,2012-02-24,0,35.38,3.145,130.5502069,6.104,0.1,75.3,183.36816534897062
12,2012-02-24,0,53.13,3.95,130.5502069,12.187,0.1,75.3,157.38371643223155
22,2012-02-24,0,39.0,3.751,141.3007857,7.503,0.1,75.3,148.98959166470505
24,2012-02-24,0,37.35,3.917,137.3411034,8.659,0.1,75.3,164.46898419574947
30,2012-02-24,0,54.81,3.555,220.275944,7.057,0.1,75.3,120.40210364217161
31,2012-02-24,0,54.81,3.555,220.275944,7.057,0.1,75.3,167.52059763288358
26,2012-02-24,0,28.06,3.751,137.3411034,7.467,0.1,75.3,149.2144589929149
27,2012-02-24,0,41.74,3.917,141.3007857,8.009,0.1,75.3,175.54418262337174
19,2012-02-24,0,33.91,3.917,137.3411034,7.943,0.1,75.3,166.16953704748158
16,2012-02-24,0,26.21,3.129,196.9499007,6.162,0.1,75.3,125.67647129692838
32,2012-02-24,0,33.41,3.129,196.9499007,8.256,0.1,75.3,156.5840594665274
20,2012-02-24,0,39.79,3.739,213.4725116,6.961,0.1,75.3,186.35618964329555
14,2012-02-24,0,42.86,3.739,190.0069881,8.424,0.1,75.3,181.9136723201594
11,2012-03-02,0,62.61,3.63,224.3470245,6.833,0.13,76.2,169.0317807795974
17,2012-03-02,0,26.28,3.242,130.6457931,6.403,0.13,76.2,146.3525897499107
14,2012-03-02,0,41.55,3.816,190.1714927,8.424,0.13,76.2,183.2691249413232
29,2012-03-02,0,37.47,3.827,137.4238966,8.988,0.13,76.2,126.0349328953752
6,2012-03-02,0,60.32,3.63,222.4521862,6.132,0.13,76.2,172.5818150769777
2,2012-03-02,0,58.79,3.63,220.4866886,7.057,0.13,76.2,183.96493148192945
21,2012-03-02,0,59.3,3.63,220.4866886,7.057,0.13,76.2,141.8060704920118
26,2012-03-02,0,22.49,3.827,137.4238966,7.467,0.13,76.2,150.8942119704683
33,2012-03-02,0,60.91,3.882,130.6457931,7.603,0.13,76.2,103.52027951955252
15,2012-03-02,0,33.24,3.983,137.4238966,7.943,0.13,76.2,128.80059917972034
34,2012-03-02,0,42.74,3.619,130.6457931,9.653,0.13,76.2,152.39410478686403
31,2012-03-02,0,59.3,3.63,220.4866886,7.057,0.13,76.2,168.68869362134967
13,2012-03-02,0,32.36,3.242,130.6457931,6.104,0.13,76.2,184.41168138590672
32,2012-03-02,0,33.4,3.191,196.9565303,8.256,0.13,76.2,158.98525184045806
25,2012-03-02,0,36.01,3.816,213.6718127,6.961,0.13,76.2,135.146274517071
38,2012-03-02,0,52.27,4.178,130.6457931,12.187,0.13,76.2,123.90184609285544
8,2012-03-02,0,50.95,3.63,224.3959793,5.825,0.13,76.2,150.74581332823033
12,2012-03-02,0,52.27,4.178,130.6457931,12.187,0.13,76.2,158.7668753232395
35,2012-03-02,0,40.07,3.816,141.3875357,8.744,0.13,76.2,141.91883369762098
16,2012-03-02,0,23.4,3.191,196.9565303,6.162,0.13,76.2,123.39013619441396
19,2012-03-02,0,34.83,3.983,137.4238966,7.943,0.13,76.2,164.66975502640258
27,2012-03-02,0,40.07,3.983,141.3875357,8.009,0.13,76.2,171.30267871642164
20,2012-03-02,0,39.98,3.816,213.6718127,6.961,0.13,76.2,188.90562992317263
5,2012-03-02,0,60.66,3.63,221.4342146,5.943,0.13,76.2,114.85016782687619
1,2012-03-02,0,60.96,3.63,220.8480454,7.348,0.13,76.2,176.70856431436172
4,2012-03-02,0,50.38,3.619,130.6457931,4.607,0.13,76.2,190.29045788059776
43,2012-03-02,0,56.43,3.63,212.3180074,9.653,0.13,76.2,138.0005798251743
37,2012-03-02,0,64.54,3.63,219.5340975,7.244,0.13,76.2,127.74446642471831
30,2012-03-02,0,59.3,3.63,220.4866886,7.057,0.13,76.2,121.4530935150647
22,2012-03-02,0,37.47,3.827,141.3875357,7.503,0.13,76.2,151.7318704522937
40,2012-03-02,0,23.79,3.827,137.4238966,4.261,0.13,76.2,149.6560100044664
44,2012-03-02,0,32.36,3.242,130.6457931,5.774,0.13,76.2,110.86672451718226
45,2012-03-02,0,41.55,3.816,190.1714927,8.424,0.13,76.2,142.7486579405627
23,2012-03-02,0,25.91,3.827,137.4238966,4.261,0.13,76.2,165.15210877978294
42,2012-03-02,0,57.62,3.882,130.6457931,7.545,0.13,76.2,131.67779035022724
7,2012-03-02,0,21.64,3.191,196.9565303,8.256,0.13,76.2,129.4449180222153
28,2012-03-02,0,52.27,4.178,130.6457931,12.187,0.13,76.2,169.46550521783797
41,2012-03-02,0,27.39,3.191,196.9565303,6.589,0.13,76.2,162.20815758537736
36,2012-03-02,0,64.54,3.619,219.5340975,7.244,0.13,76.2,110.73987776549306
39,2012-03-02,0,64.05,3.63,219.5340975,7.244,0.13,76.2,169.50777111270332
18,2012-03-02,0,33.59,3.827,137.4238966,8.075,0.13,76.2,154.7787973495539
9,2012-03-02,0,57.2,3.63,224.5894104,5.667,0.13,76.2,133.74167306801561
10,2012-03-02,0,57.62,3.882,130.6457931,7.545,0.13,76.2,184.94414362098726
3,2012-03-02,0,61.65,3.63,224.3470245,6.833,0.13,76.2,123.8015970940975
24,2012-03-02,0,35.36,3.983,137.4238966,8.659,0.13,76.2,161.26358197120342
34,2012-03-09,0,42.7,3.667,130.7413793,9.653,0.13,76.2,151.79787693903017
8,2012-03-09,0,49.59,3.669,224.6110379,5.825,0.13,76.2,151.0902317832626
33,2012-03-09,0,62.2,3.963,130.7413793,7.603,0.13,76.2,107.88426301719514
6,2012-03-09,0,57.89,3.669,222.6650998,6.132,0.13,76.2,173.16285576890294
38,2012-03-09,0,54.54,4.25,130.7413793,12.187,0.13,76.2,122.53592162483766
10,2012-03-09,0,57.65,3.963,130.7413793,7.545,0.13,76.2,183.0443128100974
39,2012-03-09,0,61.64,3.669,219.7437314,7.244,0.13,76.2,170.07824153696188
42,2012-03-09,0,57.65,3.963,130.7413793,7.545,0.13,76.2,136.11299326613826
20,2012-03-09,0,41.14,3.848,213.8711137,6.961,0.13,76.2,188.6728302686635
22,2012-03-09,0,41.72,3.876,141.4742857,7.503,0.13,76.2,152.43101339322212
1,2012-03-09,0,58.76,3.669,221.0591887,7.348,0.13,76.2,176.3309382166694
13,2012-03-09,0,38.24,3.38,130.7413793,6.104,0.13,76.2,184.84313173146515
24,2012-03-09,0,41.5,4.021,137.5066897,8.659,0.13,76.2,165.2553447282904
11,2012-03-09,0,61.44,3.669,224.5620291,6.833,0.13,76.2,168.212022619432
40,2012-03-09,0,30.58,3.876,137.5066897,4.261,0.13,76.2,150.83238803671665
43,2012-03-09,0,54.52,3.669,212.5185936,9.653,0.13,76.2,134.76544406343
19,2012-03-09,0,38.15,4.021,137.5066897,7.943,0.13,76.2,166.3854300853861
27,2012-03-09,0,44.32,4.021,141.4742857,8.009,0.13,76.2,174.315850859989
16,2012-03-09,0,28.16,3.286,196.9631599,6.162,0.13,76.2,125.69285029747412
37,2012-03-09,0,63.19,3.669,219.7437314,7.244,0.13,76.2,128.44365196468246
4,2012-03-09,0,53.63,3.667,130.7413793,4.607,0.13,76.2,190.19810091872705
25,2012-03-09,0,37.44,3.848,213.8711137,6.961,0.13,76.2,135.1788081611513
30,2012-03-09,0,57.16,3.669,220.6974332,7.057,0.13,76.2,122.06654894233465
41,2012-03-09,0,35.3,3.286,196.9631599,6.589,0.13,76.2,162.35326544657292
45,2012-03-09,0,45.52,3.848,190.3359973,8.424,0.13,76.2,142.45208336491677
23,2012-03-09,0,33.11,3.876,137.5066897,4.261,0.13,76.2,164.10000642094735
7,2012-03-09,0,30.1,3.286,196.9631599,8.256,0.13,76.2,131.25419644082115
36,2012-03-09,0,63.19,3.647,219.7437314,7.244,0.13,76.2,111.06136710592044
14,2012-03-09,0,45.52,3.848,190.3359973,8.424,0.13,76.2,185.72329175863948
9,2012-03-09,0,54.03,3.669,224.8046825,5.667,0.13,76.2,130.98730668065147
3,2012-03-09,0,60.71,3.669,224.5620291,6.833,0.13,76.2,121.95519336405249
5,2012-03-09,0,57.69,3.669,221.6460048,5.943,0.13,76.2,113.77057910331455
44,2012-03-09,0,38.24,3.38,130.7413793,5.774,0.13,76.2,109.54606933819359
28,2012-03-09,0,54.54,4.25,130.7413793,12.187,0.13,76.2,176.48623042341282
12,2012-03-09,0,54.54,4.25,130.7413793,12.187,0.13,76.2,157.4298315552003
35,2012-03-09,0,44.32,3.848,141.4742857,8.744,0.13,76.2,143.43239026888256
31,2012-03-09,0,57.16,3.669,220.6974332,7.057,0.13,76.2,169.05300120913623
32,2012-03-09,0,39.9,3.286,196.9631599,8.256,0.13,76.2,157.87310004325744
26,2012-03-09,0,29.03,3.876,137.5066897,7.467,0.13,76.2,154.009684773449
21,2012-03-09,0,57.16,3.669,220.6974332,7.057,0.13,76.2,141.3235752463119
15,2012-03-09,0,36.97,4.021,137.5066897,7.943,0.13,76.2,129.05417086087678
29,2012-03-09,0,41.72,3.876,137.5066897,8.988,0.13,76.2,126.31165787006515
17,2012-03-09,0,32.02,3.38,130.7413793,6.403,0.13,76.2,146.54466650578743
2,2012-03-09,0,57.11,3.669,220.6974332,7.057,0.13,76.2,183.5745876451675
18,2012-03-09,0,38.1,3.876,137.5066897,8.075,0.13,76.2,156.30747196757343
3,2012-03-16,0,64.0,3.734,224.7166953,6.833,0.13,76.2,119.32543284267544
24,2012-03-16,0,48.68,4.021,137.5843871,8.659,0.13,76.2,162.18948845505793
44,2012-03-16,0,52.5,3.529,130.8261935,5.774,0.13,76.2,112.34063206349465
18,2012-03-16,0,45.84,3.867,137.5843871,8.075,0.13,76.2,153.73654906943818
39,2012-03-16,0,65.81,3.734,219.8956335,7.244,0.13,76.2,171.71341777836153
43,2012-03-16,0,57.88,3.734,212.6651567,9.653,0.13,76.2,136.22158369381205
16,2012-03-16,0,38.02,3.486,197.0457208,6.162,0.13,76.2,127.4239300417721
25,2012-03-16,0,50.64,3.862,214.0167132,6.961,0.13,76.2,134.85544059168157
30,2012-03-16,0,63.39,3.734,220.8498468,7.057,0.13,76.2,119.4744672082036
36,2012-03-16,0,67.48,3.779,219.8956335,7.244,0.13,76.2,112.65997721357786
9,2012-03-16,0,59.94,3.734,224.9594902,5.667,0.13,76.2,129.40002372475772
32,2012-03-16,0,51.51,3.486,197.0457208,8.256,0.13,76.2,158.39950815166742
20,2012-03-16,0,53.73,3.862,214.0167132,6.961,0.13,76.2,186.83732644560698
2,2012-03-16,0,63.68,3.734,220.8498468,7.057,0.13,76.2,184.5757456430088
28,2012-03-16,0,64.44,4.273,130.8261935,12.187,0.13,76.2,165.6702373513876
5,2012-03-16,0,63.55,3.734,221.7989713,5.943,0.13,76.2,113.0392590251744
14,2012-03-16,0,50.56,3.862,190.4618964,8.424,0.13,76.2,183.66400865476857
7,2012-03-16,0,37.29,3.486,197.0457208,8.256,0.13,76.2,136.65001247265334
13,2012-03-16,0,52.5,3.529,130.8261935,6.104,0.13,76.2,185.84381824913004
33,2012-03-16,0,65.99,4.273,130.8261935,7.603,0.13,76.2,106.8950282193176
10,2012-03-16,0,62.11,4.273,130.8261935,7.545,0.13,76.2,183.3956868542857
21,2012-03-16,0,63.39,3.734,220.8498468,7.057,0.13,76.2,141.95836005748458
37,2012-03-16,0,67.48,3.734,219.8956335,7.244,0.13,76.2,124.88172296281131
41,2012-03-16,0,47.76,3.486,197.0457208,6.589,0.13,76.2,160.8016464729932
26,2012-03-16,0,35.06,3.867,137.5843871,7.467,0.13,76.2,149.28577626979748
34,2012-03-16,0,48.09,3.707,130.8261935,9.653,0.13,76.2,152.77920655442838
12,2012-03-16,0,64.44,4.273,130.8261935,12.187,0.13,76.2,156.45151185702153
42,2012-03-16,0,62.11,4.273,130.8261935,7.545,0.13,76.2,133.69765289193978
31,2012-03-16,0,63.39,3.734,220.8498468,7.057,0.13,76.2,170.42875438327175
40,2012-03-16,0,37.13,3.867,137.5843871,4.261,0.13,76.2,147.99146191461784
11,2012-03-16,0,64.21,3.734,224.7166953,6.833,0.13,76.2,169.14574073055508
45,2012-03-16,0,50.56,3.862,190.4618964,8.424,0.13,76.2,143.0293434914439
22,2012-03-16,0,46.06,3.867,141.55478,7.503,0.13,76.2,151.38100327051632
15,2012-03-16,0,47.42,4.021,137.5843871,7.943,0.13,76.2,130.7104152421156
23,2012-03-16,0,41.19,3.867,137.5843871,4.261,0.13,76.2,162.8780296660494
6,2012-03-16,0,62.8,3.734,222.8186603,6.132,0.13,76.2,178.4142812183116
29,2012-03-16,0,46.06,3.867,137.5843871,8.988,0.13,76.2,125.21926235750243
4,2012-03-16,0,59.81,3.707,130.8261935,4.607,0.13,76.2,190.49645280059408
19,2012-03-16,0,48.2,4.021,137.5843871,7.943,0.13,76.2,164.8047357268916
8,2012-03-16,0,56.63,3.734,224.7657327,5.825,0.13,76.2,149.36133491876797
27,2012-03-16,0,49.6,4.021,141.55478,8.009,0.13,76.2,175.1709204906087
17,2012-03-16,0,43.69,3.529,130.8261935,6.403,0.13,76.2,146.2077578464772
35,2012-03-16,0,49.6,3.862,141.55478,8.744,0.13,76.2,143.26644568138096
1,2012-03-16,0,64.74,3.734,221.2118132,7.348,0.13,76.2,176.39043197751934
38,2012-03-16,0,64.44,4.273,130.8261935,12.187,0.13,76.2,120.65868177951572
10,2012-03-23,0,56.54,4.288,130.8966452,7.545,0.13,76.2,180.89683552835498
14,2012-03-23,0,59.45,3.9,190.5363213,8.424,0.13,76.2,182.40629880982343
22,2012-03-23,0,54.68,3.889,141.6269332,7.503,0.13,76.2,152.50137837941426
8,2012-03-23,0,52.9,3.787,224.8399424,5.825,0.13,76.2,147.20409000769598
12,2012-03-23,0,56.26,4.038,130.8966452,12.187,0.13,76.2,154.70652773804542
39,2012-03-23,0,67.91,3.787,219.9705599,7.244,0.13,76.2,170.04069281360077
28,2012-03-23,0,56.26,4.038,130.8966452,12.187,0.13,76.2,161.33966574971822
9,2012-03-23,0,58.79,3.787,225.0336786,5.667,0.13,76.2,129.42742512550882
26,2012-03-23,0,49.97,3.889,137.6552903,7.467,0.13,76.2,147.23065746308188
45,2012-03-23,0,59.45,3.9,190.5363213,8.424,0.13,76.2,143.20555246251104
7,2012-03-23,0,35.06,3.664,197.2295234,8.256,0.13,76.2,133.53050765678225
6,2012-03-23,0,63.71,3.787,222.8930835,6.132,0.13,76.2,170.85508690182547
20,2012-03-23,0,66.11,3.9,214.0907105,6.961,0.13,76.2,184.99724834252297
31,2012-03-23,0,62.96,3.787,220.9244858,7.057,0.13,76.2,166.62299599715274
23,2012-03-23,0,57.82,3.889,137.6552903,4.261,0.13,76.2,163.93882893965332
30,2012-03-23,0,62.96,3.787,220.9244858,7.057,0.13,76.2,120.79689483707924
27,2012-03-23,0,57.3,4.054,141.6269332,8.009,0.13,76.2,174.72014450217893
18,2012-03-23,0,58.06,3.889,137.6552903,8.075,0.13,76.2,154.11651043898135
5,2012-03-23,0,64.44,3.787,221.8735063,5.943,0.13,76.2,111.31706994127215
32,2012-03-23,0,47.64,3.664,197.2295234,8.256,0.13,76.2,158.72828187752424
33,2012-03-23,0,60.82,4.288,130.8966452,7.603,0.13,76.2,103.39336310708597
35,2012-03-23,0,57.3,3.9,141.6269332,8.744,0.13,76.2,141.6139046886609
36,2012-03-23,0,69.18,3.845,219.9705599,7.244,0.13,76.2,110.98289848146648
13,2012-03-23,0,47.83,3.671,130.8966452,6.104,0.13,76.2,182.69832968968237
34,2012-03-23,0,47.93,3.759,130.8966452,9.653,0.13,76.2,150.43158580974068
16,2012-03-23,0,38.7,3.664,197.2295234,6.162,0.13,76.2,125.51927882068186
15,2012-03-23,0,58.92,4.054,137.6552903,7.943,0.13,76.2,130.38153434739684
38,2012-03-23,0,56.26,4.038,130.8966452,12.187,0.13,76.2,119.3805729176392
1,2012-03-23,0,65.93,3.787,221.2864126,7.348,0.13,76.2,171.35754906566666
37,2012-03-23,0,69.18,3.787,219.9705599,7.244,0.13,76.2,127.42642431152592
3,2012-03-23,0,66.53,3.787,224.7909104,6.833,0.13,76.2,119.49787503642106
21,2012-03-23,0,62.96,3.787,220.9244858,7.057,0.13,76.2,139.98753067259716
19,2012-03-23,0,56.72,4.054,137.6552903,7.943,0.13,76.2,165.82046555174017
4,2012-03-23,0,59.07,3.759,130.8966452,4.607,0.13,76.2,187.50015255006974
41,2012-03-23,0,44.04,3.664,197.2295234,6.589,0.13,76.2,161.31370015385215
17,2012-03-23,0,40.69,3.671,130.8966452,6.403,0.13,76.2,146.1422089103107
44,2012-03-23,0,47.83,3.671,130.8966452,5.774,0.13,76.2,108.88364382613126
40,2012-03-23,0,52.27,3.889,137.6552903,4.261,0.13,76.2,145.79407068642718
25,2012-03-23,0,62.7,3.9,214.0907105,6.961,0.13,76.2,136.8559281736541
42,2012-03-23,0,56.54,4.288,130.8966452,7.545,0.13,76.2,130.10702867356758
24,2012-03-23,0,59.51,4.054,137.6552903,8.659,0.13,76.2,161.547887997083
2,2012-03-23,0,64.01,3.787,220.9244858,7.057,0.13,76.2,179.603128825199
43,2012-03-23,0,56.28,3.787,212.7396889,9.653,0.13,76.2,133.22398023843382
11,2012-03-23,0,67.16,3.787,224.7909104,6.833,0.13,76.2,164.37650609780601
29,2012-03-23,0,54.68,3.889,137.6552903,8.988,0.13,76.2,127.18825582720712
7,2012-03-30,0,44.99,3.75,197.4133259,8.256,0.13,76.2,131.5162267378186
2,2012-03-30,0,66.83,3.845,220.9991248,7.057,0.13,76.2,181.44045122024056
14,2012-03-30,0,50.04,3.953,190.6107463,8.424,0.13,76.2,182.71456015933794
32,2012-03-30,0,56.09,3.75,197.4133259,8.256,0.13,76.2,157.2519997956772
18,2012-03-30,0,45.35,3.921,137.7261935,8.075,0.13,76.2,153.1950303156944
11,2012-03-30,0,70.23,3.845,224.8651254,6.833,0.13,76.2,164.35933829389933
31,2012-03-30,0,67.87,3.845,220.9991248,7.057,0.13,76.2,165.01350315869925
21,2012-03-30,0,67.87,3.845,220.9991248,7.057,0.13,76.2,139.7218470817075
12,2012-03-30,0,64.36,4.294,130.9670968,12.187,0.13,76.2,153.87696587600982
15,2012-03-30,0,42.65,4.098,137.7261935,7.943,0.13,76.2,129.8684772517854
34,2012-03-30,0,59.29,3.82,130.9670968,9.653,0.13,76.2,150.15298751863716
13,2012-03-30,0,53.2,3.734,130.9670968,6.104,0.13,76.2,183.87169889434895
29,2012-03-30,0,46.4,3.921,137.7261935,8.988,0.13,76.2,126.29879313043757
35,2012-03-30,0,49.4,3.953,141.6990864,8.744,0.13,76.2,140.77055790759192
10,2012-03-30,0,67.92,4.294,130.9670968,7.545,0.13,76.2,180.3028734537963
9,2012-03-30,0,67.87,3.845,225.107867,5.667,0.13,76.2,130.9891764286027
25,2012-03-30,0,47.92,3.953,214.1647079,6.961,0.13,76.2,137.50464538539092
24,2012-03-30,0,47.28,4.098,137.7261935,8.659,0.13,76.2,161.85472173586618
28,2012-03-30,0,64.36,4.294,130.9670968,12.187,0.13,76.2,161.0985549761914
44,2012-03-30,0,53.2,3.734,130.9670968,5.774,0.13,76.2,110.20800485585829
4,2012-03-30,0,72.63,3.82,130.9670968,4.607,0.13,76.2,187.4453005086815
40,2012-03-30,0,36.25,3.921,137.7261935,4.261,0.13,76.2,147.09732415926467
42,2012-03-30,0,67.92,4.294,130.9670968,7.545,0.13,76.2,129.00707082029953
3,2012-03-30,0,69.36,3.845,224.8651254,6.833,0.13,76.2,118.97662256800186
16,2012-03-30,0,48.29,3.75,197.4133259,6.162,0.13,76.2,124.91821202773335
43,2012-03-30,0,69.88,3.845,212.8142212,9.653,0.13,76.2,133.96750186988834
5,2012-03-30,0,67.76,3.845,221.9480412,5.943,0.13,76.2,112.27920984041697
41,2012-03-30,0,51.56,3.75,197.4133259,6.589,0.13,76.2,162.1939941238969
37,2012-03-30,0,70.48,3.845,220.0454862,7.244,0.13,76.2,128.29610933833732
19,2012-03-30,0,43.47,4.098,137.7261935,7.943,0.13,76.2,165.30040087286434
38,2012-03-30,0,64.36,4.294,130.9670968,12.187,0.13,76.2,119.07375685346628
6,2012-03-30,0,67.91,3.845,222.9675066,6.132,0.13,76.2,171.29041431803515
1,2012-03-30,0,67.61,3.845,221.3610119,7.348,0.13,76.2,175.57374049937928
17,2012-03-30,0,45.29,3.734,130.9670968,6.403,0.13,76.2,147.12187669448096
36,2012-03-30,0,70.48,3.891,220.0454862,7.244,0.13,76.2,109.61755880428368
22,2012-03-30,0,46.4,3.921,141.6990864,7.503,0.13,76.2,151.3370273490053
8,2012-03-30,0,66.69,3.845,224.9141521,5.825,0.13,76.2,148.66999307541744
45,2012-03-30,0,50.04,3.953,190.6107463,8.424,0.13,76.2,142.4666358739771
20,2012-03-30,0,51.52,3.953,214.1647079,6.961,0.13,76.2,187.0804922004505
27,2012-03-30,0,49.4,4.098,141.6990864,8.009,0.13,76.2,174.5603143515247
30,2012-03-30,0,67.87,3.845,220.9991248,7.057,0.13,76.2,122.29412129300451
26,2012-03-30,0,33.33,3.921,137.7261935,7.467,0.13,76.2,149.3991913594813
39,2012-03-30,0,69.11,3.845,220.0454862,7.244,0.13,76.2,171.00010440935677
23,2012-03-30,0,36.71,3.921,137.7261935,4.261,0.13,76.2,163.00721278313608
33,2012-03-30,0,71.34,4.294,130.9670968,7.603,0.13,76.2,103.9026302349813
19,2012-04-06,0,40.23,4.143,137.7970968,8.15,0.14,76.4,175.04483645244952
9,2012-04-06,0,68.83,3.891,225.1820555,5.539,0.14,76.4,137.14160126581854
4,2012-04-06,0,67.69,3.864,131.0375484,4.308,0.14,76.4,196.32869331735017
17,2012-04-06,0,43.92,3.793,131.0375484,6.235,0.14,76.4,152.25104413306195
23,2012-04-06,0,37.43,3.957,137.7970968,4.125,0.14,76.4,174.23353623968387
45,2012-04-06,0,49.73,3.996,190.6851712,8.567,0.14,76.4,148.3746347519017
16,2012-04-06,0,48.93,3.854,197.5971285,6.169,0.14,76.4,126.16550588954718
36,2012-04-06,0,73.95,3.934,220.1204125,6.989,0.14,76.4,112.25141102711702
32,2012-04-06,0,51.49,3.854,197.5971285,8.09,0.14,76.4,163.31510770420203
30,2012-04-06,0,69.02,3.891,221.0737638,6.891,0.14,76.4,123.19085747109935
15,2012-04-06,0,40.01,4.143,137.7970968,8.15,0.14,76.4,136.1207082584338
18,2012-04-06,0,43.8,3.957,137.7970968,8.304,0.14,76.4,160.77577577589577
25,2012-04-06,0,44.73,3.996,214.2387053,7.139,0.14,76.4,143.1814637186532
43,2012-04-06,0,64.7,3.891,212.8887535,9.575,0.14,76.4,136.0354476017919
11,2012-04-06,0,74.19,3.891,224.9393405,6.664,0.14,76.4,173.98393775489964
2,2012-04-06,0,68.43,3.891,221.0737638,6.891,0.14,76.4,188.4228175724872
20,2012-04-06,0,50.06,3.996,214.2387053,7.139,0.14,76.4,198.388386346126
29,2012-04-06,0,46.38,3.957,137.7970968,9.14,0.14,76.4,134.59694214701528
22,2012-04-06,0,46.38,3.957,141.7712396,7.671,0.14,76.4,160.65206574476687
39,2012-04-06,0,73.49,3.891,220.1204125,6.989,0.14,76.4,178.88855837881866
1,2012-04-06,0,70.43,3.891,221.4356112,7.143,0.14,76.4,182.5722146734743
24,2012-04-06,0,45.25,4.143,137.7970968,8.983,0.14,76.4,171.78569016833424
28,2012-04-06,0,64.05,4.121,131.0375484,11.627,0.14,76.4,172.86523016511677
44,2012-04-06,0,48.85,3.793,131.0375484,5.621,0.14,76.4,111.19268626902762
40,2012-04-06,0,36.54,3.957,137.7970968,4.125,0.14,76.4,158.16577293788274
3,2012-04-06,0,73.01,3.891,224.9393405,6.664,0.14,76.4,126.20544638563514
42,2012-04-06,0,65.99,4.282,131.0375484,7.382,0.14,76.4,135.67979613558325
5,2012-04-06,0,70.4,3.891,222.0225762,5.801,0.14,76.4,118.60733109730228
41,2012-04-06,0,48.48,3.854,197.5971285,6.547,0.14,76.4,169.7397983661675
37,2012-04-06,0,73.95,3.891,220.1204125,6.989,0.14,76.4,130.34079106711556
38,2012-04-06,0,64.05,4.121,131.0375484,11.627,0.14,76.4,125.92699517623697
35,2012-04-06,0,48.73,3.996,141.7712396,8.876,0.14,76.4,146.5479113934149
10,2012-04-06,0,65.99,4.282,131.0375484,7.382,0.14,76.4,189.2588728344187
26,2012-04-06,0,33.35,3.957,137.7970968,7.489,0.14,76.4,157.57184766903342
27,2012-04-06,0,48.73,4.143,141.7712396,8.253,0.14,76.4,182.55455996295325
21,2012-04-06,0,69.02,3.891,221.0737638,6.891,0.14,76.4,141.68048845649847
7,2012-04-06,0,44.29,3.854,197.5971285,8.09,0.14,76.4,133.85757306087172
33,2012-04-06,0,70.75,4.282,131.0375484,7.396,0.14,76.4,106.66175694125727
34,2012-04-06,0,54.42,3.864,131.0375484,9.575,0.14,76.4,156.55209388586727
8,2012-04-06,0,62.18,3.891,224.9883618,5.679,0.14,76.4,154.7639187826955
6,2012-04-06,0,71.6,3.891,223.0419298,5.964,0.14,76.4,180.96966825432648
13,2012-04-06,0,48.85,3.793,131.0375484,5.965,0.14,76.4,191.83156619047193
12,2012-04-06,0,64.05,4.121,131.0375484,11.627,0.14,76.4,158.03767879759192
31,2012-04-06,0,69.02,3.891,221.0737638,6.891,0.14,76.4,170.88758338402812
14,2012-04-06,0,49.73,3.996,190.6851712,8.567,0.14,76.4,194.2300749121471
27,2012-04-13,0,52.22,4.187,141.8433929,8.253,0.14,76.4,175.5973416564586
32,2012-04-13,0,52.1,3.901,197.780931,8.09,0.14,76.4,159.68920665782306
38,2012-04-13,0,64.28,4.254,131.108,11.627,0.14,76.4,121.23196688069078
37,2012-04-13,0,72.54,3.891,220.1953389,6.989,0.14,76.4,126.46674257848598
41,2012-04-13,0,46.84,3.901,197.780931,6.547,0.14,76.4,165.15739078079133
42,2012-04-13,0,70.28,4.254,131.108,7.382,0.14,76.4,134.90955270099064
15,2012-04-13,0,43.52,4.187,137.868,8.15,0.14,76.4,129.93588830246162
26,2012-04-13,0,36.9,4.025,137.868,7.489,0.14,76.4,147.92289169376997
4,2012-04-13,0,68.69,3.881,131.108,4.308,0.14,76.4,187.8393468500218
25,2012-04-13,0,42.46,4.044,214.3127027,7.139,0.14,76.4,136.04830181640853
9,2012-04-13,0,69.19,3.891,225.2562439,5.539,0.14,76.4,131.21456600576968
8,2012-04-13,0,65.19,3.891,225.0625714,5.679,0.14,76.4,148.85468946898746
30,2012-04-13,0,69.03,3.891,221.1484028,6.891,0.14,76.4,120.68384047377985
20,2012-04-13,0,45.68,4.044,214.3127027,7.139,0.14,76.4,186.34506114770986
7,2012-04-13,0,41.43,3.901,197.780931,8.09,0.14,76.4,127.18906223806782
31,2012-04-13,0,69.03,3.891,221.1484028,6.891,0.14,76.4,168.02894612682482
14,2012-04-13,0,51.83,4.044,190.7595962,8.567,0.14,76.4,182.92336341890766
3,2012-04-13,0,72.83,3.891,225.0135556,6.664,0.14,76.4,120.05031306789493
19,2012-04-13,0,44.42,4.187,137.868,8.15,0.14,76.4,166.59841097303115
22,2012-04-13,0,49.89,4.025,141.8433929,7.671,0.14,76.4,150.1643889702558
1,2012-04-13,0,69.07,3.891,221.5102105,7.143,0.14,76.4,174.72588921413228
40,2012-04-13,0,40.65,4.025,137.868,4.125,0.14,76.4,146.43016898852164
13,2012-04-13,0,51.7,3.833,131.108,5.965,0.14,76.4,186.65298989920427
35,2012-04-13,0,52.22,4.044,141.8433929,8.876,0.14,76.4,143.04414663808927
18,2012-04-13,0,47.75,4.025,137.868,8.304,0.14,76.4,152.7428744433398
43,2012-04-13,0,70.18,3.891,212.9632857,9.575,0.14,76.4,136.44946506266444
2,2012-04-13,0,68.08,3.891,221.1484028,6.891,0.14,76.4,183.52844234256796
21,2012-04-13,0,69.03,3.891,221.1484028,6.891,0.14,76.4,142.06027167857914
5,2012-04-13,0,70.56,3.891,222.0971111,5.801,0.14,76.4,114.1849000193043
44,2012-04-13,0,51.7,3.833,131.108,5.621,0.14,76.4,110.34364264487907
24,2012-04-13,0,48.65,4.187,137.868,8.983,0.14,76.4,163.85508475633196
39,2012-04-13,0,71.59,3.891,220.1953389,6.989,0.14,76.4,173.51137861726085
29,2012-04-13,0,49.89,4.025,137.868,9.14,0.14,76.4,127.39954887975574
10,2012-04-13,0,70.28,4.254,131.108,7.382,0.14,76.4,184.53968551866302
36,2012-04-13,0,72.54,3.919,220.1953389,6.989,0.14,76.4,113.04069609167242
28,2012-04-13,0,64.28,4.254,131.108,11.627,0.14,76.4,164.02812423580656
33,2012-04-13,0,73.17,4.254,131.108,7.396,0.14,76.4,110.47345223223068
34,2012-04-13,0,59.12,3.881,131.108,9.575,0.14,76.4,152.26952007886902
45,2012-04-13,0,51.83,4.044,190.7595962,8.567,0.14,76.4,142.70674638460898
16,2012-04-13,0,45.83,3.901,197.780931,6.169,0.14,76.4,122.38168453633928
6,2012-04-13,0,71.29,3.891,223.1163529,5.964,0.14,76.4,174.58726203955263
11,2012-04-13,0,72.74,3.891,225.0135556,6.664,0.14,76.4,170.14192813603583
12,2012-04-13,0,64.28,4.254,131.108,11.627,0.14,76.4,156.264109328914
23,2012-04-13,0,41.81,4.025,137.868,4.125,0.14,76.4,161.91481016345338
17,2012-04-13,0,46.94,3.833,131.108,6.235,0.14,76.4,147.3365645399581
3,2012-04-20,0,72.05,3.877,225.0689541,6.664,0.14,76.4,121.1565707557416
44,2012-04-20,0,50.24,3.845,131.1173333,5.621,0.14,76.4,111.50446715075734
24,2012-04-20,0,61.05,4.17,137.9230667,8.983,0.14,76.4,161.06639672087252
39,2012-04-20,0,70.04,3.877,220.2483937,6.989,0.14,76.4,168.8689171764698
28,2012-04-20,0,66.73,4.222,131.1173333,11.627,0.14,76.4,160.02731496410348
29,2012-04-20,0,58.81,4.046,137.9230667,9.14,0.14,76.4,127.72012926396262
20,2012-04-20,0,60.11,4.027,214.3675045,7.139,0.14,76.4,182.1653454131499
10,2012-04-20,0,67.75,4.111,131.1173333,7.382,0.14,76.4,179.23345984853793
17,2012-04-20,0,47.69,3.845,131.1173333,6.235,0.14,76.4,157.69515937865108
27,2012-04-20,0,62.62,4.17,141.9015262,8.253,0.14,76.4,175.28992678800864
7,2012-04-20,0,39.3,3.936,197.7227385,8.09,0.14,76.4,122.87863374572605
33,2012-04-20,0,72.94,4.111,131.1173333,7.396,0.14,76.4,105.1051703093615
45,2012-04-20,0,63.13,4.027,190.8138013,8.567,0.14,76.4,142.43640696079402
23,2012-04-20,0,56.55,4.046,137.9230667,4.125,0.14,76.4,163.92983570371018
5,2012-04-20,0,67.33,3.877,222.1512315,5.801,0.14,76.4,112.1597949346294
30,2012-04-20,0,66.97,3.877,221.2021074,6.891,0.14,76.4,123.29498628084053
8,2012-04-20,0,63.59,3.877,225.1179914,5.679,0.14,76.4,147.11340726165736
26,2012-04-20,0,50.81,4.046,137.9230667,7.489,0.14,76.4,149.47039763630767
22,2012-04-20,0,58.81,4.046,141.9015262,7.671,0.14,76.4,152.8235615817391
6,2012-04-20,0,68.64,3.877,223.17092,5.964,0.14,76.4,169.60556826102965
12,2012-04-20,0,66.73,4.222,131.1173333,11.627,0.14,76.4,153.08380644417048
1,2012-04-20,0,66.76,3.877,221.5640737,7.143,0.14,76.4,171.6870536144408
40,2012-04-20,0,55.3,4.046,137.9230667,4.125,0.14,76.4,148.25986673566626
34,2012-04-20,0,55.34,3.864,131.1173333,9.575,0.14,76.4,151.85122916084043
35,2012-04-20,0,62.62,4.027,141.9015262,8.876,0.14,76.4,143.34755581257664
38,2012-04-20,0,66.73,4.222,131.1173333,11.627,0.14,76.4,118.49439269023834
4,2012-04-20,0,68.6,3.864,131.1173333,4.308,0.14,76.4,188.79645656530494
41,2012-04-20,0,43.57,3.936,197.7227385,6.547,0.14,76.4,161.51453587259184
37,2012-04-20,0,70.87,3.877,220.2483937,6.989,0.14,76.4,127.60339956182429
11,2012-04-20,0,71.97,3.877,225.0689541,6.664,0.14,76.4,164.8920067289983
31,2012-04-20,0,66.97,3.877,221.2021074,6.891,0.14,76.4,168.0022557740165
15,2012-04-20,0,54.47,4.17,137.9230667,8.15,0.14,76.4,128.36621598199903
42,2012-04-20,0,67.75,4.111,131.1173333,7.382,0.14,76.4,129.5412572675993
43,2012-04-20,0,67.28,3.877,213.0130524,9.575,0.14,76.4,134.8519482413172
13,2012-04-20,0,50.24,3.845,131.1173333,5.965,0.14,76.4,184.04659352234884
21,2012-04-20,0,66.97,3.877,221.2021074,6.891,0.14,76.4,140.25922208134315
2,2012-04-20,0,65.69,3.877,221.2021074,6.891,0.14,76.4,181.16579131050307
16,2012-04-20,0,43.61,3.936,197.7227385,6.169,0.14,76.4,121.2654391504612
14,2012-04-20,0,63.13,4.027,190.8138013,8.567,0.14,76.4,181.93102774819968
36,2012-04-20,0,70.87,3.918,220.2483937,6.989,0.14,76.4,111.5703156256455
9,2012-04-20,0,68.04,3.877,225.3117488,5.539,0.14,76.4,128.9018645886855
32,2012-04-20,0,49.15,3.936,197.7227385,8.09,0.14,76.4,157.75088329172698
25,2012-04-20,0,57.1,4.027,214.3675045,7.139,0.14,76.4,136.21352043175654
18,2012-04-20,0,60.88,4.046,137.9230667,8.304,0.14,76.4,153.8949572859431
19,2012-04-20,0,55.2,4.17,137.9230667,8.15,0.14,76.4,162.76022224724431
3,2012-04-27,0,73.39,3.814,225.1243526,6.664,0.14,76.4,117.91289574883044
25,2012-04-27,0,44.2,4.004,214.4223063,7.139,0.14,76.4,135.84447118762
42,2012-04-27,0,80.11,4.088,131.1266667,7.382,0.14,76.4,127.81676714809038
18,2012-04-27,0,50.43,4.023,137.9781333,8.304,0.14,76.4,151.13704430985916
35,2012-04-27,0,52.33,4.004,141.9596595,8.876,0.14,76.4,139.52896604049994
5,2012-04-27,0,68.96,3.814,222.2053519,5.801,0.14,76.4,111.65947195985711
6,2012-04-27,0,71.5,3.814,223.2254871,5.964,0.14,76.4,169.61034279742168
31,2012-04-27,0,69.21,3.814,221.255812,6.891,0.14,76.4,164.75258957377312
2,2012-04-27,0,67.2,3.814,221.255812,6.891,0.14,76.4,178.86848989947288
8,2012-04-27,0,70.34,3.814,225.1734114,5.679,0.14,76.4,147.4482548731961
4,2012-04-27,0,76.47,3.81,131.1266667,4.308,0.14,76.4,186.8141398059635
37,2012-04-27,0,70.06,3.814,220.3014485,6.989,0.14,76.4,127.96438086653012
36,2012-04-27,0,70.06,3.888,220.3014485,6.989,0.14,76.4,110.04446924132063
21,2012-04-27,0,69.21,3.814,221.255812,6.891,0.14,76.4,136.96903371252932
38,2012-04-27,0,77.99,4.193,131.1266667,11.627,0.14,76.4,119.98444396369682
41,2012-04-27,0,57.66,3.927,197.664546,6.547,0.14,76.4,162.539011644904
22,2012-04-27,0,51.42,4.023,141.9596595,7.671,0.14,76.4,149.42268058867697
40,2012-04-27,0,47.51,4.023,137.9781333,4.125,0.14,76.4,147.25790481510356
9,2012-04-27,0,73.07,3.814,225.3672537,5.539,0.14,76.4,129.40274125606703
1,2012-04-27,0,67.23,3.814,221.6179368,7.143,0.14,76.4,170.01935917211117
32,2012-04-27,0,61.76,3.927,197.664546,8.09,0.14,76.4,157.96753558000768
30,2012-04-27,0,69.21,3.814,221.255812,6.891,0.14,76.4,121.07257036665916
26,2012-04-27,0,43.6,4.023,137.9781333,7.489,0.14,76.4,148.94465454012382
13,2012-04-27,0,64.8,3.842,131.1266667,5.965,0.14,76.4,184.42149794255687
34,2012-04-27,0,66.49,3.81,131.1266667,9.575,0.14,76.4,150.21688940269732
7,2012-04-27,0,51.49,3.927,197.664546,8.09,0.14,76.4,123.65964646721223
19,2012-04-27,0,42.45,4.163,137.9781333,8.15,0.14,76.4,163.85909286810588
28,2012-04-27,0,77.99,4.193,131.1266667,11.627,0.14,76.4,159.63704454258627
27,2012-04-27,0,52.33,4.163,141.9596595,8.253,0.14,76.4,173.04638951338976
33,2012-04-27,0,83.07,4.088,131.1266667,7.396,0.14,76.4,103.72464832300834
17,2012-04-27,0,59.11,3.842,131.1266667,6.235,0.14,76.4,149.57453664142267
14,2012-04-27,0,53.2,4.004,190.8680064,8.567,0.14,76.4,179.42486987986302
10,2012-04-27,0,80.11,4.088,131.1266667,7.382,0.14,76.4,177.41700689498379
43,2012-04-27,0,78.27,3.814,213.062819,9.575,0.14,76.4,132.12982408256354
20,2012-04-27,0,47.64,4.004,214.4223063,7.139,0.14,76.4,182.22087962891206
39,2012-04-27,0,69.11,3.814,220.3014485,6.989,0.14,76.4,169.63539799387934
16,2012-04-27,0,59.69,3.927,197.664546,6.169,0.14,76.4,118.23191454456536
29,2012-04-27,0,51.42,4.023,137.9781333,9.14,0.14,76.4,125.78467794384206
45,2012-04-27,0,53.2,4.004,190.8680064,8.567,0.14,76.4,139.00698349888995
23,2012-04-27,0,44.62,4.023,137.9781333,4.125,0.14,76.4,163.5707063443186
44,2012-04-27,0,64.8,3.842,131.1266667,5.621,0.14,76.4,112.18600441141153
11,2012-04-27,0,73.4,3.814,225.1243526,6.664,0.14,76.4,162.0782285439897
24,2012-04-27,0,49.26,4.163,137.9781333,8.983,0.14,76.4,160.53447133374664
15,2012-04-27,0,41.57,4.163,137.9781333,8.15,0.14,76.4,127.86939247019605
12,2012-04-27,0,77.99,4.193,131.1266667,11.627,0.14,76.4,152.98929076190814
8,2012-05-04,0,73.96,3.749,225.2288314,5.679,0.16,79.3,150.08048652285262
34,2012-05-04,0,65.04,3.747,131.136,9.575,0.16,79.3,152.4300470594062
25,2012-05-04,0,58.76,3.951,214.4771081,7.139,0.16,79.3,138.17617620789252
19,2012-05-04,0,50.76,4.124,138.0332,8.15,0.16,79.3,167.9350386377527
28,2012-05-04,0,76.03,4.171,131.136,11.627,0.16,79.3,169.42951733974692
32,2012-05-04,0,58.29,3.903,197.6063534,8.09,0.16,79.3,160.27462375456406
18,2012-05-04,0,49.66,3.991,138.0332,8.304,0.16,79.3,154.89565937863858
36,2012-05-04,0,77.17,3.835,220.3545033,6.989,0.16,79.3,110.4505489694878
17,2012-05-04,0,48.86,3.831,131.136,6.235,0.16,79.3,149.7630562741396
11,2012-05-04,0,79.07,3.749,225.1797511,6.664,0.16,79.3,166.77257432791652
23,2012-05-04,0,45.88,3.991,138.0332,4.125,0.16,79.3,164.9623051761076
1,2012-05-04,0,75.55,3.749,221.6718,7.143,0.16,79.3,176.5953864622684
12,2012-05-04,0,76.03,4.171,131.136,11.627,0.16,79.3,155.847099217121
30,2012-05-04,0,77.53,3.749,221.3095166,6.891,0.16,79.3,122.66319902201494
9,2012-05-04,0,78.98,3.749,225.4227585,5.539,0.16,79.3,131.70246706034177
6,2012-05-04,0,77.66,3.749,223.2800541,5.964,0.16,79.3,172.3678544178506
43,2012-05-04,0,77.47,3.749,213.1125857,9.575,0.16,79.3,134.84129832320488
26,2012-05-04,0,40.29,3.991,138.0332,7.489,0.16,79.3,150.49481843415214
45,2012-05-04,0,55.21,3.951,190.9222115,8.567,0.16,79.3,142.72351060793864
22,2012-05-04,0,50.75,3.991,142.0177929,7.671,0.16,79.3,153.02445435902445
15,2012-05-04,0,51.04,4.124,138.0332,8.15,0.16,79.3,131.1720650351883
16,2012-05-04,0,51.34,3.903,197.6063534,6.169,0.16,79.3,120.53998265667731
42,2012-05-04,0,77.02,4.058,131.136,7.382,0.16,79.3,133.12257567994791
3,2012-05-04,0,79.51,3.749,225.1797511,6.664,0.16,79.3,121.55152667985745
29,2012-05-04,0,50.75,3.991,138.0332,9.14,0.16,79.3,126.32657450643221
2,2012-05-04,0,76.73,3.749,221.3095166,6.891,0.16,79.3,183.21516648067077
40,2012-05-04,0,44.47,3.991,138.0332,4.125,0.16,79.3,152.52430498556657
13,2012-05-04,0,54.41,3.831,131.136,5.965,0.16,79.3,185.08860074865365
39,2012-05-04,0,77.15,3.749,220.3545033,6.989,0.16,79.3,171.39397642670136
10,2012-05-04,0,77.02,4.058,131.136,7.382,0.16,79.3,180.4567760295519
35,2012-05-04,0,53.68,3.951,142.0177929,8.876,0.16,79.3,142.19978440335268
31,2012-05-04,0,77.53,3.749,221.3095166,6.891,0.16,79.3,167.47768040662717
37,2012-05-04,0,77.17,3.749,220.3545033,6.989,0.16,79.3,128.4017845375225
20,2012-05-04,0,62.74,3.951,214.4771081,7.139,0.16,79.3,189.261939299887
14,2012-05-04,0,55.21,3.951,190.9222115,8.567,0.16,79.3,183.88140093962818
41,2012-05-04,0,52.86,3.903,197.6063534,6.547,0.16,79.3,166.41782919402075
21,2012-05-04,0,77.53,3.749,221.3095166,6.891,0.16,79.3,138.24376236052095
27,2012-05-04,0,53.68,4.124,142.0177929,8.253,0.16,79.3,176.15454069926045
5,2012-05-04,0,77.1,3.749,222.2594722,5.801,0.16,79.3,115.00448362975436
4,2012-05-04,0,80.14,3.747,131.136,4.308,0.16,79.3,190.06702892987468
44,2012-05-04,0,54.41,3.831,131.136,5.621,0.16,79.3,111.77623245884526
38,2012-05-04,0,76.03,4.171,131.136,11.627,0.16,79.3,125.39492949463903
7,2012-05-04,0,45.38,3.903,197.6063534,8.09,0.16,79.3,123.4650844950462
33,2012-05-04,0,82.43,4.058,131.136,7.396,0.16,79.3,106.06995307038937
24,2012-05-04,0,52.14,4.124,138.0332,8.983,0.16,79.3,164.58505876477105
11,2012-05-11,0,75.13,3.688,225.2351496,6.664,0.16,79.3,164.3608477402287
16,2012-05-11,0,53.57,3.87,197.5481609,6.169,0.16,79.3,124.53975963974922
27,2012-05-11,0,58.97,4.055,142.0759262,8.253,0.16,79.3,176.2981369887693
23,2012-05-11,0,52.9,3.947,138.0882667,4.125,0.16,79.3,165.11962162510602
44,2012-05-11,0,56.47,3.809,131.1453333,5.621,0.16,79.3,113.22442991588541
29,2012-05-11,0,56.72,3.947,138.0882667,9.14,0.16,79.3,128.02516663173634
21,2012-05-11,0,74.14,3.688,221.3632212,6.891,0.16,79.3,135.54242462670493
42,2012-05-11,0,76.03,4.186,131.1453333,7.382,0.16,79.3,135.17249555097
15,2012-05-11,0,54.23,4.055,138.0882667,8.15,0.16,79.3,131.27779958828307
13,2012-05-11,0,56.47,3.809,131.1453333,5.965,0.16,79.3,187.2310822008779
10,2012-05-11,0,76.03,4.186,131.1453333,7.382,0.16,79.3,179.65605445536815
45,2012-05-11,0,61.24,3.889,190.9764167,8.567,0.16,79.3,142.12029474918103
20,2012-05-11,0,63.19,3.889,214.5319099,7.139,0.16,79.3,189.37283211233392
14,2012-05-11,0,61.24,3.889,190.9764167,8.567,0.16,79.3,184.87107696239767
17,2012-05-11,0,49.96,3.809,131.1453333,6.235,0.16,79.3,150.38541919206662
34,2012-05-11,0,61.92,3.685,131.1453333,9.575,0.16,79.3,150.62955511468374
28,2012-05-11,0,77.27,4.186,131.1453333,11.627,0.16,79.3,163.10069370597404
19,2012-05-11,0,55.33,4.055,138.0882667,8.15,0.16,79.3,169.17789635158854
7,2012-05-11,0,48.54,3.87,197.5481609,8.09,0.16,79.3,123.10764906798772
24,2012-05-11,0,58.7,4.055,138.0882667,8.983,0.16,79.3,166.26901995027927
43,2012-05-11,0,67.59,3.688,213.1623524,9.575,0.16,79.3,134.9704499729463
25,2012-05-11,0,59.21,3.889,214.5319099,7.139,0.16,79.3,140.5246943212019
33,2012-05-11,0,81.02,4.186,131.1453333,7.396,0.16,79.3,108.7698073893359
32,2012-05-11,0,55.4,3.87,197.5481609,8.09,0.16,79.3,160.26212868770372
38,2012-05-11,0,77.27,4.186,131.1453333,11.627,0.16,79.3,120.772678814861
1,2012-05-11,0,73.77,3.688,221.7256632,7.143,0.16,79.3,174.42851510165912
4,2012-05-11,0,67.64,3.685,131.1453333,4.308,0.16,79.3,188.38915171692005
3,2012-05-11,0,75.19,3.688,225.2351496,6.664,0.16,79.3,120.93505159487385
9,2012-05-11,0,70.94,3.688,225.4782634,5.539,0.16,79.3,132.09462869214352
41,2012-05-11,0,50.22,3.87,197.5481609,6.547,0.16,79.3,166.19730360011621
37,2012-05-11,0,76.55,3.688,220.4075581,6.989,0.16,79.3,127.90866022937284
2,2012-05-11,0,73.87,3.688,221.3632212,6.891,0.16,79.3,183.04531397884048
26,2012-05-11,0,47.11,3.947,138.0882667,7.489,0.16,79.3,155.40652863719353
22,2012-05-11,0,56.72,3.947,142.0759262,7.671,0.16,79.3,152.71843134340867
39,2012-05-11,0,75.52,3.688,220.4075581,6.989,0.16,79.3,170.07914104351232
36,2012-05-11,0,76.55,3.764,220.4075581,6.989,0.16,79.3,112.20313050408906
40,2012-05-11,0,52.06,3.947,138.0882667,4.125,0.16,79.3,151.4223042414166
35,2012-05-11,0,58.97,3.889,142.0759262,8.876,0.16,79.3,143.73393422582586
8,2012-05-11,0,64.96,3.688,225.2842514,5.679,0.16,79.3,149.31400379187454
5,2012-05-11,0,73.45,3.688,222.3135926,5.801,0.16,79.3,112.52087409385071
18,2012-05-11,0,57.44,3.947,138.0882667,8.304,0.16,79.3,155.32051682929225
12,2012-05-11,0,77.27,4.186,131.1453333,11.627,0.16,79.3,154.56557248670185
6,2012-05-11,0,72.66,3.688,223.3346212,5.964,0.16,79.3,171.5461037765116
31,2012-05-11,0,74.14,3.688,221.3632212,6.891,0.16,79.3,167.53376276981547
30,2012-05-11,0,74.14,3.688,221.3632212,6.891,0.16,79.3,121.25371664453814
30,2012-05-18,0,72.42,3.63,221.380331,6.891,0.16,79.3,123.14856046015647
39,2012-05-18,0,72.36,3.63,220.4252149,6.989,0.16,79.3,171.73084223811364
38,2012-05-18,0,84.51,4.11,131.0983226,11.627,0.16,79.3,119.36909397724084
28,2012-05-18,0,84.51,4.11,131.0983226,11.627,0.16,79.3,161.2383620373182
16,2012-05-18,0,56.74,3.837,197.5553137,6.169,0.16,79.3,125.51946209849984
7,2012-05-18,0,49.41,3.837,197.5553137,8.09,0.16,79.3,123.70398134926062
4,2012-05-18,0,68.43,3.62,131.0983226,4.308,0.16,79.3,190.3118029873824
18,2012-05-18,0,62.31,3.899,138.1065806,8.304,0.16,79.3,154.78970503893848
17,2012-05-18,0,59.67,3.808,131.0983226,6.235,0.16,79.3,151.46955699335942
41,2012-05-18,0,55.24,3.837,197.5553137,6.547,0.16,79.3,165.45137536568305
29,2012-05-18,0,61.9,3.899,138.1065806,9.14,0.16,79.3,128.9606162714114
6,2012-05-18,0,70.5,3.63,223.3511928,5.964,0.16,79.3,171.43820161176882
5,2012-05-18,0,70.45,3.63,222.330443,5.801,0.16,79.3,112.73934085248547
27,2012-05-18,0,65.15,4.029,142.0970115,8.253,0.16,79.3,177.24959445860986
40,2012-05-18,0,57.59,3.899,138.1065806,4.125,0.16,79.3,148.22839540608715
34,2012-05-18,0,64.97,3.62,131.0983226,9.575,0.16,79.3,152.75262339499784
11,2012-05-18,0,72.53,3.63,225.2512024,6.664,0.16,79.3,166.16859039659963
22,2012-05-18,0,61.9,3.899,142.0970115,7.671,0.16,79.3,152.2377267304881
37,2012-05-18,0,73.7,3.63,220.4252149,6.989,0.16,79.3,128.37073087067267
42,2012-05-18,0,85.19,4.308,131.0983226,7.382,0.16,79.3,131.9741242527776
26,2012-05-18,0,52.55,3.899,138.1065806,7.489,0.16,79.3,151.87082673067388
21,2012-05-18,0,72.42,3.63,221.380331,6.891,0.16,79.3,138.40408753904018
20,2012-05-18,0,60.99,3.848,214.5485571,7.139,0.16,79.3,186.18925648334815
33,2012-05-18,0,89.81,4.308,131.0983226,7.396,0.16,79.3,106.76882889027647
2,2012-05-18,0,71.27,3.63,221.380331,6.891,0.16,79.3,185.21541358359946
8,2012-05-18,0,64.16,3.63,225.3002908,5.679,0.16,79.3,149.03327410364994
15,2012-05-18,0,58.84,4.029,138.1065806,8.15,0.16,79.3,132.55747405210658
35,2012-05-18,0,65.15,3.848,142.0970115,8.876,0.16,79.3,144.5657633488755
32,2012-05-18,0,57.46,3.837,197.5553137,8.09,0.16,79.3,159.9046470505545
12,2012-05-18,0,84.51,4.11,131.0983226,11.627,0.16,79.3,153.67247029789394
1,2012-05-18,0,70.33,3.63,221.742674,7.143,0.16,79.3,173.97115804255077
36,2012-05-18,0,73.7,3.713,220.4252149,6.989,0.16,79.3,111.65575189342974
31,2012-05-18,0,72.42,3.63,221.380331,6.891,0.16,79.3,169.13238980603597
19,2012-05-18,0,58.81,4.029,138.1065806,8.15,0.16,79.3,166.66061191122822
25,2012-05-18,0,58.21,3.848,214.5485571,7.139,0.16,79.3,139.31272489009473
43,2012-05-18,0,72.06,3.63,213.1753618,9.575,0.16,79.3,135.46077048246784
3,2012-05-18,0,72.38,3.63,225.2512024,6.664,0.16,79.3,119.83622748437894
9,2012-05-18,0,69.52,3.63,225.4942498,5.539,0.16,79.3,130.76487915718965
14,2012-05-18,0,66.3,3.848,190.9964479,8.567,0.16,79.3,183.43296973037312
44,2012-05-18,0,65.17,3.808,131.0983226,5.621,0.16,79.3,112.53710617371415
13,2012-05-18,0,65.17,3.808,131.0983226,5.965,0.16,79.3,188.49291856370172
24,2012-05-18,0,63.1,4.029,138.1065806,8.983,0.16,79.3,164.3139316202345
45,2012-05-18,0,66.3,3.848,190.9964479,8.567,0.16,79.3,143.65704216563353
23,2012-05-18,0,58.42,3.899,138.1065806,4.125,0.16,79.3,165.50091960246817
10,2012-05-18,0,85.19,4.308,131.0983226,7.382,0.16,79.3,179.73393054722484
37,2012-05-25,0,78.94,3.561,220.4287124,6.989,0.16,79.3,128.75629298218976
10,2012-05-25,0,86.03,4.127,131.0287742,7.382,0.16,79.3,180.71892885075226
13,2012-05-25,0,62.39,3.801,131.0287742,5.965,0.16,79.3,186.29344902706376
41,2012-05-25,0,54.89,3.804,197.5886046,6.547,0.16,79.3,168.57785992637145
24,2012-05-25,0,65.79,3.979,138.1101935,8.983,0.16,79.3,168.03075504833748
19,2012-05-25,0,67.79,3.979,138.1101935,8.15,0.16,79.3,170.5501862664217
20,2012-05-25,0,70.04,3.798,214.5499425,7.139,0.16,79.3,188.07807543679746
29,2012-05-25,0,62.39,3.85,138.1101935,9.14,0.16,79.3,129.3535559473885
21,2012-05-25,0,79.49,3.561,221.3828029,6.891,0.16,79.3,139.61934251195206
44,2012-05-25,0,62.39,3.801,131.0287742,5.621,0.16,79.3,113.39943957186425
2,2012-05-25,0,78.19,3.561,221.3828029,6.891,0.16,79.3,182.92022409602163
32,2012-05-25,0,59.74,3.804,197.5886046,8.09,0.16,79.3,161.9524331933245
36,2012-05-25,0,78.94,3.636,220.4287124,6.989,0.16,79.3,109.81453432457612
18,2012-05-25,0,65.48,3.85,138.1101935,8.304,0.16,79.3,156.44943848665952
7,2012-05-25,0,50.6,3.804,197.5886046,8.09,0.16,79.3,128.22929288851043
27,2012-05-25,0,64.77,3.979,142.1032776,8.253,0.16,79.3,180.38932306270283
16,2012-05-25,0,57.36,3.804,197.5886046,6.169,0.16,79.3,127.23192761440791
43,2012-05-25,0,82.41,3.561,213.1736682,9.575,0.16,79.3,132.39428685950972
14,2012-05-25,0,67.21,3.798,191.0028096,8.567,0.16,79.3,185.97791740954943
9,2012-05-25,0,79.69,3.561,225.4944288,5.539,0.16,79.3,129.19307692661633
31,2012-05-25,0,79.49,3.561,221.3828029,6.891,0.16,79.3,167.67223073057062
39,2012-05-25,0,78.31,3.561,220.4287124,6.989,0.16,79.3,173.97522925021207
4,2012-05-25,0,77.47,3.551,131.0287742,4.308,0.16,79.3,189.03476503155215
8,2012-05-25,0,76.11,3.561,225.3005779,5.679,0.16,79.3,148.17603758554068
22,2012-05-25,0,62.39,3.85,142.1032776,7.671,0.16,79.3,154.78366147232546
25,2012-05-25,0,67.69,3.798,214.5499425,7.139,0.16,79.3,142.777835996399
45,2012-05-25,0,67.21,3.798,191.0028096,8.567,0.16,79.3,144.4942462114632
42,2012-05-25,0,86.03,4.127,131.0287742,7.382,0.16,79.3,128.43210000464097
1,2012-05-25,0,77.22,3.561,221.744944,7.143,0.16,79.3,172.73768996089987
11,2012-05-25,0,78.44,3.561,225.2515168,6.664,0.16,79.3,164.26218019268288
30,2012-05-25,0,79.49,3.561,221.3828029,6.891,0.16,79.3,122.27526257612318
33,2012-05-25,0,88.89,4.127,131.0287742,7.396,0.16,79.3,105.10680945738578
26,2012-05-25,0,58.2,3.85,138.1101935,7.489,0.16,79.3,155.59967453637094
38,2012-05-25,0,83.84,4.293,131.0287742,11.627,0.16,79.3,120.2112322930961
17,2012-05-25,0,55.69,3.801,131.0287742,6.235,0.16,79.3,152.16347618848206
40,2012-05-25,0,65.25,3.85,138.1101935,4.125,0.16,79.3,152.42791388795476
23,2012-05-25,0,66.43,3.85,138.1101935,4.125,0.16,79.3,172.6604008337525
12,2012-05-25,0,83.84,4.293,131.0287742,11.627,0.16,79.3,152.44755952769125
34,2012-05-25,0,72.42,3.551,131.0287742,9.575,0.16,79.3,153.47346083874302
28,2012-05-25,0,83.84,4.293,131.0287742,11.627,0.16,79.3,158.90412332122835
5,2012-05-25,0,78.23,3.561,222.3323853,5.801,0.16,79.3,113.28139047662629
3,2012-05-25,0,78.58,3.561,225.2515168,6.664,0.16,79.3,119.48124039060323
15,2012-05-25,0,67.97,3.979,138.1101935,8.15,0.16,79.3,138.02998717164627
35,2012-05-25,0,64.77,3.798,142.1032776,8.876,0.16,79.3,144.71143289399413
6,2012-05-25,0,78.47,3.561,223.3525662,5.964,0.16,79.3,174.20909415424174
18,2012-06-01,0,71.42,3.798,138.1138065,8.304,0.16,73.2,157.62997728924486
2,2012-06-01,0,78.38,3.501,221.3852748,6.891,0.16,73.2,182.84875104856917
16,2012-06-01,0,58.97,3.764,197.6218954,6.169,0.16,73.2,128.2005394376861
43,2012-06-01,0,80.89,3.501,213.1719747,9.575,0.16,73.2,132.866270248473
45,2012-06-01,0,74.48,3.742,191.0091712,8.567,0.16,73.2,145.44012553110431
17,2012-06-01,0,54.13,3.788,130.9592258,6.235,0.16,73.2,150.1553220513525
34,2012-06-01,0,70.41,3.483,130.9592258,9.575,0.16,73.2,151.8267762046396
28,2012-06-01,0,78.11,4.277,130.9592258,11.627,0.16,73.2,162.41358629211135
27,2012-06-01,0,73.4,3.915,142.1095438,8.253,0.16,73.2,182.5977950408632
23,2012-06-01,0,66.22,3.798,138.1138065,4.125,0.16,73.2,170.25047724445906
44,2012-06-01,0,61.11,3.788,130.9592258,5.621,0.16,73.2,111.52159214359932
12,2012-06-01,0,78.11,4.277,130.9592258,11.627,0.16,73.2,152.011438062183
39,2012-06-01,0,80.33,3.501,220.4322099,6.989,0.16,73.2,175.30405862882077
5,2012-06-01,0,79.72,3.501,222.3343277,5.801,0.16,73.2,114.90936563592301
24,2012-06-01,0,71.79,3.915,138.1138065,8.983,0.16,73.2,169.98064615171108
10,2012-06-01,0,80.06,4.277,130.9592258,7.382,0.16,73.2,178.96216011481408
40,2012-06-01,0,64.75,3.798,138.1138065,4.125,0.16,73.2,154.37856331357744
35,2012-06-01,0,73.4,3.742,142.1095438,8.876,0.16,73.2,149.8558380069397
11,2012-06-01,0,81.67,3.501,225.2518313,6.664,0.16,73.2,166.4797314082666
13,2012-06-01,0,61.11,3.788,130.9592258,5.965,0.16,73.2,186.09341806977412
1,2012-06-01,0,77.95,3.501,221.7472139,7.143,0.16,73.2,174.82871423185637
29,2012-06-01,0,70.01,3.798,138.1138065,9.14,0.16,73.2,131.06963155265947
21,2012-06-01,0,79.24,3.501,221.3852748,6.891,0.16,73.2,138.12187842277697
6,2012-06-01,0,80.39,3.501,223.3539397,5.964,0.16,73.2,176.4966226173103
22,2012-06-01,0,70.01,3.798,142.1095438,7.671,0.16,73.2,157.02195264064235
32,2012-06-01,0,62.84,3.764,197.6218954,8.09,0.16,73.2,159.14672337779047
33,2012-06-01,0,83.57,4.277,130.9592258,7.396,0.16,73.2,105.02548797104151
25,2012-06-01,0,69.54,3.742,214.5513278,7.139,0.16,73.2,138.08458102755614
36,2012-06-01,0,80.74,3.567,220.4322099,6.989,0.16,73.2,109.80521285923587
20,2012-06-01,0,73.67,3.742,214.5513278,7.139,0.16,73.2,188.76697279100222
4,2012-06-01,0,77.41,3.483,130.9592258,4.308,0.16,73.2,189.64446306884895
30,2012-06-01,0,79.24,3.501,221.3852748,6.891,0.16,73.2,120.54484227970227
41,2012-06-01,0,57.29,3.764,197.6218954,6.547,0.16,73.2,166.92900321677655
3,2012-06-01,0,81.55,3.501,225.2518313,6.664,0.16,73.2,120.95721145899617
7,2012-06-01,0,55.06,3.764,197.6218954,8.09,0.16,73.2,132.46152552941044
37,2012-06-01,0,80.74,3.501,220.4322099,6.989,0.16,73.2,128.16690966674648
31,2012-06-01,0,79.24,3.501,221.3852748,6.891,0.16,73.2,167.91875828884685
19,2012-06-01,0,68.18,3.915,138.1138065,8.15,0.16,73.2,169.43289905875113
8,2012-06-01,0,78.31,3.501,225.300865,5.679,0.16,73.2,149.36055998804196
38,2012-06-01,0,78.11,4.277,130.9592258,11.627,0.16,73.2,121.21555004309445
26,2012-06-01,0,58.51,3.798,138.1138065,7.489,0.16,73.2,153.47830617799985
14,2012-06-01,0,74.48,3.742,191.0091712,8.567,0.16,73.2,186.4480751864071
9,2012-06-01,0,80.26,3.501,225.4946078,5.539,0.16,73.2,131.5367489998792
42,2012-06-01,0,80.06,4.277,130.9592258,7.382,0.16,73.2,127.49921218940737
15,2012-06-01,0,67.61,3.915,138.1138065,8.15,0.16,73.2,136.35131923795447
13,2012-06-08,0,68.4,3.776,130.8896774,5.965,0.16,73.2,189.71848702602566
15,2012-06-08,0,59.35,3.871,138.1174194,8.15,0.16,73.2,133.25131862687442
23,2012-06-08,0,56.82,3.746,138.1174194,4.125,0.16,73.2,173.124443906698
21,2012-06-08,0,79.47,3.452,221.3877467,6.891,0.16,73.2,138.80658284302862
37,2012-06-08,0,81.5,3.452,220.4357073,6.989,0.16,73.2,127.97338649411243
41,2012-06-08,0,65.11,3.741,197.6551863,6.547,0.16,73.2,168.96659874076377
10,2012-06-08,0,86.87,4.103,130.8896774,7.382,0.16,73.2,180.97947563895553
24,2012-06-08,0,59.93,3.871,138.1174194,8.983,0.16,73.2,167.97829871883317
11,2012-06-08,0,82.1,3.452,225.2521458,6.664,0.16,73.2,168.2437201433428
29,2012-06-08,0,61.71,3.746,138.1174194,9.14,0.16,73.2,129.64347035273394
31,2012-06-08,0,79.47,3.452,221.3877467,6.891,0.16,73.2,169.19130641672922
44,2012-06-08,0,68.4,3.776,130.8896774,5.621,0.16,73.2,113.11811917400813
26,2012-06-08,0,49.43,3.746,138.1174194,7.489,0.16,73.2,157.1530554336898
30,2012-06-08,0,79.47,3.452,221.3877467,6.891,0.16,73.2,121.34322518097983
12,2012-06-08,0,84.83,4.103,130.8896774,11.627,0.16,73.2,156.36094729194667
35,2012-06-08,0,64.05,3.689,142.1158099,8.876,0.16,73.2,147.16622596166147
3,2012-06-08,0,81.65,3.452,225.2521458,6.664,0.16,73.2,122.04506930735887
5,2012-06-08,0,81.02,3.452,222.33627,5.801,0.16,73.2,113.25448046488194
22,2012-06-08,0,61.71,3.746,142.1158099,7.671,0.16,73.2,155.34904109258756
8,2012-06-08,0,74.28,3.452,225.3011521,5.679,0.16,73.2,149.7047826229164
40,2012-06-08,0,55.78,3.746,138.1174194,4.125,0.16,73.2,156.0866799351082
38,2012-06-08,0,84.83,4.103,130.8896774,11.627,0.16,73.2,122.18042370232662
6,2012-06-08,0,80.5,3.452,223.3553131,5.964,0.16,73.2,176.94582540437338
33,2012-06-08,0,90.94,4.103,130.8896774,7.396,0.16,73.2,107.75093364219423
1,2012-06-08,0,78.3,3.452,221.7494839,7.143,0.16,73.2,176.96348615253712
4,2012-06-08,0,78.11,3.433,130.8896774,4.308,0.16,73.2,191.21340232372214
39,2012-06-08,0,81.12,3.452,220.4357073,6.989,0.16,73.2,174.79783641484048
42,2012-06-08,0,86.87,4.103,130.8896774,7.382,0.16,73.2,135.11789479304707
7,2012-06-08,0,63.07,3.741,197.6551863,8.09,0.16,73.2,135.13501963572332
27,2012-06-08,0,64.05,3.871,142.1158099,8.253,0.16,73.2,178.88598631733527
34,2012-06-08,0,75.35,3.433,130.8896774,9.575,0.16,73.2,152.78824898158385
16,2012-06-08,0,65.43,3.741,197.6551863,6.169,0.16,73.2,132.77680727365026
25,2012-06-08,0,58.48,3.689,214.5527132,7.139,0.16,73.2,140.01392506806565
17,2012-06-08,0,60.51,3.776,130.8896774,6.235,0.16,73.2,152.29679653326707
18,2012-06-08,0,59.1,3.746,138.1174194,8.304,0.16,73.2,157.32258170027666
2,2012-06-08,0,78.69,3.452,221.3877467,6.891,0.16,73.2,185.45261850243526
36,2012-06-08,0,81.5,3.513,220.4357073,6.989,0.16,73.2,112.93469604725531
19,2012-06-08,0,60.19,3.871,138.1174194,8.15,0.16,73.2,167.43977540254372
45,2012-06-08,0,64.3,3.689,191.0155329,8.567,0.16,73.2,143.37128503336515
20,2012-06-08,0,62.01,3.689,214.5527132,7.139,0.16,73.2,190.89958557626463
9,2012-06-08,0,78.91,3.452,225.4947868,5.539,0.16,73.2,131.46609282879132
32,2012-06-08,0,71.14,3.741,197.6551863,8.09,0.16,73.2,162.44402847575213
43,2012-06-08,0,85.73,3.452,213.1702811,9.575,0.16,73.2,135.1390476347821
14,2012-06-08,0,64.3,3.689,191.0155329,8.567,0.16,73.2,187.69886774177823
28,2012-06-08,0,84.83,4.103,130.8896774,11.627,0.16,73.2,169.10681182679426
38,2012-06-15,0,85.94,4.144,130.8295333,11.627,0.16,73.2,120.79682417928407
39,2012-06-15,0,81.33,3.393,220.4494148,6.989,0.16,73.2,173.71688578873002
36,2012-06-15,0,82.15,3.407,220.4494148,6.989,0.16,73.2,112.4524797338822
44,2012-06-15,0,65.97,3.756,130.8295333,5.621,0.16,73.2,112.94661545650013
16,2012-06-15,0,65.36,3.723,197.692292,6.169,0.16,73.2,130.6742665751387
12,2012-06-15,0,85.94,4.144,130.8295333,11.627,0.16,73.2,153.63352414729218
35,2012-06-15,0,69.52,3.62,142.1292548,8.876,0.16,73.2,145.976207476126
1,2012-06-15,0,79.35,3.393,221.7626421,7.143,0.16,73.2,175.01122394138122
33,2012-06-15,0,92.44,4.144,130.8295333,7.396,0.16,73.2,108.20937187946645
5,2012-06-15,0,81.64,3.393,222.3492901,5.801,0.16,73.2,111.90386948864521
22,2012-06-15,0,66.56,3.683,142.1292548,7.671,0.16,73.2,155.35249022765944
14,2012-06-15,0,71.93,3.62,191.0299731,8.567,0.16,73.2,182.733159714752
6,2012-06-15,0,82.1,3.393,223.3680933,5.964,0.16,73.2,175.35645943684153
43,2012-06-15,0,87.75,3.393,213.1786952,9.575,0.16,73.2,134.6554281377409
2,2012-06-15,0,80.56,3.393,221.4009901,6.891,0.16,73.2,184.23478814676625
40,2012-06-15,0,63.39,3.683,138.1295333,4.125,0.16,73.2,151.86510602704624
3,2012-06-15,0,84.66,3.393,225.2644795,6.664,0.16,73.2,121.71817135691718
28,2012-06-15,0,85.94,4.144,130.8295333,11.627,0.16,73.2,161.84211712704465
8,2012-06-15,0,77.14,3.393,225.3134743,5.679,0.16,73.2,149.16898365001146
19,2012-06-15,0,68.19,3.786,138.1295333,8.15,0.16,73.2,169.09299451911576
26,2012-06-15,0,57.84,3.683,138.1295333,7.489,0.16,73.2,154.03793279921126
30,2012-06-15,0,81.51,3.393,221.4009901,6.891,0.16,73.2,121.44400726260346
34,2012-06-15,0,76.48,3.372,130.8295333,9.575,0.16,73.2,152.0544842928192
32,2012-06-15,0,70.91,3.723,197.692292,8.09,0.16,73.2,162.02440466529086
31,2012-06-15,0,81.51,3.393,221.4009901,6.891,0.16,73.2,168.7908816923741
20,2012-06-15,0,71.51,3.62,214.5653243,7.139,0.16,73.2,189.30184078354424
21,2012-06-15,0,81.51,3.393,221.4009901,6.891,0.16,73.2,139.842518157243
15,2012-06-15,0,67.7,3.786,138.1295333,8.15,0.16,73.2,134.76898298622066
23,2012-06-15,0,64.73,3.683,138.1295333,4.125,0.16,73.2,172.37424701434415
13,2012-06-15,0,65.97,3.756,130.8295333,5.965,0.16,73.2,188.9884199451129
29,2012-06-15,0,66.56,3.683,138.1295333,9.14,0.16,73.2,129.52879432893184
42,2012-06-15,0,88.58,4.144,130.8295333,7.382,0.16,73.2,132.94156285768173
45,2012-06-15,0,71.93,3.62,191.0299731,8.567,0.16,73.2,144.6786598641874
25,2012-06-15,0,68.34,3.62,214.5653243,7.139,0.16,73.2,141.25978311762358
37,2012-06-15,0,82.15,3.393,220.4494148,6.989,0.16,73.2,126.57806643952091
18,2012-06-15,0,66.58,3.683,138.1295333,8.304,0.16,73.2,155.19803957943986
7,2012-06-15,0,59.33,3.723,197.692292,8.09,0.16,73.2,136.5210486392422
10,2012-06-15,0,88.58,4.144,130.8295333,7.382,0.16,73.2,180.18736960256476
4,2012-06-15,0,80.94,3.372,130.8295333,4.308,0.16,73.2,190.95228909413515
27,2012-06-15,0,69.52,3.786,142.1292548,8.253,0.16,73.2,179.13100091440398
41,2012-06-15,0,64.92,3.723,197.692292,6.547,0.16,73.2,167.25454536896842
17,2012-06-15,0,56.67,3.756,130.8295333,6.235,0.16,73.2,151.26728806296578
9,2012-06-15,0,82.21,3.393,225.5070634,5.539,0.16,73.2,130.3251645236486
11,2012-06-15,0,84.97,3.393,225.2644795,6.664,0.16,73.2,168.36010884478233
24,2012-06-15,0,68.28,3.786,138.1295333,8.983,0.16,73.2,166.5763229889402
11,2012-06-22,0,83.26,3.346,225.3068615,6.664,0.16,73.2,166.27883513898487
22,2012-06-22,0,70.61,3.629,142.1606464,7.671,0.16,73.2,157.40000740760553
23,2012-06-22,0,71.82,3.629,138.1629,4.125,0.16,73.2,171.7015846118201
12,2012-06-22,0,91.61,4.014,130.7929,11.627,0.16,73.2,152.01320519129433
17,2012-06-22,0,62.9,3.737,130.7929,6.235,0.16,73.2,152.0056421033429
6,2012-06-22,0,81.2,3.346,223.4093906,5.964,0.16,73.2,174.64343235839186
15,2012-06-22,0,74.28,3.722,138.1629,8.15,0.16,73.2,137.65762104826956
34,2012-06-22,0,78.85,3.329,130.7929,9.575,0.16,73.2,152.82110910108838
8,2012-06-22,0,78.85,3.346,225.3558843,5.679,0.16,73.2,148.37326873052396
19,2012-06-22,0,75.83,3.722,138.1629,8.15,0.16,73.2,170.00081051005142
30,2012-06-22,0,81.78,3.346,221.4411622,6.891,0.16,73.2,120.66573033170381
45,2012-06-22,0,74.22,3.564,191.0646096,8.567,0.16,73.2,144.7311165641111
26,2012-06-22,0,63.04,3.629,138.1629,7.489,0.16,73.2,155.15142525238676
44,2012-06-22,0,72.89,3.737,130.7929,5.621,0.16,73.2,112.74416472277083
33,2012-06-22,0,95.75,4.014,130.7929,7.396,0.16,73.2,105.08589801877196
7,2012-06-22,0,63.69,3.735,197.7389345,8.09,0.16,73.2,137.6720801510031
18,2012-06-22,0,70.92,3.629,138.1629,8.304,0.16,73.2,156.12566595929283
20,2012-06-22,0,76.51,3.564,214.606,7.139,0.16,73.2,186.7270149621606
32,2012-06-22,0,74.85,3.735,197.7389345,8.09,0.16,73.2,160.62936403743117
28,2012-06-22,0,91.61,4.014,130.7929,11.627,0.16,73.2,160.02258791366089
31,2012-06-22,0,81.78,3.346,221.4411622,6.891,0.16,73.2,167.57136295130786
21,2012-06-22,0,81.78,3.346,221.4411622,6.891,0.16,73.2,140.31293358735172
42,2012-06-22,0,89.92,4.014,130.7929,7.382,0.16,73.2,128.7167602046235
24,2012-06-22,0,72.29,3.722,138.1629,8.983,0.16,73.2,168.91197274028923
13,2012-06-22,0,72.89,3.737,130.7929,5.965,0.16,73.2,187.56907938568614
29,2012-06-22,0,70.61,3.629,138.1629,9.14,0.16,73.2,131.42383934613406
10,2012-06-22,0,89.92,4.014,130.7929,7.382,0.16,73.2,178.62098530303993
41,2012-06-22,0,66.88,3.735,197.7389345,6.547,0.16,73.2,167.31557016650862
27,2012-06-22,0,73.23,3.722,142.1606464,8.253,0.16,73.2,180.90847596475103
25,2012-06-22,0,73.52,3.564,214.606,7.139,0.16,73.2,139.54994545030573
4,2012-06-22,0,81.63,3.329,130.7929,4.308,0.16,73.2,190.07495670077392
39,2012-06-22,0,79.84,3.346,220.4886472,6.989,0.16,73.2,172.02203296633613
43,2012-06-22,0,87.51,3.346,213.2123786,9.575,0.16,73.2,133.36544978157906
3,2012-06-22,0,82.7,3.346,225.3068615,6.664,0.16,73.2,119.94712929482536
38,2012-06-22,0,91.61,4.014,130.7929,11.627,0.16,73.2,118.84980788857715
40,2012-06-22,0,69.32,3.629,138.1629,4.125,0.16,73.2,154.21661744962597
2,2012-06-22,0,81.04,3.346,221.4411622,6.891,0.16,73.2,182.2537411755945
37,2012-06-22,0,80.4,3.346,220.4886472,6.989,0.16,73.2,124.84171041275239
35,2012-06-22,0,73.23,3.564,142.1606464,8.876,0.16,73.2,148.93225590949433
5,2012-06-22,0,80.57,3.346,222.3900046,5.801,0.16,73.2,111.67892359424836
1,2012-06-22,0,78.39,3.346,221.8030211,7.143,0.16,73.2,171.88277809881166
14,2012-06-22,0,74.22,3.564,191.0646096,8.567,0.16,73.2,175.88626720207114
16,2012-06-22,0,70.41,3.735,197.7389345,6.169,0.16,73.2,131.41698520922387
9,2012-06-22,0,81.05,3.346,225.5495841,5.539,0.16,73.2,130.16823001057932
36,2012-06-22,0,80.4,3.358,220.4886472,6.989,0.16,73.2,109.84599719776118
18,2012-06-29,0,70.17,3.577,138.1962667,8.304,0.16,73.2,156.79016157236896
2,2012-06-29,0,86.32,3.286,221.4813343,6.891,0.16,73.2,182.07479081487702
27,2012-06-29,0,73.94,3.667,142.1920381,8.253,0.16,73.2,181.03564090415819
43,2012-06-29,0,89.85,3.286,213.2460619,9.575,0.16,73.2,132.1291742069398
19,2012-06-29,0,69.92,3.667,138.1962667,8.15,0.16,73.2,167.0891169534022
26,2012-06-29,0,60.71,3.577,138.1962667,7.489,0.16,73.2,154.94327953156662
24,2012-06-29,0,70.4,3.667,138.1962667,8.983,0.16,73.2,168.7210701285244
25,2012-06-29,0,69.84,3.506,214.6466757,7.139,0.16,73.2,139.40372927161886
20,2012-06-29,0,74.15,3.506,214.6466757,7.139,0.16,73.2,186.61067869857962
21,2012-06-29,0,88.05,3.286,221.4813343,6.891,0.16,73.2,139.26586535243126
41,2012-06-29,0,76.54,3.693,197.785577,6.547,0.16,73.2,166.27610380419858
4,2012-06-29,0,84.23,3.257,130.7562667,4.308,0.16,73.2,188.40633877469773
23,2012-06-29,0,64.23,3.577,138.1962667,4.125,0.16,73.2,169.46685115258285
44,2012-06-29,0,82.0,3.681,130.7562667,5.621,0.16,73.2,112.94523699783525
1,2012-06-29,0,84.88,3.286,221.8434,7.143,0.16,73.2,172.27371211592023
22,2012-06-29,0,70.99,3.577,142.1920381,7.671,0.16,73.2,155.0533746204625
5,2012-06-29,0,87.08,3.286,222.4307191,5.801,0.16,73.2,112.12121242929858
40,2012-06-29,0,64.42,3.577,138.1962667,4.125,0.16,73.2,152.32996914045623
3,2012-06-29,0,86.42,3.286,225.3492435,6.664,0.16,73.2,120.22357126526472
42,2012-06-29,0,91.36,3.875,130.7562667,7.382,0.16,73.2,126.49672794849054
45,2012-06-29,0,75.22,3.506,191.0992462,8.567,0.16,73.2,142.26798972607213
28,2012-06-29,0,90.47,3.875,130.7562667,11.627,0.16,73.2,158.04802919214885
17,2012-06-29,0,71.14,3.681,130.7562667,6.235,0.16,73.2,152.05348328040535
31,2012-06-29,0,88.05,3.286,221.4813343,6.891,0.16,73.2,166.0580824952526
14,2012-06-29,0,75.22,3.506,191.0992462,8.567,0.16,73.2,173.84820459284074
30,2012-06-29,0,88.05,3.286,221.4813343,6.891,0.16,73.2,120.24161706144118
37,2012-06-29,0,86.68,3.286,220.5278796,6.989,0.16,73.2,126.55976067559747
34,2012-06-29,0,81.91,3.257,130.7562667,9.575,0.16,73.2,150.3353757696305
6,2012-06-29,0,87.35,3.286,223.4506878,5.964,0.16,73.2,175.55188331219162
38,2012-06-29,0,90.47,3.875,130.7562667,11.627,0.16,73.2,118.74288093801444
29,2012-06-29,0,70.99,3.577,138.1962667,9.14,0.16,73.2,129.7648248441865
39,2012-06-29,0,85.72,3.286,220.5278796,6.989,0.16,73.2,170.76777494510586
9,2012-06-29,0,87.18,3.286,225.5921049,5.539,0.16,73.2,129.03104256544032
32,2012-06-29,0,81.95,3.693,197.785577,8.09,0.16,73.2,159.92997667374667
36,2012-06-29,0,86.68,3.273,220.5278796,6.989,0.16,73.2,108.3227519472044
11,2012-06-29,0,87.86,3.286,225.3492435,6.664,0.16,73.2,164.2513861830634
33,2012-06-29,0,98.15,3.875,130.7562667,7.396,0.16,73.2,103.08244317280685
12,2012-06-29,0,90.47,3.875,130.7562667,11.627,0.16,73.2,150.34220528420732
10,2012-06-29,0,91.36,3.875,130.7562667,7.382,0.16,73.2,177.25888482144535
8,2012-06-29,0,84.47,3.286,225.3982943,5.679,0.16,73.2,147.39460474211228
15,2012-06-29,0,68.91,3.667,138.1962667,8.15,0.16,73.2,134.01788030273198
13,2012-06-29,0,82.0,3.681,130.7562667,5.965,0.16,73.2,186.1498699212762
35,2012-06-29,0,73.94,3.506,142.1920381,8.876,0.16,73.2,148.03666635701762
16,2012-06-29,0,77.31,3.693,197.785577,6.169,0.16,73.2,130.68171593510354
7,2012-06-29,0,68.84,3.693,197.785577,8.09,0.16,73.2,138.6117734308073
23,2012-07-06,0,70.86,3.538,138.2296333,4.156,0.16,72.3,172.4269114557183
40,2012-07-06,0,69.08,3.538,138.2296333,4.156,0.16,72.3,160.10642820136852
13,2012-07-06,0,79.23,3.63,130.7196333,5.765,0.16,72.3,189.77959465299938
38,2012-07-06,0,89.13,3.765,130.7196333,10.926,0.16,72.3,123.89970329786078
24,2012-07-06,0,77.18,3.646,138.2296333,8.953,0.16,72.3,175.4407213736046
26,2012-07-06,0,64.94,3.538,138.2296333,7.405,0.16,72.3,160.01503478223916
34,2012-07-06,0,77.95,3.187,130.7196333,9.285,0.16,72.3,153.14213014019103
5,2012-07-06,0,82.35,3.227,222.4714336,5.603,0.16,72.3,113.20894185087013
3,2012-07-06,0,83.14,3.227,225.3916254,6.334,0.16,72.3,119.27926433810892
21,2012-07-06,0,85.26,3.227,221.5215064,6.565,0.16,72.3,137.98746919204183
37,2012-07-06,0,81.52,3.227,220.567112,6.623,0.16,72.3,127.33147364682591
31,2012-07-06,0,85.26,3.227,221.5215064,6.565,0.16,72.3,169.66967437631737
30,2012-07-06,0,85.26,3.227,221.5215064,6.565,0.16,72.3,121.60092548881146
29,2012-07-06,0,77.41,3.538,138.2296333,9.419,0.16,72.3,131.23307156200357
19,2012-07-06,0,76.07,3.646,138.2296333,8.193,0.16,72.3,172.78924603892267
39,2012-07-06,0,81.05,3.227,220.567112,6.623,0.16,72.3,175.85671078707335
43,2012-07-06,0,82.68,3.227,213.2797452,9.285,0.16,72.3,135.2903142854729
10,2012-07-06,0,86.87,3.666,130.7196333,7.17,0.16,72.3,180.0339889830854
1,2012-07-06,0,81.57,3.227,221.8837789,6.908,0.16,72.3,179.02893572966644
35,2012-07-06,0,82.08,3.475,142.2234298,8.839,0.16,72.3,152.18914849220602
11,2012-07-06,0,83.44,3.227,225.3916254,6.334,0.16,72.3,169.76865363497015
45,2012-07-06,0,82.99,3.475,191.1338827,8.684,0.16,72.3,145.73978463316774
15,2012-07-06,0,74.64,3.646,138.2296333,8.193,0.16,72.3,137.14942231032688
33,2012-07-06,0,93.21,3.666,130.7196333,7.147,0.16,72.3,106.41996752682182
25,2012-07-06,0,75.52,3.475,214.6873514,7.28,0.16,72.3,141.2349791951747
27,2012-07-06,0,82.08,3.646,142.2234298,8.239,0.16,72.3,186.76802844285473
12,2012-07-06,0,89.13,3.765,130.7196333,10.926,0.16,72.3,153.43823464122693
22,2012-07-06,0,77.41,3.538,142.2234298,7.753,0.16,72.3,156.82110700989267
14,2012-07-06,0,82.99,3.475,191.1338827,8.684,0.16,72.3,181.56603324530622
9,2012-07-06,0,84.15,3.227,225.6346256,5.277,0.16,72.3,131.23041206472777
44,2012-07-06,0,79.23,3.63,130.7196333,5.407,0.16,72.3,114.78344465001237
42,2012-07-06,0,86.87,3.666,130.7196333,7.17,0.16,72.3,133.69372667992076
36,2012-07-06,0,81.52,3.232,220.567112,6.623,0.16,72.3,109.86287153709145
20,2012-07-06,0,79.2,3.475,214.6873514,7.28,0.16,72.3,193.82287482372553
17,2012-07-06,0,68.91,3.63,130.7196333,5.936,0.16,72.3,154.76251951491483
6,2012-07-06,0,82.95,3.227,223.4919851,5.668,0.16,72.3,181.94909475152022
16,2012-07-06,0,70.49,3.646,197.8322195,6.061,0.16,72.3,135.0646594700876
7,2012-07-06,0,64.67,3.646,197.8322195,7.872,0.16,72.3,143.8961586012804
41,2012-07-06,0,74.47,3.646,197.8322195,6.432,0.16,72.3,169.61291914370193
18,2012-07-06,0,76.08,3.538,138.2296333,8.535,0.16,72.3,159.1730353769539
8,2012-07-06,0,81.24,3.227,225.4407043,5.401,0.16,72.3,150.0347685468761
2,2012-07-06,0,84.2,3.227,221.5215064,6.565,0.16,72.3,186.24696527071936
4,2012-07-06,0,80.37,3.187,130.7196333,4.077,0.16,72.3,190.72283496974427
28,2012-07-06,0,89.13,3.765,130.7196333,10.926,0.16,72.3,171.03601360975046
32,2012-07-06,0,78.68,3.646,197.8322195,7.872,0.16,72.3,161.27057080300983
22,2012-07-13,0,75.81,3.561,142.2548214,7.753,0.16,72.3,151.58004344793534
16,2012-07-13,0,70.29,3.613,197.8788621,6.061,0.16,72.3,130.60766418667484
10,2012-07-13,0,89.8,3.723,130.683,7.17,0.16,72.3,178.90887685420097
39,2012-07-13,0,78.16,3.256,220.6063444,6.623,0.16,72.3,170.09418492767963
27,2012-07-13,0,78.95,3.689,142.2548214,8.239,0.16,72.3,178.6366334421051
24,2012-07-13,0,75.36,3.689,138.263,8.953,0.16,72.3,167.95055903224056
29,2012-07-13,0,75.81,3.561,138.263,9.419,0.16,72.3,127.00268619229031
30,2012-07-13,0,82.51,3.256,221.5616784,6.565,0.16,72.3,119.7983431256503
13,2012-07-13,0,83.68,3.595,130.683,5.765,0.16,72.3,185.26177063339946
41,2012-07-13,0,67.24,3.613,197.8788621,6.432,0.16,72.3,165.48857534498208
33,2012-07-13,0,97.6,3.723,130.683,7.147,0.16,72.3,107.85131160882705
14,2012-07-13,0,79.97,3.523,191.1685192,8.684,0.16,72.3,172.39759716247107
21,2012-07-13,0,82.51,3.256,221.5616784,6.565,0.16,72.3,136.5889021469982
11,2012-07-13,0,82.46,3.256,225.4340074,6.334,0.16,72.3,165.06156427744472
9,2012-07-13,0,82.39,3.256,225.6771463,5.277,0.16,72.3,128.48379813070343
20,2012-07-13,0,78.27,3.523,214.728027,7.28,0.16,72.3,188.56087221662105
23,2012-07-13,0,69.19,3.561,138.263,4.156,0.16,72.3,167.26583476877565
4,2012-07-13,0,76.86,3.224,130.683,4.077,0.16,72.3,187.71461401030896
18,2012-07-13,0,75.09,3.561,138.263,8.535,0.16,72.3,153.85205693978682
38,2012-07-13,0,95.61,3.723,130.683,10.926,0.16,72.3,119.6695145028005
12,2012-07-13,0,95.61,3.723,130.683,10.926,0.16,72.3,151.09885630875144
25,2012-07-13,0,73.87,3.523,214.728027,7.28,0.16,72.3,139.14403466081637
7,2012-07-13,0,64.21,3.613,197.8788621,7.872,0.16,72.3,138.0505161403114
31,2012-07-13,0,82.51,3.256,221.5616784,6.565,0.16,72.3,166.90913376857947
2,2012-07-13,0,80.17,3.256,221.5616784,6.565,0.16,72.3,180.6953145840549
34,2012-07-13,0,74.02,3.224,130.683,9.285,0.16,72.3,150.85188735287633
17,2012-07-13,0,72.94,3.595,130.683,5.936,0.16,72.3,151.1178026396004
15,2012-07-13,0,72.62,3.689,138.263,8.193,0.16,72.3,132.01767525117924
26,2012-07-13,0,64.47,3.561,138.263,7.405,0.16,72.3,155.43094180765559
40,2012-07-13,0,67.48,3.561,138.263,4.156,0.16,72.3,151.9469800378428
3,2012-07-13,0,82.28,3.256,225.4340074,6.334,0.16,72.3,119.73996313291481
36,2012-07-13,0,78.15,3.245,220.6063444,6.623,0.16,72.3,109.0264106967854
37,2012-07-13,0,78.15,3.256,220.6063444,6.623,0.16,72.3,126.39928779960601
8,2012-07-13,0,78.46,3.256,225.4831143,5.401,0.16,72.3,147.9606886491212
28,2012-07-13,0,95.61,3.723,130.683,10.926,0.16,72.3,159.99411967064142
44,2012-07-13,0,83.68,3.595,130.683,5.407,0.16,72.3,112.76656604085397
6,2012-07-13,0,80.27,3.256,223.5332824,5.668,0.16,72.3,173.73636260473978
45,2012-07-13,0,79.97,3.523,191.1685192,8.684,0.16,72.3,141.04840622711623
5,2012-07-13,0,80.78,3.256,222.5121481,5.603,0.16,72.3,110.8192363272568
42,2012-07-13,0,89.8,3.723,130.683,7.17,0.16,72.3,134.25677091866336
35,2012-07-13,0,78.95,3.523,142.2548214,8.839,0.16,72.3,144.88727965409038
43,2012-07-13,0,78.82,3.256,213.3134286,9.285,0.16,72.3,134.22905176740943
32,2012-07-13,0,71.57,3.613,197.8788621,7.872,0.16,72.3,158.5185441743586
19,2012-07-13,0,73.17,3.689,138.263,8.193,0.16,72.3,165.11362747526354
1,2012-07-13,0,77.12,3.256,221.9241579,6.908,0.16,72.3,171.85683872057456
4,2012-07-20,0,79.14,3.263,130.7012903,4.077,0.16,72.3,189.5530056815425
42,2012-07-20,0,84.45,3.589,130.7012903,7.17,0.16,72.3,128.0663389408417
24,2012-07-20,0,76.42,3.732,138.2331935,8.953,0.16,72.3,167.57913695757736
17,2012-07-20,0,70.59,3.556,130.7012903,5.936,0.16,72.3,150.41191012846966
32,2012-07-20,0,77.76,3.585,197.9290378,7.872,0.16,72.3,159.53750814557085
20,2012-07-20,0,76.04,3.567,214.7331351,7.28,0.16,72.3,184.42275804328216
9,2012-07-20,0,83.39,3.311,225.6871121,5.277,0.16,72.3,126.95318253921201
8,2012-07-20,0,79.94,3.311,225.4930078,5.401,0.16,72.3,147.88421343599788
16,2012-07-20,0,68.43,3.585,197.9290378,6.061,0.16,72.3,130.36967454038643
36,2012-07-20,0,81.76,3.301,220.6148749,6.623,0.16,72.3,109.53101162558312
14,2012-07-20,0,78.89,3.567,191.1670428,8.684,0.16,72.3,172.6701218254506
41,2012-07-20,0,74.06,3.585,197.9290378,6.432,0.16,72.3,165.98887299612704
35,2012-07-20,0,78.64,3.567,142.2337569,8.839,0.16,72.3,145.6369854707893
45,2012-07-20,0,78.89,3.567,191.1670428,8.684,0.16,72.3,140.4054342263827
25,2012-07-20,0,74.32,3.567,214.7331351,7.28,0.16,72.3,137.5789148364719
28,2012-07-20,0,85.53,3.726,130.7012903,10.926,0.16,72.3,158.83560709473903
12,2012-07-20,0,85.53,3.726,130.7012903,10.926,0.16,72.3,150.2723961019478
44,2012-07-20,0,75.69,3.556,130.7012903,5.407,0.16,72.3,112.89218641024549
27,2012-07-20,0,78.64,3.732,142.2337569,8.239,0.16,72.3,177.929290774789
3,2012-07-20,0,81.38,3.311,225.4438827,6.334,0.16,72.3,120.96943996804396
11,2012-07-20,0,82.41,3.311,225.4438827,6.334,0.16,72.3,165.89680548869362
18,2012-07-20,0,77.43,3.61,138.2331935,8.535,0.16,72.3,154.21626012115274
6,2012-07-20,0,81.57,3.311,223.5424501,5.668,0.16,72.3,173.31732076608765
33,2012-07-20,0,91.49,3.589,130.7012903,7.147,0.16,72.3,104.12019757439191
13,2012-07-20,0,75.69,3.556,130.7012903,5.765,0.16,72.3,186.53873272593543
5,2012-07-20,0,81.05,3.311,222.5209358,5.603,0.16,72.3,111.30785537248086
1,2012-07-20,0,80.42,3.311,221.9327267,6.908,0.16,72.3,170.9440689382132
39,2012-07-20,0,80.32,3.311,220.6148749,6.623,0.16,72.3,173.5550274782253
10,2012-07-20,0,84.45,3.589,130.7012903,7.17,0.16,72.3,181.77728509486283
43,2012-07-20,0,83.83,3.311,213.3219124,9.285,0.16,72.3,132.3415801764008
19,2012-07-20,0,76.17,3.732,138.2331935,8.193,0.16,72.3,164.97249018258393
29,2012-07-20,0,76.57,3.61,138.2331935,9.419,0.16,72.3,126.44808393253241
30,2012-07-20,0,84.25,3.311,221.5701123,6.565,0.16,72.3,120.5819168056999
22,2012-07-20,0,76.57,3.61,142.2337569,7.753,0.16,72.3,152.46700376298625
37,2012-07-20,0,81.76,3.311,220.6148749,6.623,0.16,72.3,126.24132098494043
21,2012-07-20,0,84.25,3.311,221.5701123,6.565,0.16,72.3,137.8867938675216
31,2012-07-20,0,84.25,3.311,221.5701123,6.565,0.16,72.3,167.5156546259852
7,2012-07-20,0,62.87,3.585,197.9290378,7.872,0.16,72.3,137.6163052193
2,2012-07-20,0,83.23,3.311,221.5701123,6.565,0.16,72.3,180.4101814551189
26,2012-07-20,0,66.75,3.61,138.2331935,7.405,0.16,72.3,154.8791842017305
40,2012-07-20,0,70.45,3.61,138.2331935,4.156,0.16,72.3,151.45591305600448
34,2012-07-20,0,77.7,3.263,130.7012903,9.285,0.16,72.3,150.68702536801467
38,2012-07-20,0,85.53,3.726,130.7012903,10.926,0.16,72.3,121.68806281437534
23,2012-07-20,0,71.13,3.61,138.2331935,4.156,0.16,72.3,167.1457370712745
15,2012-07-20,0,75.31,3.732,138.2331935,8.193,0.16,72.3,132.08200113229537
42,2012-07-27,0,83.98,3.769,130.7195806,7.17,0.16,72.3,127.11570868392303
33,2012-07-27,0,93.95,3.769,130.7195806,7.147,0.16,72.3,103.64705439050428
4,2012-07-27,0,81.06,3.356,130.7195806,4.077,0.16,72.3,186.42612583057547
14,2012-07-27,0,77.2,3.647,191.1655664,8.684,0.16,72.3,170.35814221164807
35,2012-07-27,0,76.01,3.647,142.2126924,8.839,0.16,72.3,144.0147015219639
38,2012-07-27,0,93.47,3.769,130.7195806,10.926,0.16,72.3,118.95191933784925
10,2012-07-27,0,83.98,3.769,130.7195806,7.17,0.16,72.3,180.3535324799842
37,2012-07-27,0,84.0,3.407,220.6234054,6.623,0.16,72.3,126.98748664553734
26,2012-07-27,0,64.12,3.701,138.2033871,7.405,0.16,72.3,154.14166192692974
30,2012-07-27,0,88.09,3.407,221.5785461,6.565,0.16,72.3,120.3518326742611
12,2012-07-27,0,93.47,3.769,130.7195806,10.926,0.16,72.3,149.17120995113936
44,2012-07-27,0,80.42,3.537,130.7195806,5.407,0.16,72.3,111.17653030750218
8,2012-07-27,0,81.71,3.407,225.5029014,5.401,0.16,72.3,145.49244158122826
31,2012-07-27,0,88.09,3.407,221.5785461,6.565,0.16,72.3,164.48645901086385
3,2012-07-27,0,84.94,3.407,225.4537579,6.334,0.16,72.3,117.47701815665171
41,2012-07-27,0,73.31,3.57,197.9792136,6.432,0.16,72.3,165.90502414768608
24,2012-07-27,0,73.62,3.82,138.2033871,8.953,0.16,72.3,164.61256947061906
20,2012-07-27,0,74.6,3.647,214.7382432,7.28,0.16,72.3,182.8876051272164
15,2012-07-27,0,73.9,3.82,138.2033871,8.193,0.16,72.3,130.74744208004174
19,2012-07-27,0,74.43,3.82,138.2033871,8.193,0.16,72.3,162.53773976189507
1,2012-07-27,0,82.66,3.407,221.9412954,6.908,0.16,72.3,169.05589501309365
17,2012-07-27,0,74.2,3.537,130.7195806,5.936,0.16,72.3,148.74104011153688
7,2012-07-27,0,64.6,3.57,197.9792136,7.872,0.16,72.3,137.61740622649796
40,2012-07-27,0,67.88,3.701,138.2033871,4.156,0.16,72.3,150.83954839383833
5,2012-07-27,0,85.06,3.407,222.5297234,5.603,0.16,72.3,109.88783397047916
11,2012-07-27,0,85.43,3.407,225.4537579,6.334,0.16,72.3,163.37991003455284
22,2012-07-27,0,73.52,3.701,142.2126924,7.753,0.16,72.3,149.5662075892104
25,2012-07-27,0,72.98,3.647,214.7382432,7.28,0.16,72.3,136.07235471176347
34,2012-07-27,0,77.3,3.356,130.7195806,9.285,0.16,72.3,149.21262037360586
2,2012-07-27,0,86.37,3.407,221.5785461,6.565,0.16,72.3,178.69392469328878
13,2012-07-27,0,80.42,3.537,130.7195806,5.765,0.16,72.3,182.96360724422422
6,2012-07-27,0,85.78,3.407,223.5516178,5.668,0.16,72.3,171.42543990131247
9,2012-07-27,0,86.41,3.407,225.6970779,5.277,0.16,72.3,125.69280358106626
39,2012-07-27,0,82.89,3.407,220.6234054,6.623,0.16,72.3,170.62198182901406
43,2012-07-27,0,82.01,3.407,213.3303963,9.285,0.16,72.3,130.82762981894024
27,2012-07-27,0,76.01,3.82,142.2126924,8.239,0.16,72.3,174.8706274769383
29,2012-07-27,0,73.52,3.701,138.2033871,9.419,0.16,72.3,124.19800088014176
28,2012-07-27,0,93.47,3.769,130.7195806,10.926,0.16,72.3,158.280910216501
16,2012-07-27,0,69.0,3.57,197.9792136,6.061,0.16,72.3,128.67060940632737
45,2012-07-27,0,77.2,3.647,191.1655664,8.684,0.16,72.3,139.01240798510887
23,2012-07-27,0,69.31,3.701,138.2033871,4.156,0.16,72.3,165.15488471657923
36,2012-07-27,0,84.0,3.392,220.6234054,6.623,0.16,72.3,107.0646998893387
32,2012-07-27,0,77.56,3.57,197.9792136,7.872,0.16,72.3,158.6617203630029
18,2012-07-27,0,72.97,3.701,138.2033871,8.535,0.16,72.3,149.51115830185262
21,2012-07-27,0,88.09,3.407,221.5785461,6.565,0.16,72.3,137.1361417379848
10,2012-08-03,0,84.76,3.595,130.737871,7.17,0.13,74.3,183.6220826566788
11,2012-08-03,0,86.94,3.417,225.4636332,6.334,0.13,74.3,167.74696050006833
1,2012-08-03,0,86.11,3.417,221.9498642,6.908,0.13,74.3,175.02694576295676
23,2012-08-03,0,71.51,3.698,138.1735806,4.156,0.13,74.3,168.3288529728911
29,2012-08-03,0,72.99,3.698,138.1735806,9.419,0.13,74.3,126.31196464750776
30,2012-08-03,0,91.57,3.417,221.5869799,6.565,0.13,74.3,120.3958352345704
39,2012-08-03,0,84.05,3.417,220.6319358,6.623,0.13,74.3,174.34391983834615
5,2012-08-03,0,86.91,3.417,222.5385111,5.603,0.13,74.3,111.59732550120626
7,2012-08-03,0,61.83,3.528,198.0293893,7.872,0.13,74.3,137.31430003363403
40,2012-08-03,0,70.15,3.698,138.1735806,4.156,0.13,74.3,155.64161204148743
19,2012-08-03,0,73.41,3.819,138.1735806,8.193,0.13,74.3,165.81598452814032
42,2012-08-03,0,84.76,3.595,130.737871,7.17,0.13,74.3,130.86823907723976
32,2012-08-03,0,75.09,3.528,198.0293893,7.872,0.13,74.3,160.13158738370822
35,2012-08-03,0,75.22,3.654,142.1916279,8.839,0.13,74.3,146.8278554821347
45,2012-08-03,0,76.58,3.654,191.16409,8.684,0.13,74.3,139.77179153134807
28,2012-08-03,0,88.16,3.76,130.737871,10.926,0.13,74.3,166.98382025514306
44,2012-08-03,0,81.99,3.512,130.737871,5.407,0.13,74.3,113.3176507759918
3,2012-08-03,0,86.55,3.417,225.4636332,6.334,0.13,74.3,119.98648300130085
8,2012-08-03,0,85.06,3.417,225.5127949,5.401,0.13,74.3,148.26431577705455
43,2012-08-03,0,85.06,3.417,213.3388802,9.285,0.13,74.3,133.43259975068054
17,2012-08-03,0,72.94,3.512,130.737871,5.936,0.13,74.3,147.37196876257545
34,2012-08-03,0,78.93,3.374,130.737871,9.285,0.13,74.3,151.66191426061232
15,2012-08-03,0,73.13,3.819,138.1735806,8.193,0.13,74.3,131.98055785094516
2,2012-08-03,0,90.22,3.417,221.5869799,6.565,0.13,74.3,183.79650837601108
21,2012-08-03,0,91.57,3.417,221.5869799,6.565,0.13,74.3,138.03028812358914
26,2012-08-03,0,65.6,3.698,138.1735806,7.405,0.13,74.3,156.54789826520843
37,2012-08-03,0,85.56,3.417,220.6319358,6.623,0.13,74.3,127.4995872619566
13,2012-08-03,0,81.99,3.512,130.737871,5.765,0.13,74.3,186.3135980331042
31,2012-08-03,0,91.57,3.417,221.5869799,6.565,0.13,74.3,167.4415296204868
6,2012-08-03,0,87.55,3.417,223.5607856,5.668,0.13,74.3,174.91207030572525
38,2012-08-03,0,88.16,3.76,130.737871,10.926,0.13,74.3,123.76908302822939
36,2012-08-03,0,85.56,3.404,220.6319358,6.623,0.13,74.3,109.7028918222838
41,2012-08-03,0,73.16,3.528,198.0293893,6.432,0.13,74.3,169.07164466463976
16,2012-08-03,0,68.59,3.528,198.0293893,6.061,0.13,74.3,131.55887969914363
14,2012-08-03,0,76.58,3.654,191.16409,8.684,0.13,74.3,175.78810290371985
20,2012-08-03,0,74.73,3.654,214.7433514,7.28,0.13,74.3,187.57261532777054
33,2012-08-03,0,92.13,3.595,130.737871,7.147,0.13,74.3,104.73095654908344
27,2012-08-03,0,75.22,3.819,142.1916279,8.239,0.13,74.3,177.2108186405717
12,2012-08-03,0,88.16,3.76,130.737871,10.926,0.13,74.3,151.026846392543
25,2012-08-03,0,72.08,3.654,214.7433514,7.28,0.13,74.3,138.9063761889002
4,2012-08-03,0,83.86,3.374,130.737871,4.077,0.13,74.3,189.5277063409509
9,2012-08-03,0,90.23,3.417,225.7070437,5.277,0.13,74.3,128.306346986082
18,2012-08-03,0,72.67,3.698,138.1735806,8.535,0.13,74.3,154.97914246021745
22,2012-08-03,0,72.99,3.698,142.1916279,7.753,0.13,74.3,153.1163763392193
24,2012-08-03,0,73.26,3.819,138.1735806,8.953,0.13,74.3,169.09660682048772
34,2012-08-10,0,78.26,3.476,130.7561613,9.285,0.13,74.3,153.00077025484663
16,2012-08-10,0,70.24,3.509,198.0795651,6.061,0.13,74.3,129.63979375192247
24,2012-08-10,0,75.53,3.863,138.1437742,8.953,0.13,74.3,170.9155957451916
15,2012-08-10,0,73.99,3.863,138.1437742,8.193,0.13,74.3,131.9627338274649
44,2012-08-10,0,81.69,3.509,130.7561613,5.407,0.13,74.3,112.4948282933283
43,2012-08-10,0,86.36,3.494,213.3473641,9.285,0.13,74.3,135.16986643526837
20,2012-08-10,0,75.4,3.722,214.7484595,7.28,0.13,74.3,188.79422798358286
26,2012-08-10,0,67.01,3.772,138.1437742,7.405,0.13,74.3,157.7536409271141
19,2012-08-10,0,74.45,3.863,138.1437742,8.193,0.13,74.3,168.0641814317117
22,2012-08-10,0,76.74,3.772,142.1705634,7.753,0.13,74.3,151.68626551611993
31,2012-08-10,0,89.57,3.494,221.5954138,6.565,0.13,74.3,167.31775951403895
17,2012-08-10,0,73.29,3.509,130.7561613,5.936,0.13,74.3,146.01375563605117
1,2012-08-10,0,85.05,3.494,221.9584329,6.908,0.13,74.3,173.8656009909362
8,2012-08-10,0,83.74,3.494,225.5226885,5.401,0.13,74.3,149.79100665510444
41,2012-08-10,0,71.73,3.509,198.0795651,6.432,0.13,74.3,171.15222586271312
13,2012-08-10,0,81.69,3.509,130.7561613,5.765,0.13,74.3,186.2346584312488
12,2012-08-10,0,95.91,3.811,130.7561613,10.926,0.13,74.3,152.1552451684029
40,2012-08-10,0,70.09,3.772,138.1437742,4.156,0.13,74.3,153.14376615852285
6,2012-08-10,0,87.04,3.494,223.5699533,5.668,0.13,74.3,173.74359082479057
2,2012-08-10,0,88.55,3.494,221.5954138,6.565,0.13,74.3,181.6898485274188
37,2012-08-10,0,84.41,3.494,220.6404663,6.623,0.13,74.3,126.04637840842969
27,2012-08-10,0,78.44,3.863,142.1705634,8.239,0.13,74.3,177.63323266542793
21,2012-08-10,0,89.57,3.494,221.5954138,6.565,0.13,74.3,138.38855767621084
9,2012-08-10,0,88.66,3.494,225.7170094,5.277,0.13,74.3,128.6290152477924
38,2012-08-10,0,95.91,3.811,130.7561613,10.926,0.13,74.3,121.30186570201028
42,2012-08-10,0,90.78,3.811,130.7561613,7.17,0.13,74.3,131.0929734073362
7,2012-08-10,0,63.41,3.509,198.0795651,7.872,0.13,74.3,137.03102086285037
32,2012-08-10,0,75.93,3.509,198.0795651,7.872,0.13,74.3,161.7583604506591
23,2012-08-10,0,71.12,3.772,138.1437742,4.156,0.13,74.3,168.96424787581867
18,2012-08-10,0,75.7,3.772,138.1437742,8.535,0.13,74.3,151.40380611656263
29,2012-08-10,0,76.74,3.772,138.1437742,9.419,0.13,74.3,127.27191004547338
4,2012-08-10,0,83.21,3.476,130.7561613,4.077,0.13,74.3,189.98081717407266
30,2012-08-10,0,89.57,3.494,221.5954138,6.565,0.13,74.3,120.84831378318873
11,2012-08-10,0,86.21,3.494,225.4735085,6.334,0.13,74.3,167.4014036666478
3,2012-08-10,0,85.85,3.494,225.4735085,6.334,0.13,74.3,117.67780230917958
39,2012-08-10,0,83.47,3.494,220.6404663,6.623,0.13,74.3,175.34523054554114
10,2012-08-10,0,90.78,3.811,130.7561613,7.17,0.13,74.3,182.05846578419445
14,2012-08-10,0,78.65,3.722,191.1626135,8.684,0.13,74.3,175.54322805008016
28,2012-08-10,0,95.91,3.811,130.7561613,10.926,0.13,74.3,163.26288908567327
36,2012-08-10,0,84.41,3.49,220.6404663,6.623,0.13,74.3,109.08890526339242
25,2012-08-10,0,71.93,3.722,214.7484595,7.28,0.13,74.3,138.9484645001578
5,2012-08-10,0,86.96,3.494,222.5472987,5.603,0.13,74.3,109.88103799703875
45,2012-08-10,0,78.65,3.722,191.1626135,8.684,0.13,74.3,140.162318832445
33,2012-08-10,0,100.07,3.811,130.7561613,7.147,0.13,74.3,108.96651055784221
35,2012-08-10,0,78.44,3.722,142.1705634,8.839,0.13,74.3,147.86268150134367
42,2012-08-17,0,88.83,4.002,130.7909677,7.17,0.13,74.3,131.05347633199167
28,2012-08-17,0,94.87,4.002,130.7909677,10.926,0.13,74.3,160.15513210682334
44,2012-08-17,0,79.4,3.545,130.7909677,5.407,0.13,74.3,111.90443182837582
27,2012-08-17,0,76.51,3.963,142.2157385,8.239,0.13,74.3,178.05517747000977
25,2012-08-17,0,66.99,3.807,214.825578,7.28,0.13,74.3,139.91845494691663
24,2012-08-17,0,72.87,3.963,138.1857097,8.953,0.13,74.3,167.70138655167045
6,2012-08-17,0,87.53,3.571,223.6510224,5.668,0.13,74.3,172.35511440672278
12,2012-08-17,0,94.87,4.002,130.7909677,10.926,0.13,74.3,153.0210617732195
45,2012-08-17,0,75.71,3.807,191.2284919,8.684,0.13,74.3,139.59812886525356
16,2012-08-17,0,62.07,3.545,198.1001057,6.061,0.13,74.3,127.49531262817985
3,2012-08-17,0,87.36,3.571,225.5558664,6.334,0.13,74.3,117.9381989585126
17,2012-08-17,0,70.98,3.545,130.7909677,5.936,0.13,74.3,145.81506964585446
8,2012-08-17,0,81.21,3.571,225.6050797,5.401,0.13,74.3,148.24300776140547
7,2012-08-17,0,59.66,3.545,198.1001057,7.872,0.13,74.3,135.10493738339028
10,2012-08-17,0,88.83,4.002,130.7909677,7.17,0.13,74.3,180.63302007658683
35,2012-08-17,0,76.51,3.807,142.2157385,8.839,0.13,74.3,147.8446576299378
41,2012-08-17,0,65.77,3.545,198.1001057,6.432,0.13,74.3,172.8958546775014
14,2012-08-17,0,75.71,3.807,191.2284919,8.684,0.13,74.3,175.89226618528158
39,2012-08-17,0,84.72,3.571,220.7199609,6.623,0.13,74.3,177.6242147929087
4,2012-08-17,0,81.41,3.552,130.7909677,4.077,0.13,74.3,192.10953931807677
36,2012-08-17,0,85.89,3.571,220.7199609,6.623,0.13,74.3,110.66208910122366
33,2012-08-17,0,96.79,4.002,130.7909677,7.147,0.13,74.3,106.02591912694305
29,2012-08-17,0,74.92,3.84,138.1857097,9.419,0.13,74.3,119.73743757947761
5,2012-08-17,0,87.52,3.571,222.6276753,5.603,0.13,74.3,110.60356384469122
32,2012-08-17,0,70.75,3.545,198.1001057,7.872,0.13,74.3,162.98360416265368
34,2012-08-17,0,77.78,3.552,130.7909677,9.285,0.13,74.3,153.3929368318116
9,2012-08-17,0,86.37,3.571,225.7995323,5.277,0.13,74.3,128.39119374899676
15,2012-08-17,0,70.29,3.963,138.1857097,8.193,0.13,74.3,131.2903250731384
11,2012-08-17,0,87.73,3.571,225.5558664,6.334,0.13,74.3,168.47299637185284
22,2012-08-17,0,74.92,3.84,142.2157385,7.753,0.13,74.3,152.00834104388227
19,2012-08-17,0,69.83,3.963,138.1857097,8.193,0.13,74.3,166.9360702876017
23,2012-08-17,0,69.97,3.84,138.1857097,4.156,0.13,74.3,171.32810308698578
31,2012-08-17,0,85.55,3.571,221.6751459,6.565,0.13,74.3,168.1063004841997
20,2012-08-17,0,69.57,3.807,214.825578,7.28,0.13,74.3,186.33661977697795
1,2012-08-17,0,84.85,3.571,222.0384109,6.908,0.13,74.3,174.03051988535938
43,2012-08-17,0,85.66,3.571,213.4226959,9.285,0.13,74.3,134.9734947440356
13,2012-08-17,0,79.4,3.545,130.7909677,5.765,0.13,74.3,187.60366515802798
38,2012-08-17,0,94.87,4.002,130.7909677,10.926,0.13,74.3,119.33278080005304
21,2012-08-17,0,85.55,3.571,221.6751459,6.565,0.13,74.3,141.1607226376986
2,2012-08-17,0,84.79,3.571,221.6751459,6.565,0.13,74.3,183.32207101244936
40,2012-08-17,0,69.41,3.84,138.1857097,4.156,0.13,74.3,151.4943703130226
37,2012-08-17,0,85.89,3.571,220.7199609,6.623,0.13,74.3,126.6517166588542
26,2012-08-17,0,65.54,3.84,138.1857097,7.405,0.13,74.3,155.6394187908386
18,2012-08-17,0,73.25,3.84,138.1857097,8.535,0.13,74.3,154.81800972552088
30,2012-08-17,0,85.55,3.571,221.6751459,6.565,0.13,74.3,120.25422911360424
9,2012-08-24,0,77.9,3.62,225.9364729,5.277,0.13,74.3,130.85569189048206
21,2012-08-24,0,77.72,3.62,221.8083518,6.565,0.13,74.3,143.71498648407083
10,2012-08-24,0,82.5,4.055,130.8381613,7.17,0.13,74.3,178.8923816246657
35,2012-08-24,0,72.93,3.834,142.3105933,8.839,0.13,74.3,148.18143586075166
14,2012-08-24,0,72.62,3.834,191.3448865,8.684,0.13,74.3,174.75006286761308
36,2012-08-24,0,81.26,3.574,220.8526787,6.623,0.13,74.3,107.37538627562311
25,2012-08-24,0,64.53,3.834,214.9567044,7.28,0.13,74.3,141.39872704429584
31,2012-08-24,0,77.72,3.62,221.8083518,6.565,0.13,74.3,167.09350177902323
43,2012-08-24,0,81.65,3.62,213.5481636,9.285,0.13,74.3,132.4454514068927
20,2012-08-24,0,68.27,3.834,214.9567044,7.28,0.13,74.3,185.32805122066426
13,2012-08-24,0,77.37,3.582,130.8381613,5.765,0.13,74.3,186.69866567004428
24,2012-08-24,0,68.13,3.997,138.2814516,8.953,0.13,74.3,164.48625531021688
3,2012-08-24,0,83.01,3.62,225.6925864,6.334,0.13,74.3,119.38002158615684
2,2012-08-24,0,76.91,3.62,221.8083518,6.565,0.13,74.3,181.96060340941597
32,2012-08-24,0,70.12,3.558,198.0984199,7.872,0.13,74.3,163.39466069299442
22,2012-08-24,0,70.42,3.874,142.3105933,7.753,0.13,74.3,155.33978412071738
34,2012-08-24,0,72.44,3.61,130.8381613,9.285,0.13,74.3,149.58951545604617
40,2012-08-24,0,63.91,3.874,138.2814516,4.156,0.13,74.3,150.43933421975865
44,2012-08-24,0,77.37,3.582,130.8381613,5.407,0.13,74.3,112.90778116783717
1,2012-08-24,0,77.66,3.62,222.1719457,6.908,0.13,74.3,170.8227310331631
15,2012-08-24,0,66.98,3.997,138.2814516,8.193,0.13,74.3,132.93554848952212
18,2012-08-24,0,68.52,3.874,138.2814516,8.535,0.13,74.3,158.6978527295426
30,2012-08-24,0,77.72,3.62,221.8083518,6.565,0.13,74.3,120.40851212268691
38,2012-08-24,0,85.32,4.055,130.8381613,10.926,0.13,74.3,118.14740703161634
11,2012-08-24,0,83.17,3.62,225.6925864,6.334,0.13,74.3,168.08428337148754
4,2012-08-24,0,75.76,3.61,130.8381613,4.077,0.13,74.3,188.32986257864297
16,2012-08-24,0,61.44,3.558,198.0984199,6.061,0.13,74.3,129.4510807964232
5,2012-08-24,0,79.45,3.62,222.7617437,5.603,0.13,74.3,111.27153336313701
33,2012-08-24,0,89.62,4.055,130.8381613,7.147,0.13,74.3,103.47581381671385
39,2012-08-24,0,80.49,3.62,220.8526787,6.623,0.13,74.3,177.751295819933
29,2012-08-24,0,70.42,3.874,138.2814516,9.419,0.13,74.3,133.47177757141466
23,2012-08-24,0,64.63,3.874,138.2814516,4.156,0.13,74.3,177.10744359460503
41,2012-08-24,0,69.07,3.558,198.0984199,6.432,0.13,74.3,169.8759197285334
26,2012-08-24,0,62.08,3.874,138.2814516,7.405,0.13,74.3,153.7652028981826
8,2012-08-24,0,73.77,3.62,225.7418442,5.401,0.13,74.3,150.04225940978213
19,2012-08-24,0,66.66,3.997,138.2814516,8.193,0.13,74.3,172.4047434606788
12,2012-08-24,0,85.32,4.055,130.8381613,10.926,0.13,74.3,154.81666180028176
28,2012-08-24,0,85.32,4.055,130.8381613,10.926,0.13,74.3,160.7197960421721
7,2012-08-24,0,59.27,3.558,198.0984199,7.872,0.13,74.3,133.11188085082784
45,2012-08-24,0,72.62,3.834,191.3448865,8.684,0.13,74.3,139.36815130914067
42,2012-08-24,0,82.5,4.055,130.8381613,7.17,0.13,74.3,128.41687232152356
27,2012-08-24,0,72.93,3.997,142.3105933,8.239,0.13,74.3,179.32491257147225
37,2012-08-24,0,81.26,3.62,220.8526787,6.623,0.13,74.3,127.54769269545767
6,2012-08-24,0,79.03,3.62,223.7860175,5.668,0.13,74.3,171.04333980897246
17,2012-08-24,0,68.89,3.582,130.8381613,5.936,0.13,74.3,149.50187385122223
38,2012-08-31,0,89.78,4.093,130.8853548,10.926,0.13,74.3,120.37749074326568
10,2012-08-31,0,86.97,3.886,130.8853548,7.17,0.13,74.3,175.5938143064514
42,2012-08-31,0,86.97,3.886,130.8853548,7.17,0.13,74.3,126.31237205053658
28,2012-08-31,0,89.78,4.093,130.8853548,10.926,0.13,74.3,161.7455426104055
5,2012-08-31,0,84.25,3.638,222.8958121,5.603,0.13,74.3,113.52639053596087
14,2012-08-31,0,75.09,3.867,191.461281,8.684,0.13,74.3,174.4958587516239
4,2012-08-31,0,76.47,3.646,130.8853548,4.077,0.13,74.3,187.24146743408576
41,2012-08-31,0,71.56,3.556,198.0967341,6.432,0.13,74.3,166.44317244542262
9,2012-08-31,0,80.71,3.638,226.0734135,5.277,0.13,74.3,131.1093866402278
35,2012-08-31,0,75.0,3.867,142.4054482,8.839,0.13,74.3,149.8148616306384
33,2012-08-31,0,94.55,3.886,130.8853548,7.147,0.13,74.3,102.2184315313078
36,2012-08-31,0,84.79,3.608,220.9853964,6.623,0.13,74.3,107.38625603638698
45,2012-08-31,0,75.09,3.867,191.461281,8.684,0.13,74.3,140.22939506822448
24,2012-08-31,0,71.18,4.026,138.3771935,8.953,0.13,74.3,165.8993759878791
29,2012-08-31,0,71.93,3.884,138.3771935,9.419,0.13,74.3,129.10199901263263
12,2012-08-31,0,89.78,4.093,130.8853548,10.926,0.13,74.3,155.38193510897463
21,2012-08-31,0,83.58,3.638,221.9415576,6.565,0.13,74.3,141.77932156041052
20,2012-08-31,0,72.66,3.867,215.0878309,7.28,0.13,74.3,186.77445918878578
23,2012-08-31,0,68.34,3.884,138.3771935,4.156,0.13,74.3,173.41202773293665
39,2012-08-31,0,83.72,3.638,220.9853964,6.623,0.13,74.3,177.35778335721756
22,2012-08-31,0,71.93,3.884,142.4054482,7.753,0.13,74.3,153.74709809174735
11,2012-08-31,0,86.49,3.638,225.8293063,6.334,0.13,74.3,166.8609854889864
6,2012-08-31,0,83.58,3.638,223.9210125,5.668,0.13,74.3,173.41114524909074
26,2012-08-31,0,63.69,3.884,138.3771935,7.405,0.13,74.3,155.03758601099818
37,2012-08-31,0,84.79,3.638,220.9853964,6.623,0.13,74.3,128.60439327214988
44,2012-08-31,0,79.18,3.624,130.8853548,5.407,0.13,74.3,113.04841717774502
40,2012-08-31,0,66.11,3.884,138.3771935,4.156,0.13,74.3,152.26570646466624
2,2012-08-31,0,82.64,3.638,221.9415576,6.565,0.13,74.3,183.8220853630377
25,2012-08-31,0,68.55,3.867,215.0878309,7.28,0.13,74.3,139.1838967954939
32,2012-08-31,0,76.12,3.556,198.0967341,7.872,0.13,74.3,160.14690491493494
1,2012-08-31,0,80.49,3.638,222.3054805,6.908,0.13,74.3,173.552447733747
3,2012-08-31,0,85.18,3.638,225.8293063,6.334,0.13,74.3,119.08674416541994
8,2012-08-31,0,75.33,3.638,225.8786088,5.401,0.13,74.3,151.78682763935743
30,2012-08-31,0,83.58,3.638,221.9415576,6.565,0.13,74.3,121.49115414646288
13,2012-08-31,0,79.18,3.624,130.8853548,5.765,0.13,74.3,187.05887550902585
19,2012-08-31,0,71.85,4.026,138.3771935,8.193,0.13,74.3,172.34490915951923
16,2012-08-31,0,64.19,3.556,198.0967341,6.061,0.13,74.3,129.49596819260364
31,2012-08-31,0,83.58,3.638,221.9415576,6.565,0.13,74.3,166.88724229737804
34,2012-08-31,0,75.89,3.646,130.8853548,9.285,0.13,74.3,149.91355835202623
18,2012-08-31,0,70.09,3.884,138.3771935,8.535,0.13,74.3,157.58234631019977
17,2012-08-31,0,68.07,3.624,130.8853548,5.936,0.13,74.3,146.81407938498967
15,2012-08-31,0,71.42,4.026,138.3771935,8.193,0.13,74.3,133.17801423652287
7,2012-08-31,0,60.46,3.556,198.0967341,7.872,0.13,74.3,131.71362383147812
43,2012-08-31,0,81.12,3.638,213.6736313,9.285,0.13,74.3,132.12999183112953
27,2012-08-31,0,75.0,4.026,142.4054482,8.239,0.13,74.3,177.95837377708855
23,2012-09-07,1,66.74,3.921,138.4729355,4.156,0.14,78.3,168.66513943053658
22,2012-09-07,1,73.3,3.921,142.500303,7.753,0.14,78.3,152.6656796259773
18,2012-09-07,1,71.85,3.921,138.4729355,8.535,0.14,78.3,156.2524975565784
9,2012-09-07,1,87.93,3.73,226.2103541,5.277,0.14,78.3,130.4027847520407
42,2012-09-07,1,83.07,4.124,130.9325484,7.17,0.14,78.3,133.61554094824243
29,2012-09-07,1,73.3,3.921,138.4729355,9.419,0.14,78.3,128.76865900286322
36,2012-09-07,1,84.19,3.697,221.1181142,6.623,0.14,78.3,108.55127730090211
39,2012-09-07,1,83.71,3.73,221.1181142,6.623,0.14,78.3,174.38997854035216
5,2012-09-07,1,86.3,3.73,223.0298805,5.603,0.14,78.3,114.07722036852972
43,2012-09-07,1,84.99,3.73,213.7990991,9.285,0.14,78.3,136.34232934454758
34,2012-09-07,1,78.26,3.709,130.9325484,9.285,0.14,78.3,151.79883312069316
13,2012-09-07,1,70.65,3.689,130.9325484,5.765,0.14,78.3,189.31722115341364
32,2012-09-07,1,72.56,3.596,198.0950484,7.872,0.14,78.3,157.95677350037406
2,2012-09-07,1,87.65,3.73,222.0747635,6.565,0.14,78.3,182.54827247681965
40,2012-09-07,1,65.06,3.921,138.4729355,4.156,0.14,78.3,156.4415267626891
6,2012-09-07,1,86.33,3.73,224.0560076,5.668,0.14,78.3,174.3378905451641
17,2012-09-07,1,61.99,3.689,130.9325484,5.936,0.14,78.3,162.77986715355027
28,2012-09-07,1,88.52,4.124,130.9325484,10.926,0.14,78.3,170.0439201572754
45,2012-09-07,1,75.7,3.911,191.5776756,8.684,0.14,78.3,141.91582174959024
16,2012-09-07,1,60.09,3.596,198.0950484,6.061,0.14,78.3,128.5239483073909
11,2012-09-07,1,85.17,3.73,225.9660263,6.334,0.14,78.3,164.51627335908836
31,2012-09-07,1,88.4,3.73,222.0747635,6.565,0.14,78.3,166.36148890740444
27,2012-09-07,1,76.0,4.076,142.500303,8.239,0.14,78.3,180.99210158753058
30,2012-09-07,1,88.4,3.73,222.0747635,6.565,0.14,78.3,121.0585937788594
38,2012-09-07,1,88.52,4.124,130.9325484,10.926,0.14,78.3,125.2893430850818
14,2012-09-07,1,75.7,3.911,191.5776756,8.684,0.14,78.3,182.7007355447213
4,2012-09-07,1,82.09,3.709,130.9325484,4.077,0.14,78.3,188.32650492955455
19,2012-09-07,1,72.2,4.076,138.4729355,8.193,0.14,78.3,170.9161973246443
33,2012-09-07,1,92.02,4.124,130.9325484,7.147,0.14,78.3,107.78748872935402
1,2012-09-07,1,83.96,3.73,222.4390153,6.908,0.14,78.3,175.93140190223986
12,2012-09-07,1,88.52,4.124,130.9325484,10.926,0.14,78.3,150.87245182218282
44,2012-09-07,1,70.65,3.689,130.9325484,5.407,0.14,78.3,112.97807338093726
26,2012-09-07,1,61.58,3.921,138.4729355,7.405,0.14,78.3,156.1864879119619
41,2012-09-07,1,67.41,3.596,198.0950484,6.432,0.14,78.3,167.5072676178825
24,2012-09-07,1,72.81,4.076,138.4729355,8.953,0.14,78.3,170.2821344879976
8,2012-09-07,1,80.87,3.73,226.0153733,5.401,0.14,78.3,149.85426709062162
20,2012-09-07,1,76.36,3.911,215.2189573,7.28,0.14,78.3,187.22522872981745
15,2012-09-07,1,71.61,4.076,138.4729355,8.193,0.14,78.3,131.76325431710757
37,2012-09-07,1,84.19,3.73,221.1181142,6.623,0.14,78.3,127.83117290079282
3,2012-09-07,1,84.99,3.73,225.9660263,6.334,0.14,78.3,119.03709589362954
21,2012-09-07,1,88.4,3.73,222.0747635,6.565,0.14,78.3,135.12702480331592
7,2012-09-07,1,57.84,3.596,198.0950484,7.872,0.14,78.3,132.42333699293528
10,2012-09-07,1,83.07,4.124,130.9325484,7.17,0.14,78.3,177.28192346533518
35,2012-09-07,1,76.0,3.911,142.500303,8.839,0.14,78.3,152.16140491018575
25,2012-09-07,1,72.79,3.911,215.2189573,7.28,0.14,78.3,136.7794228054677
34,2012-09-14,0,64.28,3.706,130.9776667,9.285,0.14,78.3,150.875334625633
31,2012-09-14,0,76.1,3.717,222.2174395,6.565,0.14,78.3,165.31995576986807
45,2012-09-14,0,67.87,3.948,191.69985,8.684,0.14,78.3,138.49668823883596
17,2012-09-14,0,59.64,3.749,130.9776667,5.936,0.14,78.3,155.7505032864433
40,2012-09-14,0,59.38,3.988,138.5673,4.156,0.14,78.3,148.47685016953378
35,2012-09-14,0,68.72,3.948,142.5938833,8.839,0.14,78.3,144.68211253240446
28,2012-09-14,0,83.64,4.133,130.9776667,10.926,0.14,78.3,157.87788679134275
19,2012-09-14,0,65.08,4.088,138.5673,8.193,0.14,78.3,166.78614826423308
37,2012-09-14,0,78.16,3.717,221.2601207,6.623,0.14,78.3,126.99868883880228
13,2012-09-14,0,68.55,3.749,130.9776667,5.765,0.14,78.3,183.10859536709495
8,2012-09-14,0,67.21,3.717,226.1615981,5.401,0.14,78.3,147.6400911865997
1,2012-09-14,0,74.97,3.717,222.5820193,6.908,0.14,78.3,171.55717237615568
2,2012-09-14,0,75.88,3.717,222.2174395,6.565,0.14,78.3,180.2766450775277
44,2012-09-14,0,68.55,3.749,130.9776667,5.407,0.14,78.3,113.8101185308774
3,2012-09-14,0,78.36,3.717,226.1122067,6.334,0.14,78.3,118.98481562872209
43,2012-09-14,0,73.03,3.717,213.9332167,9.285,0.14,78.3,134.08354087293483
26,2012-09-14,0,57.69,3.988,138.5673,7.405,0.14,78.3,152.21713662818746
6,2012-09-14,0,76.41,3.717,224.2004678,5.668,0.14,78.3,166.9382787964445
10,2012-09-14,0,78.47,3.966,130.9776667,7.17,0.14,78.3,175.294946258855
32,2012-09-14,0,64.05,3.659,198.1267184,7.872,0.14,78.3,159.10165599082939
7,2012-09-14,0,53.66,3.659,198.1267184,7.872,0.14,78.3,128.78914590371605
20,2012-09-14,0,64.84,3.948,215.3583757,7.28,0.14,78.3,186.40941277844388
21,2012-09-14,0,76.1,3.717,222.2174395,6.565,0.14,78.3,134.28033628536048
23,2012-09-14,0,61.37,3.988,138.5673,4.156,0.14,78.3,163.61625380640322
24,2012-09-14,0,64.28,4.088,138.5673,8.953,0.14,78.3,162.3204682838027
9,2012-09-14,0,73.55,3.717,226.3567545,5.277,0.14,78.3,127.59959950022012
38,2012-09-14,0,83.64,4.133,130.9776667,10.926,0.14,78.3,120.85349794405688
16,2012-09-14,0,56.69,3.659,198.1267184,6.061,0.14,78.3,127.80996892505098
15,2012-09-14,0,65.44,4.088,138.5673,8.193,0.14,78.3,127.87664329328857
29,2012-09-14,0,66.42,3.988,138.5673,9.419,0.14,78.3,124.19573262949925
41,2012-09-14,0,59.39,3.659,198.1267184,6.432,0.14,78.3,164.5882924921436
25,2012-09-14,0,60.9,3.948,215.3583757,7.28,0.14,78.3,135.96477647461722
22,2012-09-14,0,66.42,3.988,142.5938833,7.753,0.14,78.3,149.220099676392
12,2012-09-14,0,83.64,4.133,130.9776667,10.926,0.14,78.3,147.74793790057754
42,2012-09-14,0,78.47,3.966,130.9776667,7.17,0.14,78.3,131.73056602461725
33,2012-09-14,0,83.4,3.966,130.9776667,7.147,0.14,78.3,106.82481034121142
4,2012-09-14,0,68.2,3.706,130.9776667,4.077,0.14,78.3,188.14853874247123
39,2012-09-14,0,76.71,3.717,221.2601207,6.623,0.14,78.3,169.33182391424157
14,2012-09-14,0,67.87,3.948,191.69985,8.684,0.14,78.3,172.71767269653347
5,2012-09-14,0,76.65,3.717,223.1734167,5.603,0.14,78.3,109.17614161455748
30,2012-09-14,0,76.1,3.717,222.2174395,6.565,0.14,78.3,121.38590921493098
11,2012-09-14,0,79.61,3.717,226.1122067,6.334,0.14,78.3,163.21152821517316
27,2012-09-14,0,68.72,4.088,142.5938833,8.239,0.14,78.3,171.6253110155825
36,2012-09-14,0,78.16,3.692,221.2601207,6.623,0.14,78.3,109.38938499907631
18,2012-09-14,0,64.45,3.988,138.5673,8.535,0.14,78.3,151.10599979241678
22,2012-09-21,0,63.38,4.056,142.6798167,7.753,0.14,78.3,149.38090259692643
35,2012-09-21,0,66.1,4.038,142.6798167,8.839,0.14,78.3,142.21343836764063
23,2012-09-21,0,56.8,4.056,138.6534,4.156,0.14,78.3,165.69606300786734
45,2012-09-21,0,65.32,4.038,191.8567038,8.684,0.14,78.3,139.6298281306814
10,2012-09-21,0,81.93,4.125,131.0103333,7.17,0.14,78.3,176.226674853862
34,2012-09-21,0,66.08,3.721,131.0103333,9.285,0.14,78.3,150.338794838578
24,2012-09-21,0,61.25,4.203,138.6534,8.953,0.14,78.3,162.97830112380484
44,2012-09-21,0,67.96,3.821,131.0103333,5.407,0.14,78.3,112.72317030093645
1,2012-09-21,0,69.87,3.721,222.7818386,6.908,0.14,78.3,171.20202906670684
12,2012-09-21,0,82.97,4.125,131.0103333,10.926,0.14,78.3,149.4314804205627
33,2012-09-21,0,86.53,4.125,131.0103333,7.147,0.14,78.3,104.06282114595194
32,2012-09-21,0,63.49,3.765,198.358523,7.872,0.14,78.3,159.2063055092392
13,2012-09-21,0,67.96,3.821,131.0103333,5.765,0.14,78.3,183.5942886461111
21,2012-09-21,0,71.54,3.721,222.4169362,6.565,0.14,78.3,136.53299383922837
11,2012-09-21,0,73.64,3.721,226.3151496,6.334,0.14,78.3,165.2656220216876
17,2012-09-21,0,58.43,3.821,131.0103333,5.936,0.14,78.3,150.12815182225393
27,2012-09-21,0,66.1,4.203,142.6798167,8.239,0.14,78.3,172.8004788495402
7,2012-09-21,0,51.77,3.765,198.358523,7.872,0.14,78.3,128.10163954094872
26,2012-09-21,0,52.68,4.056,138.6534,7.405,0.14,78.3,151.13257968156617
8,2012-09-21,0,66.96,3.721,226.3645848,5.401,0.14,78.3,146.42947003506112
20,2012-09-21,0,60.94,4.038,215.5475459,7.28,0.14,78.3,185.92005864157719
40,2012-09-21,0,54.12,4.056,138.6534,4.156,0.14,78.3,148.38788821873032
9,2012-09-21,0,69.92,3.721,226.5599138,5.277,0.14,78.3,128.29758138304956
25,2012-09-21,0,57.6,4.038,215.5475459,7.28,0.14,78.3,136.3955902201572
36,2012-09-21,0,75.98,3.709,221.4578604,6.623,0.14,78.3,108.55914373445108
37,2012-09-21,0,75.98,3.721,221.4578604,6.623,0.14,78.3,127.45603914742175
18,2012-09-21,0,60.23,4.056,138.6534,8.535,0.14,78.3,151.5811394183877
16,2012-09-21,0,56.48,3.765,198.358523,6.061,0.14,78.3,126.67314384253959
3,2012-09-21,0,72.78,3.721,226.3151496,6.334,0.14,78.3,119.53701001590346
31,2012-09-21,0,71.54,3.721,222.4169362,6.565,0.14,78.3,166.86747437100433
29,2012-09-21,0,63.38,4.056,138.6534,9.419,0.14,78.3,125.20392753454509
39,2012-09-21,0,73.58,3.721,221.4578604,6.623,0.14,78.3,172.74470516370684
5,2012-09-21,0,71.09,3.721,223.3737593,5.603,0.14,78.3,109.9359550925675
42,2012-09-21,0,81.93,4.125,131.0103333,7.17,0.14,78.3,127.85335482417588
43,2012-09-21,0,75.87,3.721,214.1192333,9.285,0.14,78.3,132.67679185974407
14,2012-09-21,0,65.32,4.038,191.8567038,8.684,0.14,78.3,173.04190554704542
30,2012-09-21,0,71.54,3.721,222.4169362,6.565,0.14,78.3,121.8578040987946
15,2012-09-21,0,60.34,4.203,138.6534,8.193,0.14,78.3,128.25762864814894
19,2012-09-21,0,60.62,4.203,138.6534,8.193,0.14,78.3,165.69416574556402
41,2012-09-21,0,59.81,3.765,198.358523,6.432,0.14,78.3,163.52986965523363
4,2012-09-21,0,68.97,3.721,131.0103333,4.077,0.14,78.3,188.18745677885983
2,2012-09-21,0,71.09,3.721,222.4169362,6.565,0.14,78.3,180.67728457399497
28,2012-09-21,0,82.97,4.125,131.0103333,10.926,0.14,78.3,158.2927220924795
6,2012-09-21,0,70.81,3.721,224.4017192,5.668,0.14,78.3,168.6140473617015
38,2012-09-21,0,82.97,4.125,131.0103333,10.926,0.14,78.3,119.14881015116545
4,2012-09-28,0,71.74,3.666,131.043,4.077,0.14,78.3,185.89553033982372
39,2012-09-28,0,78.04,3.666,221.6556,6.623,0.14,78.3,170.86976504058094
10,2012-09-28,0,82.52,3.966,131.043,7.17,0.14,78.3,176.8950474556473
29,2012-09-28,0,62.17,4.018,138.7395,9.419,0.14,78.3,125.24645462393258
31,2012-09-28,0,80.38,3.666,222.6164329,6.565,0.14,78.3,163.61763581426356
30,2012-09-28,0,80.38,3.666,222.6164329,6.565,0.14,78.3,120.41748836002319
12,2012-09-28,0,81.22,3.966,131.043,10.926,0.14,78.3,147.49334647704228
14,2012-09-28,0,64.88,3.997,192.0135577,8.684,0.14,78.3,171.71626648449254
3,2012-09-28,0,77.46,3.666,226.5180926,6.334,0.14,78.3,117.50951818047254
16,2012-09-28,0,51.4,3.789,198.5903276,6.061,0.14,78.3,123.79093095158063
44,2012-09-28,0,64.8,3.821,131.043,5.407,0.14,78.3,114.49973532715602
35,2012-09-28,0,64.92,3.997,142.76575,8.839,0.14,78.3,144.31492162949894
18,2012-09-28,0,58.24,4.018,138.7395,8.535,0.14,78.3,152.93015894203998
23,2012-09-28,0,53.71,4.018,138.7395,4.156,0.14,78.3,165.01977929128628
7,2012-09-28,0,50.64,3.789,198.5903276,7.872,0.14,78.3,127.74355649326358
42,2012-09-28,0,82.52,3.966,131.043,7.17,0.14,78.3,126.39740368470811
19,2012-09-28,0,56.81,4.158,138.7395,8.193,0.14,78.3,165.68478262512483
41,2012-09-28,0,56.08,3.789,198.5903276,6.432,0.14,78.3,164.633135129227
37,2012-09-28,0,79.49,3.666,221.6556,6.623,0.14,78.3,127.90663814216549
22,2012-09-28,0,62.17,4.018,142.76575,7.753,0.14,78.3,151.8015961506701
27,2012-09-28,0,64.92,4.158,142.76575,8.239,0.14,78.3,172.28196031031825
1,2012-09-28,0,76.08,3.666,222.9816579,6.908,0.14,78.3,168.98862316124362
8,2012-09-28,0,71.1,3.666,226.5675714,5.401,0.14,78.3,147.69374019175834
26,2012-09-28,0,50.66,4.018,138.7395,7.405,0.14,78.3,151.2915585937321
38,2012-09-28,0,81.22,3.966,131.043,10.926,0.14,78.3,118.23381822904068
15,2012-09-28,0,57.13,4.158,138.7395,8.193,0.14,78.3,129.63098669281422
2,2012-09-28,0,79.45,3.666,222.6164329,6.565,0.14,78.3,178.37074475980657
33,2012-09-28,0,86.42,3.966,131.043,7.147,0.14,78.3,102.90124484603604
34,2012-09-28,0,67.06,3.666,131.043,9.285,0.14,78.3,149.69623726732237
9,2012-09-28,0,76.8,3.666,226.7630732,5.277,0.14,78.3,127.11631697205762
25,2012-09-28,0,54.52,3.997,215.7367162,7.28,0.14,78.3,137.44594148179814
21,2012-09-28,0,80.38,3.666,222.6164329,6.565,0.14,78.3,135.37663003990636
36,2012-09-28,0,79.49,3.66,221.6556,6.623,0.14,78.3,106.08981697488686
43,2012-09-28,0,77.55,3.666,214.30525,9.285,0.14,78.3,131.1672485892488
6,2012-09-28,0,77.82,3.666,224.6029706,5.668,0.14,78.3,166.73476706216766
28,2012-09-28,0,81.22,3.966,131.043,10.926,0.14,78.3,158.06655221811587
20,2012-09-28,0,58.65,3.997,215.7367162,7.28,0.14,78.3,185.40496689606445
13,2012-09-28,0,64.8,3.821,131.043,5.765,0.14,78.3,183.3128091060033
17,2012-09-28,0,57.77,3.821,131.043,5.936,0.14,78.3,151.63877501185183
40,2012-09-28,0,50.98,4.018,138.7395,4.156,0.14,78.3,149.2899307889221
24,2012-09-28,0,58.86,4.158,138.7395,8.953,0.14,78.3,162.91084917985012
5,2012-09-28,0,78.33,3.666,223.5741019,5.603,0.14,78.3,110.21940554829317
11,2012-09-28,0,77.67,3.666,226.5180926,6.334,0.14,78.3,161.75695352627798
32,2012-09-28,0,60.62,3.789,198.5903276,7.872,0.14,78.3,159.12967355443658
45,2012-09-28,0,64.88,3.997,192.0135577,8.684,0.14,78.3,139.09408210043364
15,2012-10-05,0,59.57,4.151,138.8256,7.992,0.16,82.6,130.89460195116553
8,2012-10-05,0,61.41,3.617,226.7705581,5.124,0.16,82.6,151.79971713180612
6,2012-10-05,0,70.84,3.617,224.804222,5.329,0.16,82.6,171.58063335440917
36,2012-10-05,0,73.57,3.611,221.8533396,6.228,0.16,82.6,106.79457069548765
2,2012-10-05,0,70.27,3.617,222.8159296,6.17,0.16,82.6,185.1482783109585
26,2012-10-05,0,54.07,4.027,138.8256,7.138,0.16,82.6,156.73051275566525
32,2012-10-05,0,55.34,3.779,198.8221322,7.557,0.16,82.6,160.8485664397016
30,2012-10-05,0,70.28,3.617,222.8159296,6.17,0.16,82.6,122.07675154539656
43,2012-10-05,0,74.09,3.617,214.4912667,8.839,0.16,82.6,135.11457838528696
7,2012-10-05,0,48.43,3.779,198.8221322,7.557,0.16,82.6,126.38708544350924
38,2012-10-05,0,81.61,3.966,131.0756667,10.199,0.16,82.6,122.96407849223435
33,2012-10-05,0,85.18,4.132,131.0756667,6.895,0.16,82.6,105.50986228637382
12,2012-10-05,0,81.61,3.966,131.0756667,10.199,0.16,82.6,151.94599785422312
1,2012-10-05,0,68.55,3.617,223.1814772,6.573,0.16,82.6,176.195378115478
28,2012-10-05,0,81.61,3.966,131.0756667,10.199,0.16,82.6,169.8269636942051
45,2012-10-05,0,64.89,3.985,192.1704115,8.667,0.16,82.6,140.18455740055822
13,2012-10-05,0,61.79,3.815,131.0756667,5.621,0.16,82.6,186.25734822669543
41,2012-10-05,0,50.14,3.779,198.8221322,6.195,0.16,82.6,167.77420825267802
19,2012-10-05,0,59.86,4.151,138.8256,7.992,0.16,82.6,168.0346775118913
17,2012-10-05,0,52.81,3.815,131.0756667,5.527,0.16,82.6,150.7609597626856
44,2012-10-05,0,61.79,3.815,131.0756667,5.217,0.16,82.6,112.85202504886593
14,2012-10-05,0,64.89,3.985,192.1704115,8.667,0.16,82.6,176.68453907015788
39,2012-10-05,0,72.05,3.617,221.8533396,6.228,0.16,82.6,173.31874536110521
10,2012-10-05,0,80.88,4.132,131.0756667,6.943,0.16,82.6,178.72340548970791
20,2012-10-05,0,60.77,3.985,215.9258865,7.293,0.16,82.6,191.24059416321205
5,2012-10-05,0,71.17,3.617,223.7744444,5.422,0.16,82.6,113.3790741173193
29,2012-10-05,0,62.09,4.027,138.8256,9.151,0.16,82.6,127.40904441535741
31,2012-10-05,0,70.28,3.617,222.8159296,6.17,0.16,82.6,166.53971402092338
11,2012-10-05,0,73.37,3.617,226.7210356,6.034,0.16,82.6,168.52185115885914
24,2012-10-05,0,60.35,4.151,138.8256,8.693,0.16,82.6,168.3220745905033
4,2012-10-05,0,63.07,3.62,131.0756667,3.879,0.16,82.6,190.37427292654633
16,2012-10-05,0,50.46,3.779,198.8221322,5.847,0.16,82.6,123.91406464407454
27,2012-10-05,0,64.5,4.151,142.8516833,8.0,0.16,82.6,173.84765565207138
34,2012-10-05,0,65.41,3.62,131.0756667,8.839,0.16,82.6,151.47304840219783
18,2012-10-05,0,59.68,4.027,138.8256,8.243,0.16,82.6,156.59927509888678
40,2012-10-05,0,57.21,4.027,138.8256,4.145,0.16,82.6,155.67256950084897
23,2012-10-05,0,56.65,4.027,138.8256,4.145,0.16,82.6,169.88086338993435
3,2012-10-05,0,72.74,3.617,226.7210356,6.034,0.16,82.6,121.83216681140811
42,2012-10-05,0,80.88,4.132,131.0756667,6.943,0.16,82.6,132.13131143377737
21,2012-10-05,0,70.28,3.617,222.8159296,6.17,0.16,82.6,135.6482973354025
9,2012-10-05,0,66.61,3.617,226.9662325,4.954,0.16,82.6,132.96883566106087
22,2012-10-05,0,62.09,4.027,142.8516833,7.543,0.16,82.6,153.227339692299
37,2012-10-05,0,73.57,3.617,221.8533396,6.228,0.16,82.6,129.1203099682594
35,2012-10-05,0,64.5,3.985,142.8516833,8.665,0.16,82.6,146.8206905990044
25,2012-10-05,0,57.58,3.985,215.9258865,7.293,0.16,82.6,138.34806557936346
18,2012-10-12,0,50.97,4.029,138.9117,8.243,0.16,82.6,155.8731158461149
45,2012-10-12,0,54.47,4.0,192.3272654,8.667,0.16,82.6,140.23824803996078
39,2012-10-12,0,69.88,3.601,222.0510793,6.228,0.16,82.6,170.83206932754865
5,2012-10-12,0,66.24,3.601,223.974787,5.422,0.16,82.6,111.70816345573789
6,2012-10-12,0,65.43,3.601,225.0054733,5.329,0.16,82.6,169.71280521774807
29,2012-10-12,0,54.18,4.029,138.9117,9.151,0.16,82.6,126.93562334969914
33,2012-10-12,0,79.64,4.468,131.1083333,6.895,0.16,82.6,108.34888086924003
12,2012-10-12,0,71.74,4.468,131.1083333,10.199,0.16,82.6,149.977355951464
38,2012-10-12,0,71.74,4.468,131.1083333,10.199,0.16,82.6,121.35080672876805
17,2012-10-12,0,44.82,3.797,131.1083333,5.527,0.16,82.6,149.30269848664724
28,2012-10-12,0,71.74,4.468,131.1083333,10.199,0.16,82.6,160.95097877835417
11,2012-10-12,0,69.94,3.601,226.9239785,6.034,0.16,82.6,164.77394448128413
41,2012-10-12,0,39.38,3.76,199.0539368,6.195,0.16,82.6,168.08525021131334
34,2012-10-12,0,59.94,3.603,131.1083333,8.839,0.16,82.6,150.58491098239045
22,2012-10-12,0,54.18,4.029,142.9376167,7.543,0.16,82.6,152.98029301237835
23,2012-10-12,0,48.1,4.029,138.9117,4.145,0.16,82.6,168.1969230261603
40,2012-10-12,0,47.35,4.029,138.9117,4.145,0.16,82.6,152.06213004668348
7,2012-10-12,0,41.43,3.76,199.0539368,7.557,0.16,82.6,126.22167771641007
16,2012-10-12,0,43.26,3.76,199.0539368,5.847,0.16,82.6,125.39930944676536
27,2012-10-12,0,55.4,4.186,142.9376167,8.0,0.16,82.6,175.88193563799686
15,2012-10-12,0,49.12,4.186,138.9117,7.992,0.16,82.6,129.4935006903379
36,2012-10-12,0,71.28,3.576,222.0510793,6.228,0.16,82.6,109.22067153294923
44,2012-10-12,0,55.1,3.797,131.1083333,5.217,0.16,82.6,112.89002996466412
3,2012-10-12,0,70.31,3.601,226.9239785,6.034,0.16,82.6,119.24662636164183
31,2012-10-12,0,61.53,3.601,223.0154263,6.17,0.16,82.6,167.80584788445262
13,2012-10-12,0,55.1,3.797,131.1083333,5.621,0.16,82.6,185.167721003153
43,2012-10-12,0,71.14,3.601,214.6772833,8.839,0.16,82.6,133.7339342538114
10,2012-10-12,0,76.03,4.468,131.1083333,6.943,0.16,82.6,177.44286403408236
14,2012-10-12,0,54.47,4.0,192.3272654,8.667,0.16,82.6,175.27767084496926
20,2012-10-12,0,47.2,4.0,216.1150568,7.293,0.16,82.6,189.2483983868678
1,2012-10-12,0,62.99,3.601,223.3812965,6.573,0.16,82.6,173.27798245940983
26,2012-10-12,0,45.19,4.029,138.9117,7.138,0.16,82.6,154.6744459182252
19,2012-10-12,0,48.29,4.186,138.9117,7.992,0.16,82.6,166.1811018782481
9,2012-10-12,0,60.09,3.601,227.1693919,4.954,0.16,82.6,129.92807746235852
21,2012-10-12,0,61.53,3.601,223.0154263,6.17,0.16,82.6,135.72217394649365
2,2012-10-12,0,60.97,3.601,223.0154263,6.17,0.16,82.6,182.60062800521385
4,2012-10-12,0,57.11,3.603,131.1083333,3.879,0.16,82.6,188.52044253410625
30,2012-10-12,0,61.53,3.601,223.0154263,6.17,0.16,82.6,121.13873775588256
25,2012-10-12,0,43.74,4.0,216.1150568,7.293,0.16,82.6,138.22565856670602
32,2012-10-12,0,43.49,3.76,199.0539368,7.557,0.16,82.6,159.87228096251684
24,2012-10-12,0,51.64,4.186,138.9117,8.693,0.16,82.6,168.3082576721748
42,2012-10-12,0,76.03,4.468,131.1083333,6.943,0.16,82.6,133.31140085872266
37,2012-10-12,0,71.28,3.601,222.0510793,6.228,0.16,82.6,127.48945724586592
35,2012-10-12,0,55.4,4.0,142.9376167,8.665,0.16,82.6,147.17691587349825
8,2012-10-12,0,55.03,3.601,226.9735448,5.124,0.16,82.6,149.64614130185103
35,2012-10-19,0,56.53,3.969,142.8633629,8.665,0.16,82.6,145.0589134645856
3,2012-10-19,0,73.44,3.594,226.9688442,6.034,0.16,82.6,120.34643504207692
10,2012-10-19,0,72.71,4.449,131.1499677,6.943,0.16,82.6,178.04083212835218
6,2012-10-19,0,69.68,3.594,225.0501013,5.329,0.16,82.6,168.9829085975453
36,2012-10-19,0,74.06,3.57,222.0951719,6.228,0.16,82.6,107.88571263719055
16,2012-10-19,0,40.59,3.75,199.1481963,5.847,0.16,82.6,131.12965924950993
42,2012-10-19,0,72.71,4.449,131.1499677,6.943,0.16,82.6,128.8081920515143
39,2012-10-19,0,71.45,3.594,222.0951719,6.228,0.16,82.6,173.41256233511461
29,2012-10-19,0,55.28,4.0,138.8336129,9.151,0.16,82.6,127.1539802956384
45,2012-10-19,0,56.47,3.969,192.3308542,8.667,0.16,82.6,139.36238301538125
14,2012-10-19,0,56.47,3.969,192.3308542,8.667,0.16,82.6,173.80097114347745
20,2012-10-19,0,56.26,3.969,216.1464699,7.293,0.16,82.6,185.1750016564751
9,2012-10-19,0,68.01,3.594,227.214288,4.954,0.16,82.6,128.84818110230236
5,2012-10-19,0,69.17,3.594,224.0192873,5.422,0.16,82.6,110.5387284023694
21,2012-10-19,0,68.52,3.594,223.0598077,6.17,0.16,82.6,135.04145963592836
40,2012-10-19,0,46.33,4.0,138.8336129,4.145,0.16,82.6,149.22557757794414
25,2012-10-19,0,51.93,3.969,216.1464699,7.293,0.16,82.6,137.57082371540497
11,2012-10-19,0,73.77,3.594,226.9688442,6.034,0.16,82.6,161.9265056354828
4,2012-10-19,0,64.46,3.61,131.1499677,3.879,0.16,82.6,187.64074635278803
31,2012-10-19,0,68.52,3.594,223.0598077,6.17,0.16,82.6,167.0581364787004
24,2012-10-19,0,52.59,4.153,138.8336129,8.693,0.16,82.6,162.77200857104935
22,2012-10-19,0,55.28,4.0,142.8633629,7.543,0.16,82.6,151.86845798944952
19,2012-10-19,0,53.44,4.153,138.8336129,7.992,0.16,82.6,165.09148099708128
13,2012-10-19,0,52.06,3.781,131.1499677,5.621,0.16,82.6,185.65130523520222
17,2012-10-19,0,48.16,3.781,131.1499677,5.527,0.16,82.6,150.96943771858062
1,2012-10-19,0,67.97,3.594,223.4257233,6.573,0.16,82.6,171.2632084548009
12,2012-10-19,0,68.66,4.449,131.1499677,10.199,0.16,82.6,151.12651920948838
32,2012-10-19,0,53.57,3.75,199.1481963,7.557,0.16,82.6,160.71914400511886
23,2012-10-19,0,47.89,4.0,138.8336129,4.145,0.16,82.6,166.53262367632712
33,2012-10-19,0,75.55,4.449,131.1499677,6.895,0.16,82.6,104.2593295453859
38,2012-10-19,0,68.66,4.449,131.1499677,10.199,0.16,82.6,120.68555296285427
28,2012-10-19,0,68.66,4.449,131.1499677,10.199,0.16,82.6,158.61641660639773
7,2012-10-19,0,43.01,3.75,199.1481963,7.557,0.16,82.6,127.12069985871152
15,2012-10-19,0,52.89,4.153,138.8336129,7.992,0.16,82.6,129.7451932667209
44,2012-10-19,0,52.06,3.781,131.1499677,5.217,0.16,82.6,111.5559713321963
8,2012-10-19,0,62.99,3.594,227.0184166,5.124,0.16,82.6,148.41270862465282
2,2012-10-19,0,68.08,3.594,223.0598077,6.17,0.16,82.6,181.1833272320038
30,2012-10-19,0,68.52,3.594,223.0598077,6.17,0.16,82.6,121.36760943734137
27,2012-10-19,0,56.53,4.153,142.8633629,8.0,0.16,82.6,174.70625252648705
41,2012-10-19,0,49.56,3.75,199.1481963,6.195,0.16,82.6,165.26784333921628
43,2012-10-19,0,71.25,3.594,214.7212488,8.839,0.16,82.6,134.0070879787846
18,2012-10-19,0,51.96,4.0,138.8336129,8.243,0.16,82.6,154.8414964331154
37,2012-10-19,0,74.06,3.594,222.0951719,6.228,0.16,82.6,129.5045975913116
34,2012-10-19,0,58.47,3.61,131.1499677,8.839,0.16,82.6,151.2387890952743
26,2012-10-19,0,43.51,4.0,138.8336129,7.138,0.16,82.6,151.7626341070286
21,2012-10-26,0,70.5,3.506,223.0783366,6.17,0.16,82.6,136.99014048076342
24,2012-10-26,0,55.16,4.071,138.7281613,8.693,0.16,82.6,164.60709051278022
32,2012-10-26,0,47.22,3.686,199.2195317,7.557,0.16,82.6,161.48383157524356
9,2012-10-26,0,69.52,3.506,227.2328068,4.954,0.16,82.6,129.35787832388712
17,2012-10-26,0,39.94,3.755,131.1930968,5.527,0.16,82.6,150.3572941611975
28,2012-10-26,0,65.95,4.301,131.1930968,10.199,0.16,82.6,161.25864971751392
36,2012-10-26,0,74.39,3.494,222.1136566,6.228,0.16,82.6,106.28866419638443
2,2012-10-26,0,69.79,3.506,223.0783366,6.17,0.16,82.6,180.81503415184108
39,2012-10-26,0,72.9,3.506,222.1136566,6.228,0.16,82.6,173.16889754306982
43,2012-10-26,0,69.17,3.506,214.7415392,8.839,0.16,82.6,131.78476096603495
6,2012-10-26,0,72.34,3.506,225.0686254,5.329,0.16,82.6,168.80471078754465
13,2012-10-26,0,46.97,3.755,131.1930968,5.621,0.16,82.6,186.08730239273638
4,2012-10-26,0,63.64,3.514,131.1930968,3.879,0.16,82.6,188.92439416760143
16,2012-10-26,0,40.99,3.686,199.2195317,5.847,0.16,82.6,124.24266471838537
11,2012-10-26,0,74.26,3.506,226.9873637,6.034,0.16,82.6,160.77258539449517
41,2012-10-26,0,41.8,3.686,199.2195317,6.195,0.16,82.6,164.93322171853453
33,2012-10-26,0,73.7,4.301,131.1930968,6.895,0.16,82.6,104.180829302128
12,2012-10-26,0,65.95,4.301,131.1930968,10.199,0.16,82.6,151.7245573706056
30,2012-10-26,0,70.5,3.506,223.0783366,6.17,0.16,82.6,121.51373333582718
15,2012-10-26,0,55.75,4.071,138.7281613,7.992,0.16,82.6,129.9286487279933
19,2012-10-26,0,56.49,4.071,138.7281613,7.992,0.16,82.6,165.12667638035677
26,2012-10-26,0,46.95,3.917,138.7281613,7.138,0.16,82.6,151.02476946425034
1,2012-10-26,0,69.16,3.506,223.4442513,6.573,0.16,82.6,170.80806794161182
44,2012-10-26,0,46.97,3.755,131.1930968,5.217,0.16,82.6,115.01647216965496
38,2012-10-26,0,65.95,4.301,131.1930968,10.199,0.16,82.6,119.77025895493276
7,2012-10-26,0,42.53,3.686,199.2195317,7.557,0.16,82.6,125.66393550421556
8,2012-10-26,0,64.74,3.506,227.0369359,5.124,0.16,82.6,148.01534482626838
37,2012-10-26,0,74.39,3.506,222.1136566,6.228,0.16,82.6,128.36339254223074
34,2012-10-26,0,57.95,3.514,131.1930968,8.839,0.16,82.6,150.95326004463251
27,2012-10-26,0,58.99,4.071,142.7624113,8.0,0.16,82.6,177.13126581973975
22,2012-10-26,0,57.58,3.917,142.7624113,7.543,0.16,82.6,156.68752467343796
23,2012-10-26,0,50.56,3.917,138.7281613,4.145,0.16,82.6,165.99839519910788
42,2012-10-26,0,70.5,4.301,131.1930968,6.943,0.16,82.6,127.00587722536422
35,2012-10-26,0,58.99,3.882,142.7624113,8.665,0.16,82.6,146.77697232505218
10,2012-10-26,0,70.5,4.301,131.1930968,6.943,0.16,82.6,178.31071240811596
3,2012-10-26,0,74.66,3.506,226.9873637,6.034,0.16,82.6,118.80837442818166
29,2012-10-26,0,57.58,3.917,138.7281613,9.151,0.16,82.6,128.37895160659005
31,2012-10-26,0,70.5,3.506,223.0783366,6.17,0.16,82.6,165.75114319134653
14,2012-10-26,0,58.85,3.882,192.3088989,8.667,0.16,82.6,177.16899048384064
20,2012-10-26,0,60.04,3.882,216.1515902,7.293,0.16,82.6,185.99770359445768
25,2012-10-26,0,56.69,3.882,216.1515902,7.293,0.16,82.6,137.761078983879
5,2012-10-26,0,71.7,3.506,224.0378139,5.422,0.16,82.6,111.14685130776348
40,2012-10-26,0,49.65,3.917,138.7281613,4.145,0.16,82.6,149.36521752819908
18,2012-10-26,0,56.09,3.917,138.7281613,8.243,0.16,82.6,157.98908626117472
45,2012-10-26,0,58.85,3.882,192.3088989,8.667,0.16,82.6,141.59370483132628
